item_id,fit_class,reserve_px
itm_00_000000,fits,255.26
itm_00_000001,overflows,208.19
itm_00_000002,overflows,44.63
itm_00_000003,fits,75.41
itm_00_000004,fits,49.78
itm_00_000005,fits,45.17
itm_00_000006,fits,75.11
itm_00_000007,wraps,393.69
itm_00_000008,fits,200.61
itm_00_000009,overflows,142.8
itm_00_000010,wraps,221.54
itm_00_000011,wraps,122.63
itm_00_000012,wraps,221.54
itm_00_000013,wraps,322.45
itm_00_000014,wraps,292.33
itm_00_000015,fits,54.05
itm_00_000016,fits,103.38
itm_00_000017,overflows,93.04
itm_00_000018,wraps,103.82
itm_00_000019,wraps,112.22
itm_00_000020,fits,190.29
itm_00_000021,overflows,92.93
itm_00_000022,overflows,134.67
itm_00_000023,wraps,180.95
itm_00_000024,wraps,158.72
itm_00_000025,wraps,81.11
itm_00_000026,wraps,99.68
itm_00_000027,wraps,143.2
itm_00_000028,overflows,111.67
itm_00_000029,fits,59.86
itm_00_000030,overflows,98.0
itm_00_000031,overflows,75.22
itm_00_000032,wraps,91.56
itm_00_000033,fits,45.28
itm_00_000034,fits,68.74
itm_00_000035,overflows,52.7
itm_00_000036,fits,68.17
itm_00_000037,fits,54.45
itm_00_000038,fits,105.17
itm_00_000039,overflows,83.43
itm_00_000040,fits,53.41
itm_00_000041,overflows,73.38
itm_00_000042,fits,76.65
itm_00_000043,fits,65.71
itm_00_000044,fits,39.39
itm_00_000045,fits,76.71
itm_00_000046,fits,54.18
itm_00_000047,overflows,72.19
itm_00_000048,overflows,55.45
itm_00_000049,fits,43.24
itm_00_000050,fits,55.46
itm_00_000051,overflows,53.78
itm_00_000052,overflows,92.58
itm_00_000053,fits,57.74
itm_00_000054,fits,76.97
itm_00_000055,overflows,69.74
itm_00_000056,fits,50.76
itm_00_000057,overflows,104.52
itm_00_000058,wraps,90.37
itm_00_000059,overflows,79.61
itm_00_000060,fits,68.23
itm_00_000061,wraps,196.89
itm_00_000062,overflows,45.83
itm_00_000063,wraps,93.8
itm_00_000064,overflows,123.34
itm_00_000065,wraps,72.72
itm_00_000066,fits,56.59
itm_00_000067,overflows,178.36
itm_00_000068,overflows,60.61
itm_00_000069,fits,66.34
itm_00_000070,fits,105.65
itm_00_000071,fits,105.26
itm_00_000072,fits,207.46
itm_00_000073,fits,141.6
itm_00_000074,wraps,106.21
itm_00_000075,wraps,68.1
itm_00_000076,fits,66.34
itm_00_000077,fits,51.26
itm_00_000078,wraps,95.13
itm_00_000079,wraps,230.4
itm_00_000080,wraps,151.5
itm_00_000081,overflows,119.68
itm_00_000082,fits,81.43
itm_00_000083,fits,65.66
itm_00_000084,fits,180.86
itm_00_000085,fits,76.1
itm_00_000086,overflows,75.22
itm_00_000087,wraps,91.56
itm_00_000088,wraps,70.82
itm_00_000089,fits,202.33
itm_00_000090,fits,73.65
itm_00_000091,fits,52.0
itm_00_000092,fits,57.94
itm_00_000093,wraps,213.67
itm_00_000094,fits,81.43
itm_00_000095,overflows,79.58
itm_00_000096,fits,104.87
itm_00_000097,wraps,63.13
itm_00_000098,fits,234.53
itm_00_000099,overflows,344.24
itm_00_000100,fits,77.2
itm_00_000101,fits,188.67
itm_00_000102,fits,81.43
itm_00_000103,fits,51.89
itm_00_000104,overflows,40.85
itm_00_000105,fits,76.1
itm_00_000106,overflows,202.26
itm_00_000107,overflows,85.66
itm_00_000108,wraps,79.98
itm_00_000109,overflows,46.33
itm_00_000110,fits,177.91
itm_00_000111,overflows,62.63
itm_00_000112,fits,46.18
itm_00_000113,fits,40.72
itm_00_000114,overflows,44.84
itm_00_000115,fits,111.91
itm_00_000116,fits,59.86
itm_00_000117,overflows,78.17
itm_00_000118,fits,72.24
itm_00_000119,overflows,102.79
itm_00_000120,fits,34.91
itm_00_000121,fits,25.94
itm_00_000122,fits,28.2
itm_00_000123,overflows,43.37
itm_00_000124,fits,60.01
itm_00_000125,fits,20.1
itm_00_000126,fits,61.48
itm_00_000127,fits,67.56
itm_00_000128,fits,112.89
itm_00_000129,wraps,184.17
itm_00_000130,overflows,240.07
itm_00_000131,wraps,344.35
itm_00_000132,wraps,234.66
itm_00_000133,wraps,325.25
itm_00_000134,wraps,407.75
itm_00_000135,wraps,472.2
itm_00_000136,fits,31.16
itm_00_000137,fits,157.26
itm_00_000138,fits,202.19
itm_00_000139,overflows,288.75
itm_00_000140,wraps,557.54
itm_00_000141,overflows,151.41
itm_00_000142,wraps,542.19
itm_00_000143,fits,105.67
itm_00_000144,wraps,168.44
itm_00_000145,overflows,415.16
itm_00_000146,wraps,409.06
itm_00_000147,wraps,562.31
itm_00_000148,wraps,245.71
itm_00_000149,wraps,153.46
itm_00_000150,overflows,206.01
itm_00_000151,fits,122.78
itm_00_000152,wraps,504.42
itm_00_000153,fits,164.14
itm_00_000154,overflows,241.8
itm_00_000155,fits,220.13
itm_00_000156,wraps,470.93
itm_00_000157,fits,167.48
itm_00_000158,overflows,367.88
itm_00_000159,fits,142.08
itm_00_000160,fits,194.45
itm_00_000161,wraps,140.93
itm_00_000162,fits,193.78
itm_00_000163,wraps,166.04
itm_00_000164,overflows,70.76
itm_00_000165,wraps,79.61
itm_00_000166,wraps,68.57
itm_00_000167,fits,56.94
itm_00_000168,wraps,85.08
itm_00_000169,wraps,86.52
itm_00_000170,fits,67.92
itm_00_000171,overflows,133.49
itm_00_000172,overflows,75.24
itm_00_000173,wraps,74.47
itm_00_000174,fits,73.2
itm_00_000175,overflows,77.13
itm_00_000176,overflows,93.56
itm_00_000177,wraps,85.96
itm_00_000178,fits,52.07
itm_00_000179,overflows,97.18
itm_00_000180,overflows,102.46
itm_00_000181,fits,56.63
itm_00_000182,overflows,197.75
itm_00_000183,wraps,109.36
itm_00_000184,wraps,257.82
itm_00_000185,wraps,433.48
itm_00_000186,overflows,100.12
itm_00_000187,wraps,180.56
itm_00_000188,overflows,358.96
itm_00_000189,wraps,92.31
itm_00_000190,wraps,255.2
itm_00_000191,wraps,83.88
itm_00_000192,fits,84.26
itm_00_000193,overflows,56.63
itm_00_000194,wraps,159.72
itm_00_000195,overflows,328.77
itm_00_000196,wraps,101.86
itm_00_000197,overflows,143.78
itm_00_000198,fits,120.11
itm_00_000199,wraps,262.96
itm_00_000200,wraps,495.53
itm_00_000201,overflows,336.26
itm_00_000202,wraps,396.01
itm_00_000203,overflows,250.01
itm_00_000204,wraps,305.37
itm_00_000205,overflows,201.94
itm_00_000206,fits,79.45
itm_00_000207,fits,78.43
itm_00_000208,fits,151.18
itm_00_000209,overflows,189.06
itm_00_000210,overflows,191.0
itm_00_000211,fits,171.38
itm_00_000212,overflows,108.35
itm_00_000213,fits,66.34
itm_00_000214,overflows,87.57
itm_00_000215,wraps,33.53
itm_00_000216,fits,62.05
itm_00_000217,overflows,39.58
itm_00_000218,overflows,66.65
itm_00_000219,wraps,137.74
itm_00_000220,wraps,191.38
itm_00_000221,overflows,169.97
itm_00_000222,wraps,400.68
itm_00_000223,overflows,108.04
itm_00_000224,wraps,537.14
itm_00_000225,overflows,69.92
itm_00_000226,overflows,141.72
itm_00_000227,fits,158.68
itm_00_000228,overflows,57.06
itm_00_000229,fits,83.53
itm_00_000230,overflows,52.17
itm_00_000231,overflows,63.3
itm_00_000232,overflows,58.98
itm_00_000233,overflows,214.22
itm_00_000234,fits,115.85
itm_00_000235,fits,66.49
itm_00_000236,overflows,297.01
itm_00_000237,fits,128.13
itm_00_000238,fits,127.32
itm_00_000239,wraps,163.5
itm_00_000240,fits,112.35
itm_00_000241,fits,58.56
itm_00_000242,fits,104.25
itm_00_000243,fits,67.45
itm_00_000244,fits,203.83
itm_00_000245,overflows,115.08
itm_00_000246,overflows,97.93
itm_00_000247,fits,99.51
itm_00_000248,fits,75.21
itm_00_000249,fits,114.96
itm_00_000250,overflows,168.31
itm_00_000251,fits,58.56
itm_00_000252,fits,58.56
itm_00_000253,fits,35.38
itm_00_000254,fits,26.44
itm_00_000255,fits,58.56
itm_00_000256,overflows,458.19
itm_00_000257,fits,182.22
itm_00_000258,wraps,55.74
itm_00_000259,fits,58.94
itm_01_000260,fits,54.48
itm_01_000261,wraps,445.51
itm_01_000262,overflows,171.32
itm_01_000263,fits,179.37
itm_01_000264,wraps,463.31
itm_01_000265,fits,176.04
itm_01_000266,overflows,133.42
itm_01_000267,fits,72.12
itm_01_000268,fits,212.84
itm_01_000269,overflows,134.25
itm_01_000270,overflows,47.58
itm_01_000271,fits,60.82
itm_01_000272,overflows,321.05
itm_01_000273,wraps,439.94
itm_01_000274,fits,44.38
itm_01_000275,wraps,564.03
itm_01_000276,wraps,370.93
itm_01_000277,fits,211.09
itm_01_000278,fits,55.89
itm_01_000279,overflows,223.85
itm_01_000280,wraps,121.65
itm_01_000281,fits,51.67
itm_01_000282,wraps,160.36
itm_01_000283,fits,181.31
itm_01_000284,fits,199.2
itm_01_000285,wraps,308.92
itm_01_000286,fits,87.0
itm_01_000287,overflows,167.57
itm_01_000288,fits,54.99
itm_01_000289,fits,173.39
itm_01_000290,wraps,92.18
itm_01_000291,fits,145.86
itm_01_000292,fits,99.92
itm_01_000293,wraps,132.14
itm_01_000294,overflows,50.23
itm_01_000295,wraps,134.98
itm_01_000296,fits,288.32
itm_01_000297,wraps,76.3
itm_01_000298,fits,167.81
itm_01_000299,overflows,146.1
itm_01_000300,wraps,136.36
itm_01_000301,wraps,300.3
itm_01_000302,wraps,82.0
itm_01_000303,fits,59.78
itm_01_000304,overflows,54.47
itm_01_000305,fits,49.93
itm_01_000306,fits,113.2
itm_01_000307,fits,55.3
itm_01_000308,fits,42.71
itm_01_000309,fits,62.58
itm_01_000310,fits,65.68
itm_01_000311,overflows,73.28
itm_01_000312,fits,56.72
itm_01_000313,fits,158.42
itm_01_000314,wraps,611.23
itm_01_000315,fits,177.98
itm_01_000316,wraps,255.93
itm_01_000317,fits,90.57
itm_01_000318,fits,66.67
itm_01_000319,overflows,126.34
itm_01_000320,fits,214.23
itm_01_000321,fits,45.44
itm_01_000322,overflows,63.41
itm_01_000323,wraps,214.13
itm_01_000324,overflows,54.13
itm_01_000325,overflows,162.37
itm_01_000326,fits,128.72
itm_01_000327,fits,74.22
itm_01_000328,wraps,77.55
itm_01_000329,fits,190.68
itm_01_000330,wraps,152.66
itm_01_000331,overflows,635.85
itm_01_000332,wraps,267.93
itm_01_000333,wraps,551.53
itm_01_000334,wraps,551.23
itm_01_000335,wraps,200.18
itm_01_000336,wraps,174.93
itm_01_000337,overflows,174.76
itm_01_000338,fits,61.42
itm_01_000339,fits,97.8
itm_01_000340,wraps,125.65
itm_01_000341,overflows,142.36
itm_01_000342,wraps,223.1
itm_01_000343,fits,123.8
itm_01_000344,wraps,81.18
itm_01_000345,fits,136.71
itm_01_000346,fits,177.05
itm_01_000347,fits,113.66
itm_01_000348,overflows,90.57
itm_01_000349,fits,68.14
itm_01_000350,fits,72.4
itm_01_000351,overflows,239.05
itm_01_000352,fits,90.57
itm_01_000353,overflows,359.56
itm_01_000354,fits,61.49
itm_01_000355,wraps,166.03
itm_01_000356,wraps,140.2
itm_01_000357,fits,130.33
itm_01_000358,wraps,83.37
itm_01_000359,overflows,61.68
itm_01_000360,fits,68.61
itm_01_000361,fits,73.73
itm_01_000362,fits,72.16
itm_01_000363,wraps,52.03
itm_01_000364,fits,90.57
itm_01_000365,fits,70.78
itm_01_000366,overflows,126.91
itm_01_000367,wraps,318.41
itm_01_000368,wraps,447.89
itm_01_000369,fits,112.86
itm_01_000370,overflows,70.96
itm_01_000371,fits,131.84
itm_01_000372,wraps,394.89
itm_01_000373,wraps,192.35
itm_01_000374,fits,58.09
itm_01_000375,fits,228.65
itm_01_000376,wraps,336.53
itm_01_000377,overflows,63.41
itm_01_000378,wraps,375.0
itm_01_000379,fits,43.92
itm_01_000380,fits,92.08
itm_01_000381,overflows,79.41
itm_01_000382,fits,44.38
itm_01_000383,overflows,133.07
itm_01_000384,overflows,95.98
itm_01_000385,overflows,44.38
itm_01_000386,fits,85.05
itm_01_000387,fits,103.0
itm_01_000388,wraps,172.36
itm_01_000389,wraps,470.57
itm_01_000390,fits,315.51
itm_01_000391,fits,182.04
itm_01_000392,fits,167.81
itm_01_000393,overflows,61.89
itm_01_000394,overflows,118.19
itm_01_000395,wraps,102.04
itm_01_000396,fits,44.38
itm_01_000397,overflows,39.93
itm_01_000398,fits,47.39
itm_01_000399,overflows,53.51
itm_01_000400,fits,67.73
itm_01_000401,fits,68.44
itm_01_000402,overflows,51.67
itm_01_000403,fits,113.87
itm_01_000404,overflows,181.49
itm_01_000405,overflows,147.96
itm_01_000406,fits,228.07
itm_01_000407,fits,108.77
itm_01_000408,fits,36.03
itm_01_000409,fits,106.54
itm_01_000410,fits,134.56
itm_01_000411,overflows,101.49
itm_01_000412,wraps,298.2
itm_01_000413,fits,103.12
itm_01_000414,fits,233.3
itm_01_000415,fits,128.6
itm_01_000416,fits,43.92
itm_01_000417,fits,47.24
itm_01_000418,fits,112.86
itm_01_000419,overflows,46.93
itm_01_000420,fits,54.7
itm_01_000421,overflows,81.71
itm_01_000422,fits,43.83
itm_01_000423,fits,193.88
itm_01_000424,fits,131.93
itm_01_000425,wraps,221.37
itm_01_000426,wraps,170.51
itm_01_000427,fits,132.42
itm_01_000428,fits,74.9
itm_01_000429,fits,51.0
itm_01_000430,fits,99.67
itm_01_000431,overflows,54.99
itm_01_000432,fits,77.38
itm_01_000433,overflows,113.27
itm_01_000434,fits,60.96
itm_01_000435,fits,69.65
itm_01_000436,fits,153.13
itm_01_000437,overflows,129.67
itm_01_000438,fits,55.55
itm_01_000439,fits,93.25
itm_01_000440,overflows,36.03
itm_01_000441,fits,176.26
itm_01_000442,overflows,65.24
itm_01_000443,fits,357.82
itm_01_000444,wraps,514.74
itm_01_000445,wraps,399.16
itm_01_000446,overflows,155.09
itm_01_000447,wraps,325.85
itm_01_000448,wraps,305.84
itm_01_000449,wraps,424.57
itm_01_000450,wraps,450.82
itm_01_000451,fits,141.25
itm_01_000452,wraps,156.61
itm_01_000453,wraps,109.0
itm_01_000454,wraps,181.99
itm_01_000455,wraps,60.63
itm_01_000456,overflows,212.7
itm_01_000457,overflows,94.28
itm_01_000458,wraps,120.34
itm_01_000459,overflows,207.9
itm_01_000460,wraps,250.39
itm_01_000461,fits,68.5
itm_01_000462,wraps,80.25
itm_01_000463,overflows,140.69
itm_01_000464,wraps,219.2
itm_01_000465,fits,72.16
itm_01_000466,fits,150.04
itm_01_000467,fits,80.43
itm_01_000468,wraps,396.97
itm_01_000469,fits,143.94
itm_01_000470,wraps,138.0
itm_01_000471,fits,292.34
itm_01_000472,fits,66.97
itm_01_000473,overflows,75.04
itm_01_000474,fits,25.8
itm_01_000475,fits,49.57
itm_01_000476,wraps,448.53
itm_01_000477,fits,57.72
itm_01_000478,fits,402.14
itm_01_000479,fits,157.06
itm_01_000480,fits,223.18
itm_01_000481,overflows,131.61
itm_01_000482,fits,53.48
itm_01_000483,overflows,277.95
itm_01_000484,fits,199.65
itm_01_000485,fits,108.35
itm_01_000486,fits,50.1
itm_01_000487,wraps,140.21
itm_01_000488,fits,151.79
itm_01_000489,fits,142.12
itm_01_000490,overflows,170.57
itm_01_000491,overflows,155.82
itm_01_000492,fits,134.98
itm_01_000493,overflows,102.12
itm_01_000494,fits,32.01
itm_01_000495,fits,30.81
itm_01_000496,fits,36.03
itm_01_000497,fits,52.44
itm_01_000498,fits,36.03
itm_01_000499,fits,181.34
itm_01_000500,overflows,429.28
itm_01_000501,fits,152.69
itm_01_000502,fits,44.95
itm_01_000503,wraps,199.14
itm_01_000504,fits,64.58
itm_01_000505,fits,63.03
itm_01_000506,fits,153.83
itm_01_000507,fits,136.92
itm_01_000508,overflows,115.61
itm_01_000509,fits,49.19
itm_01_000510,fits,92.22
itm_01_000511,fits,19.24
itm_01_000512,fits,19.24
itm_01_000513,fits,19.24
itm_01_000514,overflows,56.94
itm_01_000515,overflows,80.53
itm_01_000516,fits,67.17
itm_01_000517,overflows,184.35
itm_01_000518,wraps,169.01
itm_01_000519,fits,166.87
itm_02_000520,overflows,582.84
itm_02_000521,overflows,241.78
itm_02_000522,overflows,66.44
itm_02_000523,overflows,118.4
itm_02_000524,overflows,181.12
itm_02_000525,fits,263.79
itm_02_000526,overflows,159.95
itm_02_000527,overflows,185.02
itm_02_000528,overflows,103.3
itm_02_000529,fits,83.8
itm_02_000530,fits,76.47
itm_02_000531,overflows,391.97
itm_02_000532,fits,51.65
itm_02_000533,wraps,83.66
itm_02_000534,fits,158.56
itm_02_000535,overflows,167.99
itm_02_000536,overflows,99.96
itm_02_000537,wraps,589.66
itm_02_000538,overflows,286.79
itm_02_000539,wraps,264.17
itm_02_000540,fits,105.79
itm_02_000541,overflows,111.03
itm_02_000542,wraps,153.6
itm_02_000543,fits,68.98
itm_02_000544,overflows,96.38
itm_02_000545,overflows,121.6
itm_02_000546,overflows,112.75
itm_02_000547,fits,166.44
itm_02_000548,fits,198.03
itm_02_000549,overflows,107.97
itm_02_000550,wraps,196.17
itm_02_000551,overflows,309.2
itm_02_000552,fits,106.11
itm_02_000553,overflows,167.02
itm_02_000554,overflows,87.06
itm_02_000555,wraps,348.93
itm_02_000556,fits,63.93
itm_02_000557,overflows,70.35
itm_02_000558,wraps,461.79
itm_02_000559,overflows,173.57
itm_02_000560,overflows,63.93
itm_02_000561,overflows,113.84
itm_02_000562,fits,227.81
itm_02_000563,overflows,227.81
itm_02_000564,wraps,172.38
itm_02_000565,overflows,79.95
itm_02_000566,wraps,84.55
itm_02_000567,fits,109.14
itm_02_000568,fits,51.16
itm_02_000569,overflows,69.17
itm_02_000570,fits,61.8
itm_02_000571,overflows,87.26
itm_02_000572,overflows,51.65
itm_02_000573,fits,69.24
itm_02_000574,overflows,191.65
itm_02_000575,overflows,707.14
itm_02_000576,fits,105.79
itm_02_000577,wraps,87.14
itm_02_000578,overflows,424.54
itm_02_000579,fits,128.13
itm_02_000580,overflows,192.32
itm_02_000581,overflows,125.19
itm_02_000582,wraps,146.46
itm_02_000583,overflows,109.68
itm_02_000584,wraps,208.47
itm_02_000585,wraps,212.29
itm_02_000586,fits,64.52
itm_02_000587,overflows,167.41
itm_02_000588,overflows,70.61
itm_02_000589,overflows,51.65
itm_02_000590,fits,141.98
itm_02_000591,wraps,368.23
itm_02_000592,overflows,87.06
itm_02_000593,overflows,186.51
itm_02_000594,fits,70.35
itm_02_000595,overflows,105.79
itm_02_000596,fits,85.49
itm_02_000597,overflows,607.1
itm_02_000598,overflows,91.21
itm_02_000599,fits,95.03
itm_02_000600,overflows,105.79
itm_02_000601,overflows,67.06
itm_02_000602,wraps,304.6
itm_02_000603,wraps,238.97
itm_02_000604,wraps,499.4
itm_02_000605,wraps,316.66
itm_02_000606,overflows,243.76
itm_02_000607,overflows,206.39
itm_02_000608,overflows,83.97
itm_02_000609,overflows,85.29
itm_02_000610,overflows,84.99
itm_02_000611,fits,67.41
itm_02_000612,fits,130.31
itm_02_000613,wraps,235.62
itm_02_000614,wraps,109.18
itm_02_000615,fits,67.41
itm_02_000616,overflows,180.03
itm_02_000617,fits,253.2
itm_02_000618,fits,105.79
itm_02_000619,overflows,399.86
itm_02_000620,overflows,141.41
itm_02_000621,overflows,571.56
itm_02_000622,fits,207.45
itm_02_000623,wraps,147.48
itm_02_000624,fits,105.79
itm_02_000625,overflows,200.91
itm_02_000626,wraps,557.82
itm_02_000627,fits,143.39
itm_02_000628,overflows,182.83
itm_02_000629,overflows,195.85
itm_02_000630,overflows,79.95
itm_02_000631,wraps,102.6
itm_02_000632,overflows,220.05
itm_02_000633,fits,67.06
itm_02_000634,fits,67.06
itm_02_000635,fits,79.96
itm_02_000636,fits,88.76
itm_02_000637,overflows,244.58
itm_02_000638,overflows,335.37
itm_02_000639,overflows,221.46
itm_02_000640,overflows,85.78
itm_02_000641,wraps,338.9
itm_02_000642,wraps,71.73
itm_02_000643,overflows,88.47
itm_02_000644,fits,304.53
itm_02_000645,fits,61.79
itm_02_000646,fits,69.7
itm_02_000647,wraps,282.56
itm_02_000648,overflows,416.09
itm_02_000649,fits,77.08
itm_02_000650,overflows,250.22
itm_02_000651,wraps,325.63
itm_02_000652,overflows,86.32
itm_02_000653,overflows,161.23
itm_02_000654,fits,66.23
itm_02_000655,overflows,77.08
itm_02_000656,wraps,108.07
itm_02_000657,overflows,171.46
itm_02_000658,overflows,293.0
itm_02_000659,overflows,154.77
itm_02_000660,fits,135.63
itm_02_000661,fits,152.88
itm_02_000662,overflows,150.11
itm_02_000663,overflows,63.93
itm_02_000664,fits,227.05
itm_02_000665,fits,228.46
itm_02_000666,wraps,141.79
itm_02_000667,fits,191.08
itm_02_000668,wraps,418.85
itm_02_000669,overflows,212.64
itm_02_000670,overflows,64.23
itm_02_000671,fits,66.23
itm_02_000672,overflows,182.99
itm_02_000673,fits,132.18
itm_02_000674,overflows,173.69
itm_02_000675,fits,41.68
itm_02_000676,overflows,225.47
itm_02_000677,overflows,153.13
itm_02_000678,overflows,245.49
itm_02_000679,overflows,161.65
itm_02_000680,overflows,66.44
itm_02_000681,fits,133.8
itm_02_000682,wraps,333.97
itm_02_000683,fits,96.91
itm_02_000684,overflows,157.48
itm_02_000685,fits,77.79
itm_02_000686,fits,140.61
itm_02_000687,fits,146.44
itm_02_000688,fits,195.29
itm_02_000689,overflows,255.57
itm_02_000690,overflows,83.72
itm_02_000691,fits,215.74
itm_02_000692,overflows,156.89
itm_02_000693,overflows,115.79
itm_02_000694,overflows,187.92
itm_02_000695,fits,102.0
itm_02_000696,fits,60.29
itm_02_000697,overflows,143.56
itm_02_000698,fits,164.62
itm_02_000699,wraps,273.17
itm_02_000700,overflows,405.19
itm_02_000701,overflows,185.38
itm_02_000702,overflows,210.09
itm_02_000703,wraps,226.9
itm_02_000704,fits,86.0
itm_02_000705,overflows,125.79
itm_02_000706,fits,182.28
itm_02_000707,overflows,92.12
itm_02_000708,fits,140.43
itm_02_000709,fits,133.63
itm_02_000710,fits,160.87
itm_02_000711,overflows,68.12
itm_02_000712,overflows,206.87
itm_02_000713,fits,37.27
itm_02_000714,fits,112.78
itm_02_000715,overflows,72.27
itm_02_000716,fits,173.14
itm_02_000717,overflows,98.02
itm_02_000718,overflows,75.18
itm_02_000719,wraps,191.52
itm_02_000720,overflows,163.5
itm_02_000721,fits,116.2
itm_02_000722,overflows,207.78
itm_02_000723,overflows,184.45
itm_02_000724,wraps,270.04
itm_02_000725,overflows,43.4
itm_02_000726,wraps,262.48
itm_02_000727,wraps,275.4
itm_02_000728,overflows,307.92
itm_02_000729,wraps,411.1
itm_02_000730,overflows,190.79
itm_02_000731,overflows,716.7
itm_02_000732,wraps,536.97
itm_02_000733,overflows,262.46
itm_02_000734,wraps,555.53
itm_02_000735,fits,203.2
itm_02_000736,fits,67.66
itm_02_000737,fits,91.21
itm_02_000738,overflows,201.5
itm_02_000739,overflows,102.07
itm_02_000740,overflows,88.24
itm_02_000741,overflows,380.63
itm_02_000742,wraps,205.31
itm_02_000743,overflows,95.62
itm_02_000744,overflows,227.35
itm_02_000745,fits,85.66
itm_02_000746,overflows,89.99
itm_02_000747,overflows,56.93
itm_02_000748,fits,78.54
itm_02_000749,overflows,274.96
itm_02_000750,wraps,513.38
itm_02_000751,overflows,132.59
itm_02_000752,wraps,208.54
itm_02_000753,overflows,308.41
itm_02_000754,overflows,221.36
itm_02_000755,fits,69.7
itm_02_000756,overflows,90.0
itm_02_000757,overflows,203.37
itm_02_000758,overflows,128.16
itm_02_000759,fits,41.68
itm_02_000760,fits,55.76
itm_02_000761,overflows,145.21
itm_02_000762,overflows,129.39
itm_02_000763,overflows,184.73
itm_02_000764,overflows,101.85
itm_02_000765,fits,41.68
itm_02_000766,overflows,49.87
itm_02_000767,fits,41.68
itm_02_000768,wraps,185.32
itm_02_000769,fits,188.69
itm_02_000770,overflows,280.93
itm_02_000771,overflows,252.98
itm_02_000772,overflows,324.9
itm_02_000773,overflows,123.24
itm_02_000774,overflows,100.75
itm_02_000775,fits,22.12
itm_02_000776,fits,60.23
itm_02_000777,overflows,96.21
itm_02_000778,fits,129.55
itm_02_000779,fits,98.2
itm_03_000780,overflows,194.78
itm_03_000781,fits,73.67
itm_03_000782,overflows,239.03
itm_03_000783,overflows,248.28
itm_03_000784,overflows,173.82
itm_03_000785,overflows,231.39
itm_03_000786,overflows,58.67
itm_03_000787,overflows,76.31
itm_03_000788,overflows,204.02
itm_03_000789,overflows,179.95
itm_03_000790,overflows,129.05
itm_03_000791,overflows,322.93
itm_03_000792,overflows,280.53
itm_03_000793,wraps,191.7
itm_03_000794,overflows,80.14
itm_03_000795,overflows,92.86
itm_03_000796,wraps,304.23
itm_03_000797,overflows,88.89
itm_03_000798,overflows,515.08
itm_03_000799,overflows,247.8
itm_03_000800,fits,191.5
itm_03_000801,wraps,294.17
itm_03_000802,fits,205.09
itm_03_000803,fits,234.0
itm_03_000804,overflows,94.97
itm_03_000805,overflows,140.5
itm_03_000806,overflows,101.13
itm_03_000807,overflows,249.04
itm_03_000808,overflows,203.89
itm_03_000809,overflows,269.2
itm_03_000810,overflows,204.44
itm_03_000811,overflows,284.8
itm_03_000812,overflows,196.36
itm_03_000813,wraps,127.06
itm_03_000814,wraps,230.03
itm_03_000815,overflows,215.61
itm_03_000816,overflows,470.43
itm_03_000817,overflows,72.09
itm_03_000818,wraps,169.27
itm_03_000819,overflows,113.33
itm_03_000820,wraps,190.06
itm_03_000821,fits,333.92
itm_03_000822,overflows,196.22
itm_03_000823,fits,219.46
itm_03_000824,overflows,127.02
itm_03_000825,overflows,202.45
itm_03_000826,fits,192.0
itm_03_000827,overflows,277.32
itm_03_000828,overflows,129.68
itm_03_000829,wraps,349.13
itm_03_000830,wraps,276.03
itm_03_000831,fits,364.57
itm_03_000832,fits,358.39
itm_03_000833,overflows,201.96
itm_03_000834,overflows,52.65
itm_03_000835,overflows,112.37
itm_03_000836,overflows,122.97
itm_03_000837,overflows,161.79
itm_03_000838,overflows,165.4
itm_03_000839,overflows,444.63
itm_03_000840,overflows,157.32
itm_03_000841,overflows,90.69
itm_03_000842,fits,100.66
itm_03_000843,fits,252.27
itm_03_000844,overflows,125.33
itm_03_000845,overflows,255.05
itm_03_000846,fits,83.19
itm_03_000847,fits,89.42
itm_03_000848,overflows,73.47
itm_03_000849,overflows,110.04
itm_03_000850,wraps,202.99
itm_03_000851,fits,155.12
itm_03_000852,overflows,100.66
itm_03_000853,overflows,137.02
itm_03_000854,fits,265.6
itm_03_000855,overflows,141.41
itm_03_000856,overflows,94.19
itm_03_000857,overflows,70.94
itm_03_000858,fits,55.36
itm_03_000859,overflows,243.68
itm_03_000860,overflows,224.39
itm_03_000861,wraps,324.57
itm_03_000862,overflows,259.58
itm_03_000863,fits,100.36
itm_03_000864,overflows,255.0
itm_03_000865,overflows,105.88
itm_03_000866,fits,71.36
itm_03_000867,overflows,144.28
itm_03_000868,wraps,141.67
itm_03_000869,fits,144.28
itm_03_000870,overflows,485.65
itm_03_000871,overflows,459.35
itm_03_000872,fits,99.05
itm_03_000873,overflows,196.79
itm_03_000874,overflows,134.12
itm_03_000875,fits,100.66
itm_03_000876,overflows,250.65
itm_03_000877,fits,91.3
itm_03_000878,wraps,87.38
itm_03_000879,overflows,134.12
itm_03_000880,overflows,232.49
itm_03_000881,fits,94.61
itm_03_000882,fits,81.67
itm_03_000883,overflows,264.0
itm_03_000884,wraps,203.73
itm_03_000885,overflows,351.85
itm_03_000886,overflows,67.04
itm_03_000887,overflows,300.96
itm_03_000888,overflows,211.58
itm_03_000889,overflows,271.5
itm_03_000890,overflows,213.14
itm_03_000891,fits,64.33
itm_03_000892,overflows,207.53
itm_03_000893,overflows,152.25
itm_03_000894,overflows,206.77
itm_03_000895,overflows,90.24
itm_03_000896,fits,262.68
itm_03_000897,overflows,384.64
itm_03_000898,overflows,216.91
itm_03_000899,fits,100.66
itm_03_000900,wraps,380.26
itm_03_000901,wraps,357.79
itm_03_000902,overflows,336.69
itm_03_000903,wraps,181.87
itm_03_000904,overflows,94.66
itm_03_000905,wraps,337.74
itm_03_000906,fits,100.66
itm_03_000907,overflows,77.49
itm_03_000908,wraps,155.71
itm_03_000909,wraps,84.16
itm_03_000910,overflows,85.84
itm_03_000911,overflows,262.57
itm_03_000912,overflows,88.83
itm_03_000913,overflows,198.14
itm_03_000914,overflows,212.37
itm_03_000915,wraps,486.23
itm_03_000916,overflows,114.38
itm_03_000917,overflows,257.32
itm_03_000918,fits,227.93
itm_03_000919,fits,92.18
itm_03_000920,overflows,284.21
itm_03_000921,overflows,92.58
itm_03_000922,fits,96.1
itm_03_000923,fits,82.59
itm_03_000924,overflows,118.76
itm_03_000925,overflows,101.64
itm_03_000926,overflows,179.91
itm_03_000927,fits,70.26
itm_03_000928,overflows,130.04
itm_03_000929,overflows,72.53
itm_03_000930,overflows,165.18
itm_03_000931,fits,71.66
itm_03_000932,fits,155.31
itm_03_000933,fits,166.43
itm_03_000934,fits,166.3
itm_03_000935,overflows,201.04
itm_03_000936,overflows,262.9
itm_03_000937,fits,49.9
itm_03_000938,overflows,149.85
itm_03_000939,fits,143.2
itm_03_000940,wraps,406.7
itm_03_000941,wraps,167.39
itm_03_000942,fits,192.15
itm_03_000943,overflows,191.29
itm_03_000944,overflows,66.12
itm_03_000945,overflows,75.86
itm_03_000946,overflows,263.51
itm_03_000947,overflows,105.16
itm_03_000948,overflows,69.59
itm_03_000949,overflows,192.57
itm_03_000950,overflows,254.7
itm_03_000951,overflows,166.91
itm_03_000952,overflows,205.53
itm_03_000953,fits,205.12
itm_03_000954,overflows,313.99
itm_03_000955,overflows,75.06
itm_03_000956,overflows,81.81
itm_03_000957,wraps,503.24
itm_03_000958,fits,37.41
itm_03_000959,fits,121.54
itm_03_000960,overflows,187.32
itm_03_000961,fits,51.95
itm_03_000962,fits,187.74
itm_03_000963,overflows,216.96
itm_03_000964,fits,202.92
itm_03_000965,fits,55.07
itm_03_000966,fits,187.32
itm_03_000967,fits,83.37
itm_03_000968,fits,74.44
itm_03_000969,fits,186.16
itm_03_000970,overflows,158.17
itm_03_000971,fits,162.93
itm_03_000972,wraps,406.53
itm_03_000973,wraps,153.33
itm_03_000974,overflows,157.4
itm_03_000975,overflows,235.45
itm_03_000976,wraps,416.74
itm_03_000977,wraps,462.23
itm_03_000978,overflows,485.91
itm_03_000979,wraps,214.74
itm_03_000980,overflows,737.05
itm_03_000981,overflows,803.52
itm_03_000982,overflows,359.13
itm_03_000983,overflows,256.88
itm_03_000984,overflows,561.74
itm_03_000985,fits,165.95
itm_03_000986,overflows,567.23
itm_03_000987,overflows,165.2
itm_03_000988,overflows,69.5
itm_03_000989,overflows,85.07
itm_03_000990,overflows,99.82
itm_03_000991,overflows,256.28
itm_03_000992,wraps,152.03
itm_03_000993,overflows,436.47
itm_03_000994,wraps,141.42
itm_03_000995,wraps,270.13
itm_03_000996,overflows,310.88
itm_03_000997,overflows,194.18
itm_03_000998,wraps,311.04
itm_03_000999,overflows,138.45
itm_03_001000,overflows,300.02
itm_03_001001,overflows,236.58
itm_03_001002,overflows,221.19
itm_03_001003,fits,319.36
itm_03_001004,fits,71.36
itm_03_001005,fits,43.72
itm_03_001006,overflows,119.36
itm_03_001007,overflows,100.66
itm_03_001008,wraps,384.95
itm_03_001009,overflows,213.83
itm_03_001010,overflows,135.55
itm_03_001011,wraps,433.83
itm_03_001012,overflows,100.91
itm_03_001013,overflows,91.26
itm_03_001014,fits,258.91
itm_03_001015,wraps,173.55
itm_03_001016,overflows,165.91
itm_03_001017,overflows,232.08
itm_03_001018,overflows,188.44
itm_03_001019,overflows,242.15
itm_03_001020,overflows,294.59
itm_03_001021,fits,76.8
itm_03_001022,overflows,187.98
itm_03_001023,overflows,213.68
itm_03_001024,fits,54.37
itm_03_001025,overflows,181.89
itm_03_001026,fits,36.66
itm_03_001027,fits,34.18
itm_03_001028,overflows,353.74
itm_03_001029,wraps,98.97
itm_03_001030,overflows,90.69
itm_03_001031,fits,209.58
itm_03_001032,overflows,216.22
itm_03_001033,overflows,97.2
itm_03_001034,overflows,120.61
itm_03_001035,overflows,90.37
itm_03_001036,overflows,85.3
itm_03_001037,fits,98.26
itm_03_001038,overflows,114.8
itm_03_001039,fits,188.91
itm_04_001040,wraps,151.97
itm_04_001041,overflows,220.98
itm_04_001042,wraps,352.57
itm_04_001043,fits,177.42
itm_04_001044,overflows,136.66
itm_04_001045,wraps,496.59
itm_04_001046,fits,93.85
itm_04_001047,wraps,175.66
itm_04_001048,fits,63.48
itm_04_001049,fits,60.87
itm_04_001050,fits,63.48
itm_04_001051,fits,130.74
itm_04_001052,overflows,154.53
itm_04_001053,fits,62.21
itm_04_001054,overflows,88.23
itm_04_001055,fits,62.93
itm_04_001056,overflows,115.05
itm_04_001057,fits,75.05
itm_04_001058,overflows,75.05
itm_04_001059,fits,56.76
itm_04_001060,wraps,304.19
itm_04_001061,fits,62.99
itm_04_001062,overflows,132.92
itm_04_001063,overflows,72.32
itm_04_001064,fits,152.66
itm_04_001065,fits,124.86
itm_04_001066,overflows,356.02
itm_04_001067,overflows,211.98
itm_04_001068,overflows,137.82
itm_04_001069,wraps,224.43
itm_04_001070,wraps,115.04
itm_04_001071,fits,155.18
itm_04_001072,overflows,188.12
itm_04_001073,wraps,304.0
itm_04_001074,fits,111.01
itm_04_001075,fits,118.68
itm_04_001076,fits,192.84
itm_04_001077,wraps,74.94
itm_04_001078,wraps,74.3
itm_04_001079,fits,109.61
itm_04_001080,fits,92.9
itm_04_001081,fits,168.93
itm_04_001082,overflows,90.98
itm_04_001083,fits,155.72
itm_04_001084,wraps,64.04
itm_04_001085,wraps,319.71
itm_04_001086,fits,94.29
itm_04_001087,overflows,167.99
itm_04_001088,fits,89.38
itm_04_001089,wraps,146.1
itm_04_001090,overflows,143.43
itm_04_001091,overflows,103.22
itm_04_001092,wraps,128.21
itm_04_001093,wraps,155.06
itm_04_001094,overflows,60.87
itm_04_001095,wraps,71.35
itm_04_001096,wraps,62.3
itm_04_001097,overflows,73.68
itm_04_001098,fits,68.8
itm_04_001099,fits,68.83
itm_04_001100,fits,76.29
itm_04_001101,fits,77.88
itm_04_001102,fits,54.72
itm_04_001103,fits,57.15
itm_04_001104,fits,57.63
itm_04_001105,fits,68.4
itm_04_001106,fits,52.79
itm_04_001107,fits,104.07
itm_04_001108,fits,344.7
itm_04_001109,overflows,72.32
itm_04_001110,wraps,142.4
itm_04_001111,overflows,120.53
itm_04_001112,overflows,139.12
itm_04_001113,wraps,230.99
itm_04_001114,wraps,160.58
itm_04_001115,overflows,624.37
itm_04_001116,wraps,211.09
itm_04_001117,wraps,326.03
itm_04_001118,wraps,300.56
itm_04_001119,wraps,385.15
itm_04_001120,wraps,146.76
itm_04_001121,overflows,145.72
itm_04_001122,wraps,141.03
itm_04_001123,fits,114.76
itm_04_001124,overflows,492.74
itm_04_001125,wraps,218.94
itm_04_001126,fits,72.3
itm_04_001127,fits,194.26
itm_04_001128,wraps,129.95
itm_04_001129,wraps,91.6
itm_04_001130,fits,57.15
itm_04_001131,overflows,74.21
itm_04_001132,fits,64.27
itm_04_001133,fits,101.29
itm_04_001134,fits,93.85
itm_04_001135,overflows,226.77
itm_04_001136,fits,93.85
itm_04_001137,fits,56.23
itm_04_001138,overflows,248.92
itm_04_001139,wraps,101.15
itm_04_001140,fits,142.35
itm_04_001141,fits,119.46
itm_04_001142,fits,53.56
itm_04_001143,fits,108.55
itm_04_001144,fits,191.78
itm_04_001145,fits,141.99
itm_04_001146,fits,189.97
itm_04_001147,fits,148.76
itm_04_001148,overflows,144.43
itm_04_001149,fits,109.7
itm_04_001150,fits,104.66
itm_04_001151,overflows,122.71
itm_04_001152,wraps,174.52
itm_04_001153,overflows,171.64
itm_04_001154,fits,45.67
itm_04_001155,overflows,238.64
itm_04_001156,wraps,179.97
itm_04_001157,wraps,276.05
itm_04_001158,overflows,167.88
itm_04_001159,fits,109.32
itm_04_001160,fits,126.96
itm_04_001161,fits,43.15
itm_04_001162,fits,146.4
itm_04_001163,fits,60.15
itm_04_001164,fits,58.97
itm_04_001165,overflows,102.26
itm_04_001166,overflows,228.05
itm_04_001167,overflows,200.21
itm_04_001168,fits,219.55
itm_04_001169,wraps,134.7
itm_04_001170,fits,48.39
itm_04_001171,overflows,179.48
itm_04_001172,fits,117.5
itm_04_001173,fits,112.03
itm_04_001174,wraps,158.53
itm_04_001175,fits,115.85
itm_04_001176,overflows,178.02
itm_04_001177,overflows,86.56
itm_04_001178,fits,108.45
itm_04_001179,fits,162.09
itm_04_001180,fits,52.48
itm_04_001181,overflows,216.09
itm_04_001182,wraps,197.71
itm_04_001183,fits,74.12
itm_04_001184,fits,68.25
itm_04_001185,overflows,81.73
itm_04_001186,fits,229.06
itm_04_001187,fits,158.37
itm_04_001188,fits,74.74
itm_04_001189,wraps,442.13
itm_04_001190,overflows,43.91
itm_04_001191,overflows,46.11
itm_04_001192,fits,66.8
itm_04_001193,overflows,147.39
itm_04_001194,fits,85.59
itm_04_001195,fits,67.91
itm_04_001196,overflows,141.31
itm_04_001197,fits,165.99
itm_04_001198,fits,127.39
itm_04_001199,fits,59.82
itm_04_001200,overflows,57.12
itm_04_001201,fits,103.32
itm_04_001202,fits,50.02
itm_04_001203,overflows,77.3
itm_04_001204,overflows,45.67
itm_04_001205,fits,59.82
itm_04_001206,fits,122.49
itm_04_001207,fits,115.57
itm_04_001208,wraps,124.69
itm_04_001209,fits,112.62
itm_04_001210,overflows,168.31
itm_04_001211,fits,62.23
itm_04_001212,wraps,164.98
itm_04_001213,wraps,132.3
itm_04_001214,wraps,301.18
itm_04_001215,wraps,240.17
itm_04_001216,fits,290.11
itm_04_001217,fits,159.32
itm_04_001218,wraps,399.47
itm_04_001219,wraps,348.56
itm_04_001220,wraps,159.88
itm_04_001221,wraps,328.32
itm_04_001222,wraps,652.12
itm_04_001223,wraps,588.15
itm_04_001224,wraps,355.92
itm_04_001225,wraps,340.31
itm_04_001226,overflows,272.25
itm_04_001227,fits,157.79
itm_04_001228,overflows,247.96
itm_04_001229,wraps,247.86
itm_04_001230,overflows,360.5
itm_04_001231,wraps,79.97
itm_04_001232,wraps,74.93
itm_04_001233,wraps,92.36
itm_04_001234,fits,58.43
itm_04_001235,overflows,61.6
itm_04_001236,wraps,92.81
itm_04_001237,overflows,140.5
itm_04_001238,overflows,295.49
itm_04_001239,wraps,500.69
itm_04_001240,overflows,106.42
itm_04_001241,fits,73.03
itm_04_001242,overflows,161.1
itm_04_001243,overflows,154.78
itm_04_001244,wraps,513.98
itm_04_001245,fits,62.34
itm_04_001246,fits,65.6
itm_04_001247,overflows,93.85
itm_04_001248,overflows,398.48
itm_04_001249,fits,219.02
itm_04_001250,fits,77.67
itm_04_001251,wraps,545.73
itm_04_001252,fits,59.64
itm_04_001253,wraps,462.02
itm_04_001254,overflows,69.78
itm_04_001255,overflows,52.28
itm_04_001256,overflows,541.91
itm_04_001257,fits,247.37
itm_04_001258,fits,66.95
itm_04_001259,overflows,297.0
itm_04_001260,overflows,178.69
itm_04_001261,overflows,168.86
itm_04_001262,fits,149.76
itm_04_001263,fits,181.57
itm_04_001264,fits,55.8
itm_04_001265,fits,201.59
itm_04_001266,overflows,69.78
itm_04_001267,overflows,98.4
itm_04_001268,fits,101.04
itm_04_001269,fits,65.14
itm_04_001270,fits,103.95
itm_04_001271,overflows,132.57
itm_04_001272,wraps,162.27
itm_04_001273,fits,140.95
itm_04_001274,fits,140.08
itm_04_001275,fits,158.12
itm_04_001276,fits,141.38
itm_04_001277,fits,55.8
itm_04_001278,overflows,69.78
itm_04_001279,overflows,143.03
itm_04_001280,fits,38.79
itm_04_001281,fits,27.21
itm_04_001282,fits,55.8
itm_04_001283,fits,70.17
itm_04_001284,wraps,50.63
itm_04_001285,overflows,71.9
itm_04_001286,overflows,152.34
itm_04_001287,fits,46.79
itm_04_001288,fits,152.53
itm_04_001289,overflows,111.5
itm_04_001290,fits,81.59
itm_04_001291,fits,44.53
itm_04_001292,fits,91.43
itm_04_001293,overflows,95.25
itm_04_001294,overflows,29.35
itm_04_001295,overflows,53.97
itm_04_001296,fits,149.71
itm_04_001297,overflows,95.69
itm_04_001298,fits,48.3
itm_04_001299,fits,65.15
itm_05_001300,overflows,209.04
itm_05_001301,fits,59.57
itm_05_001302,overflows,203.27
itm_05_001303,overflows,51.0
itm_05_001304,fits,98.28
itm_05_001305,fits,217.2
itm_05_001306,fits,268.55
itm_05_001307,overflows,217.73
itm_05_001308,overflows,190.09
itm_05_001309,fits,184.73
itm_05_001310,overflows,155.06
itm_05_001311,overflows,175.26
itm_05_001312,fits,285.29
itm_05_001313,fits,78.68
itm_05_001314,overflows,82.12
itm_05_001315,fits,63.6
itm_05_001316,overflows,651.92
itm_05_001317,overflows,171.98
itm_05_001318,overflows,117.63
itm_05_001319,fits,101.09
itm_05_001320,fits,63.63
itm_05_001321,overflows,132.7
itm_05_001322,wraps,212.98
itm_05_001323,overflows,257.52
itm_05_001324,overflows,191.43
itm_05_001325,fits,47.76
itm_05_001326,overflows,185.58
itm_05_001327,overflows,222.94
itm_05_001328,overflows,115.18
itm_05_001329,overflows,236.12
itm_05_001330,overflows,182.82
itm_05_001331,overflows,110.96
itm_05_001332,overflows,181.52
itm_05_001333,overflows,120.39
itm_05_001334,overflows,94.79
itm_05_001335,overflows,61.03
itm_05_001336,wraps,194.36
itm_05_001337,overflows,340.75
itm_05_001338,overflows,231.17
itm_05_001339,wraps,161.42
itm_05_001340,overflows,181.06
itm_05_001341,overflows,105.31
itm_05_001342,wraps,123.01
itm_05_001343,fits,329.07
itm_05_001344,wraps,195.94
itm_05_001345,wraps,138.57
itm_05_001346,fits,217.81
itm_05_001347,overflows,174.17
itm_05_001348,fits,90.0
itm_05_001349,overflows,160.99
itm_05_001350,fits,71.71
itm_05_001351,overflows,120.49
itm_05_001352,overflows,73.79
itm_05_001353,overflows,128.97
itm_05_001354,wraps,258.97
itm_05_001355,overflows,192.86
itm_05_001356,wraps,214.86
itm_05_001357,fits,328.69
itm_05_001358,overflows,140.92
itm_05_001359,wraps,458.09
itm_05_001360,overflows,152.51
itm_05_001361,overflows,384.7
itm_05_001362,overflows,235.61
itm_05_001363,overflows,71.02
itm_05_001364,overflows,84.72
itm_05_001365,wraps,86.85
itm_05_001366,overflows,156.59
itm_05_001367,fits,83.83
itm_05_001368,fits,53.59
itm_05_001369,fits,42.84
itm_05_001370,fits,77.66
itm_05_001371,fits,166.05
itm_05_001372,fits,115.03
itm_05_001373,overflows,118.74
itm_05_001374,fits,189.8
itm_05_001375,fits,77.77
itm_05_001376,wraps,290.55
itm_05_001377,wraps,370.37
itm_05_001378,fits,91.79
itm_05_001379,overflows,110.62
itm_05_001380,wraps,385.58
itm_05_001381,fits,62.69
itm_05_001382,fits,61.06
itm_05_001383,fits,76.64
itm_05_001384,fits,64.43
itm_05_001385,overflows,64.24
itm_05_001386,wraps,46.21
itm_05_001387,overflows,91.79
itm_05_001388,fits,124.75
itm_05_001389,wraps,445.72
itm_05_001390,fits,88.0
itm_05_001391,fits,89.93
itm_05_001392,overflows,51.22
itm_05_001393,overflows,91.53
itm_05_001394,wraps,168.04
itm_05_001395,wraps,111.32
itm_05_001396,fits,244.71
itm_05_001397,overflows,337.32
itm_05_001398,overflows,629.58
itm_05_001399,wraps,462.8
itm_05_001400,overflows,538.3
itm_05_001401,overflows,225.07
itm_05_001402,wraps,90.46
itm_05_001403,fits,239.2
itm_05_001404,overflows,211.73
itm_05_001405,fits,246.77
itm_05_001406,fits,61.06
itm_05_001407,wraps,200.25
itm_05_001408,fits,110.15
itm_05_001409,overflows,470.86
itm_05_001410,fits,229.58
itm_05_001411,overflows,185.11
itm_05_001412,overflows,109.61
itm_05_001413,overflows,313.78
itm_05_001414,fits,83.15
itm_05_001415,fits,145.3
itm_05_001416,overflows,75.03
itm_05_001417,overflows,156.59
itm_05_001418,overflows,182.66
itm_05_001419,wraps,255.55
itm_05_001420,wraps,115.78
itm_05_001421,wraps,79.52
itm_05_001422,wraps,81.64
itm_05_001423,overflows,114.97
itm_05_001424,fits,91.79
itm_05_001425,fits,60.18
itm_05_001426,fits,236.95
itm_05_001427,overflows,564.55
itm_05_001428,overflows,286.56
itm_05_001429,overflows,170.74
itm_05_001430,overflows,82.0
itm_05_001431,wraps,170.74
itm_05_001432,wraps,238.65
itm_05_001433,fits,74.4
itm_05_001434,wraps,245.55
itm_05_001435,wraps,392.07
itm_05_001436,overflows,152.28
itm_05_001437,overflows,190.11
itm_05_001438,overflows,255.14
itm_05_001439,wraps,498.03
itm_05_001440,fits,63.03
itm_05_001441,fits,61.92
itm_05_001442,fits,212.18
itm_05_001443,wraps,90.61
itm_05_001444,wraps,135.09
itm_05_001445,wraps,373.39
itm_05_001446,wraps,391.91
itm_05_001447,wraps,217.88
itm_05_001448,fits,162.99
itm_05_001449,overflows,107.87
itm_05_001450,wraps,138.55
itm_05_001451,wraps,97.31
itm_05_001452,fits,186.4
itm_05_001453,fits,211.93
itm_05_001454,fits,36.43
itm_05_001455,fits,52.78
itm_05_001456,fits,62.5
itm_05_001457,wraps,451.88
itm_05_001458,wraps,146.94
itm_05_001459,fits,46.89
itm_05_001460,fits,97.61
itm_05_001461,fits,112.48
itm_05_001462,overflows,64.45
itm_05_001463,fits,235.1
itm_05_001464,fits,71.6
itm_05_001465,fits,75.14
itm_05_001466,fits,214.67
itm_05_001467,fits,122.38
itm_05_001468,fits,76.42
itm_05_001469,overflows,89.09
itm_05_001470,fits,150.39
itm_05_001471,overflows,274.19
itm_05_001472,overflows,188.13
itm_05_001473,overflows,184.86
itm_05_001474,fits,70.96
itm_05_001475,fits,93.77
itm_05_001476,fits,74.56
itm_05_001477,overflows,60.12
itm_05_001478,fits,18.15
itm_05_001479,overflows,64.75
itm_05_001480,overflows,55.64
itm_05_001481,fits,112.54
itm_05_001482,fits,176.82
itm_05_001483,fits,41.61
itm_05_001484,fits,188.07
itm_05_001485,overflows,63.41
itm_05_001486,overflows,153.97
itm_05_001487,overflows,61.03
itm_05_001488,overflows,57.96
itm_05_001489,fits,66.39
itm_05_001490,overflows,120.86
itm_05_001491,fits,160.21
itm_05_001492,overflows,188.03
itm_05_001493,overflows,146.54
itm_05_001494,fits,127.34
itm_05_001495,wraps,495.04
itm_05_001496,fits,164.83
itm_05_001497,overflows,325.01
itm_05_001498,wraps,587.48
itm_05_001499,fits,123.67
itm_05_001500,overflows,343.69
itm_05_001501,wraps,171.75
itm_05_001502,wraps,470.21
itm_05_001503,wraps,270.86
itm_05_001504,overflows,164.29
itm_05_001505,overflows,100.99
itm_05_001506,wraps,104.75
itm_05_001507,overflows,149.39
itm_05_001508,overflows,205.51
itm_05_001509,overflows,83.13
itm_05_001510,wraps,264.83
itm_05_001511,overflows,406.87
itm_05_001512,wraps,111.41
itm_05_001513,wraps,90.23
itm_05_001514,overflows,84.9
itm_05_001515,wraps,252.76
itm_05_001516,wraps,141.24
itm_05_001517,overflows,224.94
itm_05_001518,overflows,329.42
itm_05_001519,overflows,146.36
itm_05_001520,fits,83.9
itm_05_001521,overflows,429.18
itm_05_001522,fits,80.96
itm_05_001523,wraps,82.38
itm_05_001524,overflows,132.99
itm_05_001525,overflows,166.0
itm_05_001526,overflows,206.08
itm_05_001527,overflows,146.27
itm_05_001528,overflows,49.65
itm_05_001529,fits,63.98
itm_05_001530,overflows,504.63
itm_05_001531,wraps,193.36
itm_05_001532,fits,103.29
itm_05_001533,fits,156.9
itm_05_001534,overflows,179.65
itm_05_001535,fits,47.63
itm_05_001536,overflows,98.75
itm_05_001537,wraps,203.87
itm_05_001538,fits,78.86
itm_05_001539,fits,34.68
itm_05_001540,fits,176.01
itm_05_001541,overflows,46.92
itm_05_001542,overflows,200.62
itm_05_001543,fits,45.13
itm_05_001544,overflows,448.32
itm_05_001545,fits,177.84
itm_05_001546,wraps,112.86
itm_05_001547,fits,53.54
itm_05_001548,fits,101.72
itm_05_001549,overflows,169.99
itm_05_001550,overflows,148.21
itm_05_001551,fits,133.48
itm_05_001552,fits,100.85
itm_05_001553,fits,56.99
itm_05_001554,fits,21.71
itm_05_001555,fits,62.79
itm_05_001556,fits,83.05
itm_05_001557,overflows,191.89
itm_05_001558,fits,177.29
itm_05_001559,overflows,46.71
itm_06_001560,overflows,174.77
itm_06_001561,wraps,551.58
itm_06_001562,overflows,197.37
itm_06_001563,wraps,454.66
itm_06_001564,fits,59.48
itm_06_001565,fits,234.88
itm_06_001566,fits,74.27
itm_06_001567,overflows,177.49
itm_06_001568,fits,252.99
itm_06_001569,fits,72.57
itm_06_001570,fits,69.38
itm_06_001571,fits,73.1
itm_06_001572,overflows,133.27
itm_06_001573,fits,53.28
itm_06_001574,fits,148.35
itm_06_001575,wraps,318.2
itm_06_001576,wraps,227.12
itm_06_001577,fits,182.91
itm_06_001578,fits,74.07
itm_06_001579,fits,61.89
itm_06_001580,wraps,96.84
itm_06_001581,overflows,158.67
itm_06_001582,fits,191.01
itm_06_001583,overflows,129.64
itm_06_001584,overflows,112.23
itm_06_001585,overflows,53.89
itm_06_001586,wraps,177.73
itm_06_001587,wraps,419.02
itm_06_001588,wraps,135.59
itm_06_001589,wraps,70.26
itm_06_001590,wraps,161.15
itm_06_001591,fits,328.89
itm_06_001592,fits,149.27
itm_06_001593,overflows,76.59
itm_06_001594,overflows,143.06
itm_06_001595,wraps,95.54
itm_06_001596,overflows,66.41
itm_06_001597,overflows,212.09
itm_06_001598,fits,316.68
itm_06_001599,wraps,406.99
itm_06_001600,overflows,416.49
itm_06_001601,overflows,296.13
itm_06_001602,fits,214.92
itm_06_001603,overflows,187.01
itm_06_001604,overflows,236.95
itm_06_001605,overflows,63.56
itm_06_001606,wraps,82.53
itm_06_001607,wraps,81.28
itm_06_001608,fits,108.98
itm_06_001609,overflows,74.38
itm_06_001610,fits,54.37
itm_06_001611,fits,74.07
itm_06_001612,fits,140.08
itm_06_001613,overflows,70.63
itm_06_001614,fits,77.96
itm_06_001615,fits,91.63
itm_06_001616,overflows,160.25
itm_06_001617,wraps,68.71
itm_06_001618,overflows,111.0
itm_06_001619,fits,74.07
itm_06_001620,overflows,196.38
itm_06_001621,overflows,110.15
itm_06_001622,wraps,122.81
itm_06_001623,fits,52.61
itm_06_001624,fits,66.27
itm_06_001625,fits,220.43
itm_06_001626,fits,52.61
itm_06_001627,fits,155.81
itm_06_001628,wraps,194.4
itm_06_001629,overflows,141.92
itm_06_001630,fits,52.61
itm_06_001631,wraps,91.02
itm_06_001632,wraps,170.84
itm_06_001633,wraps,211.15
itm_06_001634,fits,127.61
itm_06_001635,fits,75.32
itm_06_001636,fits,83.23
itm_06_001637,fits,156.53
itm_06_001638,wraps,65.59
itm_06_001639,wraps,78.9
itm_06_001640,overflows,250.67
itm_06_001641,wraps,265.75
itm_06_001642,overflows,199.67
itm_06_001643,fits,52.61
itm_06_001644,fits,65.39
itm_06_001645,wraps,94.43
itm_06_001646,overflows,72.99
itm_06_001647,fits,67.63
itm_06_001648,fits,67.63
itm_06_001649,fits,74.07
itm_06_001650,fits,52.61
itm_06_001651,wraps,252.39
itm_06_001652,fits,218.71
itm_06_001653,wraps,188.76
itm_06_001654,overflows,159.48
itm_06_001655,wraps,87.99
itm_06_001656,overflows,167.75
itm_06_001657,fits,74.07
itm_06_001658,wraps,81.66
itm_06_001659,wraps,113.61
itm_06_001660,wraps,172.88
itm_06_001661,overflows,68.04
itm_06_001662,wraps,237.44
itm_06_001663,fits,121.31
itm_06_001664,wraps,92.4
itm_06_001665,wraps,91.6
itm_06_001666,fits,74.07
itm_06_001667,fits,69.38
itm_06_001668,overflows,45.72
itm_06_001669,wraps,151.41
itm_06_001670,fits,69.38
itm_06_001671,overflows,243.8
itm_06_001672,wraps,168.07
itm_06_001673,overflows,75.38
itm_06_001674,fits,67.02
itm_06_001675,fits,74.07
itm_06_001676,fits,218.26
itm_06_001677,overflows,336.01
itm_06_001678,fits,232.8
itm_06_001679,overflows,270.27
itm_06_001680,fits,74.07
itm_06_001681,wraps,165.97
itm_06_001682,overflows,75.38
itm_06_001683,overflows,182.73
itm_06_001684,overflows,156.03
itm_06_001685,overflows,64.02
itm_06_001686,wraps,85.14
itm_06_001687,wraps,192.66
itm_06_001688,fits,72.97
itm_06_001689,overflows,168.28
itm_06_001690,overflows,59.78
itm_06_001691,overflows,203.89
itm_06_001692,fits,59.23
itm_06_001693,wraps,133.55
itm_06_001694,fits,156.02
itm_06_001695,fits,141.91
itm_06_001696,wraps,72.39
itm_06_001697,wraps,103.9
itm_06_001698,overflows,38.98
itm_06_001699,overflows,204.06
itm_06_001700,fits,52.61
itm_06_001701,fits,377.45
itm_06_001702,wraps,374.92
itm_06_001703,overflows,74.18
itm_06_001704,fits,100.54
itm_06_001705,overflows,104.19
itm_06_001706,fits,91.24
itm_06_001707,overflows,145.44
itm_06_001708,overflows,163.8
itm_06_001709,overflows,129.71
itm_06_001710,fits,149.38
itm_06_001711,fits,237.36
itm_06_001712,overflows,169.57
itm_06_001713,fits,241.54
itm_06_001714,overflows,122.53
itm_06_001715,overflows,120.26
itm_06_001716,wraps,282.44
itm_06_001717,fits,101.32
itm_06_001718,overflows,56.77
itm_06_001719,overflows,176.05
itm_06_001720,overflows,286.15
itm_06_001721,wraps,250.73
itm_06_001722,wraps,184.06
itm_06_001723,overflows,184.38
itm_06_001724,overflows,117.11
itm_06_001725,overflows,94.31
itm_06_001726,fits,74.94
itm_06_001727,overflows,53.89
itm_06_001728,overflows,56.77
itm_06_001729,overflows,61.57
itm_06_001730,overflows,148.85
itm_06_001731,fits,91.24
itm_06_001732,overflows,35.6
itm_06_001733,wraps,436.03
itm_06_001734,overflows,175.34
itm_06_001735,fits,183.81
itm_06_001736,overflows,36.09
itm_06_001737,overflows,149.8
itm_06_001738,overflows,64.2
itm_06_001739,overflows,57.03
itm_06_001740,fits,77.73
itm_06_001741,fits,116.14
itm_06_001742,overflows,178.15
itm_06_001743,fits,128.97
itm_06_001744,fits,162.43
itm_06_001745,overflows,168.52
itm_06_001746,wraps,292.1
itm_06_001747,wraps,370.6
itm_06_001748,wraps,358.29
itm_06_001749,wraps,445.77
itm_06_001750,wraps,151.59
itm_06_001751,wraps,412.7
itm_06_001752,overflows,331.06
itm_06_001753,wraps,570.23
itm_06_001754,overflows,276.92
itm_06_001755,overflows,174.98
itm_06_001756,fits,127.6
itm_06_001757,overflows,458.06
itm_06_001758,wraps,616.99
itm_06_001759,wraps,524.65
itm_06_001760,overflows,337.29
itm_06_001761,wraps,254.94
itm_06_001762,overflows,251.59
itm_06_001763,overflows,76.26
itm_06_001764,fits,54.57
itm_06_001765,overflows,207.64
itm_06_001766,wraps,118.18
itm_06_001767,overflows,367.6
itm_06_001768,fits,249.99
itm_06_001769,overflows,151.26
itm_06_001770,wraps,292.36
itm_06_001771,overflows,220.08
itm_06_001772,overflows,160.54
itm_06_001773,fits,139.37
itm_06_001774,fits,106.32
itm_06_001775,fits,76.97
itm_06_001776,fits,214.51
itm_06_001777,fits,74.07
itm_06_001778,overflows,99.25
itm_06_001779,overflows,45.72
itm_06_001780,wraps,128.76
itm_06_001781,overflows,121.61
itm_06_001782,fits,160.36
itm_06_001783,overflows,81.2
itm_06_001784,fits,106.9
itm_06_001785,fits,106.9
itm_06_001786,fits,198.36
itm_06_001787,wraps,80.61
itm_06_001788,fits,223.96
itm_06_001789,fits,63.99
itm_06_001790,fits,135.16
itm_06_001791,fits,120.53
itm_06_001792,overflows,97.75
itm_06_001793,wraps,136.99
itm_06_001794,fits,147.43
itm_06_001795,overflows,155.56
itm_06_001796,overflows,70.82
itm_06_001797,overflows,241.99
itm_06_001798,fits,62.93
itm_06_001799,fits,228.8
itm_06_001800,fits,31.28
itm_06_001801,overflows,181.3
itm_06_001802,overflows,72.08
itm_06_001803,overflows,56.67
itm_06_001804,fits,154.87
itm_06_001805,overflows,255.09
itm_06_001806,overflows,51.12
itm_06_001807,wraps,191.47
itm_06_001808,fits,76.77
itm_06_001809,overflows,157.06
itm_06_001810,fits,61.05
itm_06_001811,fits,111.4
itm_06_001812,fits,88.73
itm_06_001813,fits,102.76
itm_06_001814,overflows,50.87
itm_06_001815,fits,19.94
itm_06_001816,overflows,81.05
itm_06_001817,fits,51.45
itm_06_001818,wraps,163.85
itm_06_001819,fits,143.53
itm_07_001820,overflows,221.82
itm_07_001821,fits,161.82
itm_07_001822,overflows,212.88
itm_07_001823,fits,65.83
itm_07_001824,fits,84.86
itm_07_001825,fits,130.43
itm_07_001826,fits,96.24
itm_07_001827,fits,227.79
itm_07_001828,overflows,78.92
itm_07_001829,wraps,85.63
itm_07_001830,overflows,353.89
itm_07_001831,overflows,139.69
itm_07_001832,fits,51.37
itm_07_001833,fits,124.83
itm_07_001834,overflows,470.49
itm_07_001835,wraps,579.92
itm_07_001836,wraps,123.91
itm_07_001837,wraps,337.89
itm_07_001838,wraps,324.45
itm_07_001839,fits,149.36
itm_07_001840,fits,50.95
itm_07_001841,fits,61.19
itm_07_001842,wraps,477.08
itm_07_001843,overflows,73.2
itm_07_001844,overflows,67.86
itm_07_001845,wraps,129.16
itm_07_001846,overflows,83.71
itm_07_001847,overflows,327.99
itm_07_001848,overflows,171.51
itm_07_001849,fits,295.7
itm_07_001850,fits,202.07
itm_07_001851,fits,111.79
itm_07_001852,wraps,165.81
itm_07_001853,overflows,125.18
itm_07_001854,overflows,180.44
itm_07_001855,wraps,612.14
itm_07_001856,wraps,327.39
itm_07_001857,overflows,83.23
itm_07_001858,fits,56.74
itm_07_001859,overflows,118.58
itm_07_001860,fits,129.09
itm_07_001861,wraps,71.82
itm_07_001862,wraps,71.82
itm_07_001863,wraps,605.14
itm_07_001864,wraps,214.0
itm_07_001865,overflows,290.51
itm_07_001866,fits,200.24
itm_07_001867,overflows,102.65
itm_07_001868,wraps,67.82
itm_07_001869,fits,105.43
itm_07_001870,fits,54.49
itm_07_001871,fits,79.18
itm_07_001872,overflows,69.15
itm_07_001873,fits,166.03
itm_07_001874,overflows,118.15
itm_07_001875,wraps,66.58
itm_07_001876,wraps,164.75
itm_07_001877,wraps,96.47
itm_07_001878,wraps,224.54
itm_07_001879,fits,210.72
itm_07_001880,overflows,85.56
itm_07_001881,wraps,158.65
itm_07_001882,fits,94.15
itm_07_001883,overflows,419.13
itm_07_001884,fits,148.94
itm_07_001885,overflows,67.86
itm_07_001886,fits,94.15
itm_07_001887,fits,67.86
itm_07_001888,fits,88.4
itm_07_001889,overflows,118.21
itm_07_001890,wraps,318.81
itm_07_001891,overflows,79.38
itm_07_001892,overflows,69.67
itm_07_001893,fits,68.09
itm_07_001894,overflows,66.16
itm_07_001895,fits,112.65
itm_07_001896,fits,40.44
itm_07_001897,wraps,133.11
itm_07_001898,fits,82.7
itm_07_001899,fits,173.48
itm_07_001900,overflows,83.23
itm_07_001901,wraps,138.86
itm_07_001902,overflows,256.09
itm_07_001903,fits,196.29
itm_07_001904,overflows,68.63
itm_07_001905,fits,126.74
itm_07_001906,fits,115.91
itm_07_001907,fits,94.15
itm_07_001908,overflows,86.55
itm_07_001909,fits,159.29
itm_07_001910,wraps,188.25
itm_07_001911,overflows,242.23
itm_07_001912,overflows,222.85
itm_07_001913,fits,223.29
itm_07_001914,wraps,187.19
itm_07_001915,wraps,441.93
itm_07_001916,wraps,308.28
itm_07_001917,wraps,272.54
itm_07_001918,wraps,214.62
itm_07_001919,wraps,432.0
itm_07_001920,wraps,144.37
itm_07_001921,wraps,69.18
itm_07_001922,fits,213.03
itm_07_001923,wraps,110.36
itm_07_001924,fits,65.81
itm_07_001925,fits,232.72
itm_07_001926,fits,196.03
itm_07_001927,overflows,99.02
itm_07_001928,wraps,184.57
itm_07_001929,overflows,187.73
itm_07_001930,overflows,134.82
itm_07_001931,wraps,123.5
itm_07_001932,wraps,513.89
itm_07_001933,wraps,222.74
itm_07_001934,wraps,199.57
itm_07_001935,wraps,149.51
itm_07_001936,overflows,241.36
itm_07_001937,overflows,89.5
itm_07_001938,fits,118.21
itm_07_001939,fits,65.51
itm_07_001940,fits,67.86
itm_07_001941,wraps,164.6
itm_07_001942,fits,52.94
itm_07_001943,wraps,127.38
itm_07_001944,wraps,513.27
itm_07_001945,fits,165.21
itm_07_001946,overflows,42.8
itm_07_001947,overflows,354.92
itm_07_001948,fits,79.33
itm_07_001949,fits,60.01
itm_07_001950,wraps,227.62
itm_07_001951,overflows,213.2
itm_07_001952,fits,71.74
itm_07_001953,fits,135.16
itm_07_001954,overflows,71.46
itm_07_001955,wraps,275.9
itm_07_001956,fits,94.15
itm_07_001957,wraps,254.93
itm_07_001958,fits,49.75
itm_07_001959,fits,235.39
itm_07_001960,wraps,445.6
itm_07_001961,overflows,252.38
itm_07_001962,overflows,269.91
itm_07_001963,wraps,62.47
itm_07_001964,wraps,147.91
itm_07_001965,wraps,142.56
itm_07_001966,wraps,93.72
itm_07_001967,wraps,432.83
itm_07_001968,fits,65.95
itm_07_001969,overflows,108.69
itm_07_001970,fits,67.55
itm_07_001971,overflows,110.87
itm_07_001972,fits,85.54
itm_07_001973,overflows,82.0
itm_07_001974,overflows,94.47
itm_07_001975,fits,67.55
itm_07_001976,fits,36.7
itm_07_001977,wraps,404.46
itm_07_001978,fits,65.11
itm_07_001979,overflows,85.54
itm_07_001980,fits,155.73
itm_07_001981,fits,112.26
itm_07_001982,overflows,229.28
itm_07_001983,overflows,180.14
itm_07_001984,fits,173.16
itm_07_001985,fits,223.11
itm_07_001986,overflows,183.13
itm_07_001987,fits,193.25
itm_07_001988,fits,244.76
itm_07_001989,overflows,63.24
itm_07_001990,fits,86.85
itm_07_001991,fits,115.64
itm_07_001992,fits,94.28
itm_07_001993,wraps,258.56
itm_07_001994,wraps,269.79
itm_07_001995,wraps,199.98
itm_07_001996,overflows,156.41
itm_07_001997,fits,133.99
itm_07_001998,overflows,190.83
itm_07_001999,fits,34.63
itm_07_002000,overflows,56.17
itm_07_002001,fits,71.73
itm_07_002002,overflows,143.13
itm_07_002003,fits,150.58
itm_07_002004,fits,154.55
itm_07_002005,overflows,132.57
itm_07_002006,fits,127.93
itm_07_002007,overflows,54.1
itm_07_002008,fits,143.13
itm_07_002009,overflows,162.31
itm_07_002010,fits,88.5
itm_07_002011,fits,111.43
itm_07_002012,overflows,168.77
itm_07_002013,overflows,150.24
itm_07_002014,wraps,369.4
itm_07_002015,wraps,128.39
itm_07_002016,overflows,154.92
itm_07_002017,overflows,256.3
itm_07_002018,wraps,178.85
itm_07_002019,overflows,367.69
itm_07_002020,wraps,518.12
itm_07_002021,wraps,331.67
itm_07_002022,fits,227.27
itm_07_002023,overflows,168.34
itm_07_002024,overflows,226.83
itm_07_002025,wraps,379.34
itm_07_002026,wraps,628.72
itm_07_002027,wraps,335.82
itm_07_002028,overflows,377.95
itm_07_002029,wraps,493.4
itm_07_002030,wraps,374.62
itm_07_002031,wraps,252.31
itm_07_002032,overflows,142.35
itm_07_002033,fits,284.87
itm_07_002034,overflows,71.44
itm_07_002035,fits,76.6
itm_07_002036,wraps,122.04
itm_07_002037,overflows,102.41
itm_07_002038,wraps,487.44
itm_07_002039,wraps,143.09
itm_07_002040,fits,139.11
itm_07_002041,fits,31.0
itm_07_002042,overflows,111.3
itm_07_002043,overflows,144.43
itm_07_002044,wraps,430.51
itm_07_002045,overflows,199.41
itm_07_002046,fits,84.33
itm_07_002047,wraps,163.4
itm_07_002048,wraps,559.33
itm_07_002049,fits,160.94
itm_07_002050,overflows,94.52
itm_07_002051,fits,159.05
itm_07_002052,overflows,95.92
itm_07_002053,fits,59.7
itm_07_002054,fits,129.42
itm_07_002055,wraps,184.62
itm_07_002056,overflows,222.24
itm_07_002057,overflows,126.11
itm_07_002058,overflows,95.92
itm_07_002059,overflows,111.1
itm_07_002060,wraps,148.95
itm_07_002061,fits,204.8
itm_07_002062,fits,71.73
itm_07_002063,overflows,67.28
itm_07_002064,fits,53.49
itm_07_002065,overflows,94.52
itm_07_002066,wraps,181.35
itm_07_002067,wraps,191.3
itm_07_002068,overflows,53.49
itm_07_002069,wraps,161.11
itm_07_002070,overflows,55.49
itm_07_002071,overflows,137.33
itm_07_002072,overflows,160.74
itm_07_002073,fits,43.58
itm_07_002074,overflows,50.55
itm_07_002075,fits,56.5
itm_07_002076,fits,97.18
itm_07_002077,fits,20.86
itm_07_002078,fits,51.35
itm_07_002079,fits,83.55
itm_08_002080,fits,201.3
itm_08_002081,fits,42.18
itm_08_002082,overflows,184.73
itm_08_002083,overflows,237.54
itm_08_002084,fits,49.91
itm_08_002085,overflows,206.26
itm_08_002086,overflows,58.15
itm_08_002087,overflows,75.76
itm_08_002088,fits,109.72
itm_08_002089,overflows,250.86
itm_08_002090,fits,87.46
itm_08_002091,overflows,70.1
itm_08_002092,fits,158.81
itm_08_002093,fits,100.23
itm_08_002094,fits,33.47
itm_08_002095,wraps,426.34
itm_08_002096,wraps,255.24
itm_08_002097,wraps,153.13
itm_08_002098,fits,195.81
itm_08_002099,overflows,349.66
itm_08_002100,overflows,142.66
itm_08_002101,fits,167.9
itm_08_002102,wraps,150.31
itm_08_002103,fits,167.93
itm_08_002104,wraps,110.96
itm_08_002105,overflows,93.51
itm_08_002106,wraps,227.26
itm_08_002107,overflows,187.29
itm_08_002108,fits,50.33
itm_08_002109,wraps,125.14
itm_08_002110,overflows,91.48
itm_08_002111,overflows,151.17
itm_08_002112,wraps,69.47
itm_08_002113,overflows,60.65
itm_08_002114,wraps,80.13
itm_08_002115,overflows,51.31
itm_08_002116,fits,104.15
itm_08_002117,fits,53.99
itm_08_002118,overflows,54.87
itm_08_002119,fits,56.75
itm_08_002120,overflows,136.53
itm_08_002121,wraps,108.29
itm_08_002122,fits,142.43
itm_08_002123,fits,87.46
itm_08_002124,overflows,249.7
itm_08_002125,fits,87.46
itm_08_002126,wraps,123.33
itm_08_002127,fits,193.09
itm_08_002128,overflows,84.94
itm_08_002129,overflows,113.01
itm_08_002130,fits,160.1
itm_08_002131,fits,118.67
itm_08_002132,fits,56.44
itm_08_002133,overflows,55.96
itm_08_002134,fits,82.31
itm_08_002135,fits,64.75
itm_08_002136,fits,36.56
itm_08_002137,fits,91.55
itm_08_002138,overflows,152.56
itm_08_002139,wraps,103.64
itm_08_002140,fits,47.74
itm_08_002141,overflows,65.53
itm_08_002142,fits,70.97
itm_08_002143,wraps,94.14
itm_08_002144,overflows,239.92
itm_08_002145,wraps,248.08
itm_08_002146,overflows,231.0
itm_08_002147,wraps,169.2
itm_08_002148,overflows,233.02
itm_08_002149,wraps,441.81
itm_08_002150,overflows,160.52
itm_08_002151,fits,56.96
itm_08_002152,overflows,50.53
itm_08_002153,fits,64.65
itm_08_002154,fits,64.65
itm_08_002155,fits,64.65
itm_08_002156,fits,41.69
itm_08_002157,overflows,170.26
itm_08_002158,wraps,232.33
itm_08_002159,overflows,410.88
itm_08_002160,overflows,102.17
itm_08_002161,wraps,191.41
itm_08_002162,wraps,152.82
itm_08_002163,wraps,140.02
itm_08_002164,overflows,374.49
itm_08_002165,fits,169.8
itm_08_002166,wraps,77.54
itm_08_002167,fits,55.6
itm_08_002168,overflows,56.44
itm_08_002169,fits,72.38
itm_08_002170,fits,192.61
itm_08_002171,wraps,378.89
itm_08_002172,fits,73.37
itm_08_002173,overflows,34.71
itm_08_002174,overflows,196.39
itm_08_002175,fits,161.67
itm_08_002176,overflows,132.29
itm_08_002177,fits,144.61
itm_08_002178,overflows,75.53
itm_08_002179,wraps,361.55
itm_08_002180,overflows,93.51
itm_08_002181,wraps,126.69
itm_08_002182,fits,185.58
itm_08_002183,overflows,93.51
itm_08_002184,wraps,147.62
itm_08_002185,fits,50.43
itm_08_002186,overflows,216.73
itm_08_002187,overflows,205.66
itm_08_002188,fits,76.13
itm_08_002189,wraps,202.59
itm_08_002190,wraps,64.19
itm_08_002191,fits,126.38
itm_08_002192,fits,131.65
itm_08_002193,fits,99.1
itm_08_002194,fits,161.84
itm_08_002195,fits,97.76
itm_08_002196,fits,134.85
itm_08_002197,fits,144.48
itm_08_002198,overflows,70.25
itm_08_002199,fits,180.19
itm_08_002200,wraps,125.14
itm_08_002201,overflows,92.8
itm_08_002202,fits,51.66
itm_08_002203,fits,42.95
itm_08_002204,overflows,122.24
itm_08_002205,overflows,88.23
itm_08_002206,overflows,60.34
itm_08_002207,fits,154.08
itm_08_002208,fits,175.42
itm_08_002209,fits,108.16
itm_08_002210,fits,39.05
itm_08_002211,wraps,318.2
itm_08_002212,wraps,242.08
itm_08_002213,fits,125.5
itm_08_002214,overflows,130.0
itm_08_002215,fits,220.15
itm_08_002216,overflows,109.78
itm_08_002217,overflows,181.06
itm_08_002218,fits,43.22
itm_08_002219,fits,74.27
itm_08_002220,fits,58.07
itm_08_002221,wraps,280.46
itm_08_002222,fits,120.26
itm_08_002223,overflows,94.52
itm_08_002224,wraps,268.47
itm_08_002225,overflows,113.42
itm_08_002226,fits,56.29
itm_08_002227,fits,174.3
itm_08_002228,overflows,251.09
itm_08_002229,wraps,241.89
itm_08_002230,wraps,148.99
itm_08_002231,overflows,181.06
itm_08_002232,overflows,80.11
itm_08_002233,fits,73.45
itm_08_002234,fits,147.35
itm_08_002235,fits,81.0
itm_08_002236,fits,125.34
itm_08_002237,fits,73.34
itm_08_002238,fits,150.46
itm_08_002239,fits,102.79
itm_08_002240,fits,27.88
itm_08_002241,overflows,45.34
itm_08_002242,wraps,110.74
itm_08_002243,fits,60.66
itm_08_002244,wraps,153.73
itm_08_002245,fits,67.68
itm_08_002246,fits,66.42
itm_08_002247,overflows,171.99
itm_08_002248,fits,140.88
itm_08_002249,fits,27.88
itm_08_002250,overflows,130.95
itm_08_002251,fits,149.03
itm_08_002252,overflows,53.39
itm_08_002253,fits,45.37
itm_08_002254,overflows,76.18
itm_08_002255,fits,77.3
itm_08_002256,fits,132.78
itm_08_002257,fits,107.14
itm_08_002258,wraps,166.39
itm_08_002259,fits,158.94
itm_08_002260,fits,150.86
itm_08_002261,wraps,167.28
itm_08_002262,wraps,129.67
itm_08_002263,fits,156.24
itm_08_002264,fits,169.76
itm_08_002265,wraps,484.74
itm_08_002266,wraps,101.58
itm_08_002267,wraps,237.01
itm_08_002268,overflows,146.57
itm_08_002269,wraps,304.63
itm_08_002270,wraps,223.97
itm_08_002271,wraps,361.96
itm_08_002272,wraps,312.6
itm_08_002273,wraps,402.78
itm_08_002274,fits,343.9
itm_08_002275,fits,106.6
itm_08_002276,wraps,346.07
itm_08_002277,overflows,576.66
itm_08_002278,wraps,560.14
itm_08_002279,wraps,147.01
itm_08_002280,fits,148.87
itm_08_002281,fits,80.71
itm_08_002282,wraps,187.65
itm_08_002283,wraps,246.72
itm_08_002284,fits,187.75
itm_08_002285,wraps,262.12
itm_08_002286,fits,152.89
itm_08_002287,fits,104.77
itm_08_002288,wraps,285.51
itm_08_002289,wraps,82.73
itm_08_002290,wraps,242.0
itm_08_002291,fits,32.87
itm_08_002292,overflows,137.57
itm_08_002293,fits,146.13
itm_08_002294,fits,64.65
itm_08_002295,overflows,417.28
itm_08_002296,overflows,87.46
itm_08_002297,fits,354.45
itm_08_002298,fits,176.46
itm_08_002299,overflows,56.53
itm_08_002300,fits,74.83
itm_08_002301,fits,141.25
itm_08_002302,fits,117.4
itm_08_002303,fits,67.85
itm_08_002304,overflows,208.41
itm_08_002305,fits,121.37
itm_08_002306,fits,145.25
itm_08_002307,fits,188.21
itm_08_002308,fits,91.73
itm_08_002309,fits,206.13
itm_08_002310,fits,169.47
itm_08_002311,fits,63.37
itm_08_002312,fits,124.03
itm_08_002313,fits,70.17
itm_08_002314,overflows,164.34
itm_08_002315,fits,168.33
itm_08_002316,fits,131.55
itm_08_002317,fits,28.91
itm_08_002318,fits,55.69
itm_08_002319,fits,55.69
itm_08_002320,overflows,338.74
itm_08_002321,overflows,229.65
itm_08_002322,wraps,432.76
itm_08_002323,overflows,489.74
itm_08_002324,fits,226.48
itm_08_002325,overflows,170.81
itm_08_002326,wraps,98.45
itm_08_002327,wraps,97.34
itm_08_002328,fits,87.87
itm_08_002329,fits,45.95
itm_08_002330,fits,135.23
itm_08_002331,overflows,65.09
itm_08_002332,fits,67.83
itm_08_002333,fits,135.33
itm_08_002334,fits,20.94
itm_08_002335,fits,26.0
itm_08_002336,wraps,156.66
itm_08_002337,fits,168.59
itm_08_002338,overflows,34.38
itm_08_002339,fits,161.84
itm_09_002340,overflows,662.91
itm_09_002341,overflows,110.07
itm_09_002342,fits,64.32
itm_09_002343,fits,84.79
itm_09_002344,overflows,72.32
itm_09_002345,fits,112.56
itm_09_002346,overflows,91.36
itm_09_002347,fits,103.55
itm_09_002348,fits,150.48
itm_09_002349,fits,250.99
itm_09_002350,fits,166.87
itm_09_002351,fits,397.92
itm_09_002352,overflows,99.86
itm_09_002353,overflows,79.63
itm_09_002354,fits,126.74
itm_09_002355,overflows,396.39
itm_09_002356,overflows,114.89
itm_09_002357,fits,81.33
itm_09_002358,overflows,204.36
itm_09_002359,wraps,351.03
itm_09_002360,fits,63.23
itm_09_002361,wraps,176.83
itm_09_002362,wraps,509.85
itm_09_002363,wraps,311.81
itm_09_002364,wraps,105.86
itm_09_002365,overflows,192.89
itm_09_002366,overflows,72.32
itm_09_002367,wraps,188.32
itm_09_002368,overflows,207.28
itm_09_002369,overflows,367.74
itm_09_002370,overflows,153.86
itm_09_002371,overflows,487.24
itm_09_002372,fits,186.73
itm_09_002373,overflows,376.02
itm_09_002374,wraps,157.38
itm_09_002375,overflows,102.03
itm_09_002376,wraps,333.84
itm_09_002377,wraps,129.16
itm_09_002378,wraps,134.68
itm_09_002379,fits,112.86
itm_09_002380,overflows,182.74
itm_09_002381,wraps,164.9
itm_09_002382,overflows,162.81
itm_09_002383,overflows,123.96
itm_09_002384,wraps,276.17
itm_09_002385,wraps,175.23
itm_09_002386,wraps,123.96
itm_09_002387,wraps,365.96
itm_09_002388,fits,244.29
itm_09_002389,wraps,613.39
itm_09_002390,fits,69.07
itm_09_002391,overflows,138.58
itm_09_002392,overflows,139.5
itm_09_002393,wraps,449.91
itm_09_002394,overflows,73.89
itm_09_002395,fits,277.83
itm_09_002396,fits,179.71
itm_09_002397,fits,59.73
itm_09_002398,fits,54.89
itm_09_002399,overflows,72.32
itm_09_002400,overflows,145.12
itm_09_002401,fits,140.35
itm_09_002402,overflows,80.9
itm_09_002403,overflows,403.92
itm_09_002404,overflows,387.55
itm_09_002405,overflows,146.13
itm_09_002406,fits,267.38
itm_09_002407,overflows,67.56
itm_09_002408,wraps,92.02
itm_09_002409,wraps,132.93
itm_09_002410,fits,99.5
itm_09_002411,wraps,143.3
itm_09_002412,fits,54.74
itm_09_002413,wraps,182.89
itm_09_002414,wraps,402.9
itm_09_002415,wraps,241.02
itm_09_002416,overflows,173.85
itm_09_002417,fits,61.25
itm_09_002418,overflows,247.73
itm_09_002419,wraps,184.31
itm_09_002420,fits,165.09
itm_09_002421,fits,110.07
itm_09_002422,wraps,110.91
itm_09_002423,wraps,162.08
itm_09_002424,fits,74.11
itm_09_002425,wraps,238.98
itm_09_002426,wraps,346.49
itm_09_002427,wraps,228.99
itm_09_002428,wraps,126.63
itm_09_002429,fits,81.52
itm_09_002430,overflows,65.21
itm_09_002431,fits,133.02
itm_09_002432,overflows,150.5
itm_09_002433,fits,134.54
itm_09_002434,wraps,248.55
itm_09_002435,fits,178.85
itm_09_002436,overflows,84.19
itm_09_002437,wraps,205.19
itm_09_002438,overflows,189.93
itm_09_002439,fits,110.07
itm_09_002440,wraps,311.33
itm_09_002441,wraps,211.94
itm_09_002442,wraps,86.95
itm_09_002443,wraps,247.46
itm_09_002444,overflows,139.56
itm_09_002445,wraps,259.67
itm_09_002446,fits,65.43
itm_09_002447,overflows,239.62
itm_09_002448,fits,65.43
itm_09_002449,wraps,82.19
itm_09_002450,overflows,88.5
itm_09_002451,overflows,86.06
itm_09_002452,fits,87.38
itm_09_002453,wraps,244.48
itm_09_002454,overflows,97.17
itm_09_002455,overflows,432.17
itm_09_002456,overflows,332.85
itm_09_002457,fits,133.15
itm_09_002458,overflows,133.15
itm_09_002459,overflows,375.46
itm_09_002460,fits,56.4
itm_09_002461,overflows,253.92
itm_09_002462,overflows,154.46
itm_09_002463,overflows,141.14
itm_09_002464,overflows,75.36
itm_09_002465,wraps,75.36
itm_09_002466,wraps,410.02
itm_09_002467,wraps,307.87
itm_09_002468,wraps,190.03
itm_09_002469,overflows,114.38
itm_09_002470,wraps,204.72
itm_09_002471,wraps,528.46
itm_09_002472,fits,71.13
itm_09_002473,overflows,133.43
itm_09_002474,overflows,212.12
itm_09_002475,overflows,171.58
itm_09_002476,overflows,171.47
itm_09_002477,fits,128.69
itm_09_002478,overflows,109.07
itm_09_002479,overflows,103.92
itm_09_002480,overflows,108.48
itm_09_002481,fits,144.32
itm_09_002482,fits,66.15
itm_09_002483,overflows,63.97
itm_09_002484,overflows,64.83
itm_09_002485,wraps,409.35
itm_09_002486,wraps,159.08
itm_09_002487,fits,64.58
itm_09_002488,fits,125.84
itm_09_002489,overflows,204.58
itm_09_002490,fits,142.03
itm_09_002491,overflows,99.66
itm_09_002492,overflows,210.81
itm_09_002493,fits,96.64
itm_09_002494,overflows,248.36
itm_09_002495,overflows,155.24
itm_09_002496,wraps,161.49
itm_09_002497,overflows,171.52
itm_09_002498,overflows,178.35
itm_09_002499,overflows,213.22
itm_09_002500,fits,56.01
itm_09_002501,overflows,218.85
itm_09_002502,overflows,164.5
itm_09_002503,fits,206.51
itm_09_002504,fits,186.44
itm_09_002505,overflows,100.9
itm_09_002506,overflows,208.77
itm_09_002507,overflows,420.27
itm_09_002508,overflows,294.52
itm_09_002509,wraps,231.09
itm_09_002510,fits,193.18
itm_09_002511,fits,74.05
itm_09_002512,fits,18.59
itm_09_002513,fits,99.62
itm_09_002514,fits,68.54
itm_09_002515,fits,185.88
itm_09_002516,fits,174.57
itm_09_002517,overflows,193.81
itm_09_002518,fits,168.48
itm_09_002519,fits,86.75
itm_09_002520,fits,119.01
itm_09_002521,overflows,160.42
itm_09_002522,wraps,388.28
itm_09_002523,fits,47.27
itm_09_002524,wraps,235.14
itm_09_002525,fits,173.1
itm_09_002526,overflows,169.81
itm_09_002527,overflows,289.28
itm_09_002528,overflows,415.44
itm_09_002529,wraps,517.56
itm_09_002530,overflows,503.45
itm_09_002531,wraps,232.17
itm_09_002532,wraps,446.32
itm_09_002533,wraps,364.64
itm_09_002534,fits,125.2
itm_09_002535,wraps,432.0
itm_09_002536,overflows,305.33
itm_09_002537,overflows,204.12
itm_09_002538,fits,202.93
itm_09_002539,overflows,160.32
itm_09_002540,wraps,197.28
itm_09_002541,overflows,169.01
itm_09_002542,overflows,97.51
itm_09_002543,fits,83.97
itm_09_002544,wraps,128.16
itm_09_002545,overflows,137.81
itm_09_002546,wraps,109.22
itm_09_002547,wraps,305.03
itm_09_002548,overflows,323.96
itm_09_002549,overflows,113.11
itm_09_002550,wraps,301.05
itm_09_002551,overflows,206.11
itm_09_002552,overflows,62.31
itm_09_002553,fits,34.73
itm_09_002554,overflows,141.56
itm_09_002555,fits,89.46
itm_09_002556,fits,161.2
itm_09_002557,overflows,106.52
itm_09_002558,wraps,220.5
itm_09_002559,overflows,110.07
itm_09_002560,overflows,84.53
itm_09_002561,overflows,211.23
itm_09_002562,overflows,295.0
itm_09_002563,overflows,173.07
itm_09_002564,overflows,251.94
itm_09_002565,overflows,70.83
itm_09_002566,overflows,84.53
itm_09_002567,overflows,287.86
itm_09_002568,fits,68.1
itm_09_002569,overflows,69.48
itm_09_002570,overflows,82.58
itm_09_002571,fits,163.56
itm_09_002572,overflows,62.38
itm_09_002573,overflows,277.51
itm_09_002574,fits,131.05
itm_09_002575,overflows,179.08
itm_09_002576,fits,64.41
itm_09_002577,fits,50.16
itm_09_002578,overflows,53.08
itm_09_002579,fits,140.15
itm_09_002580,fits,33.55
itm_09_002581,wraps,288.07
itm_09_002582,overflows,324.5
itm_09_002583,overflows,512.21
itm_09_002584,fits,227.36
itm_09_002585,overflows,222.25
itm_09_002586,overflows,78.48
itm_09_002587,fits,94.06
itm_09_002588,wraps,252.46
itm_09_002589,overflows,267.49
itm_09_002590,fits,135.62
itm_09_002591,overflows,129.72
itm_09_002592,overflows,177.93
itm_09_002593,overflows,49.56
itm_09_002594,fits,85.31
itm_09_002595,fits,164.61
itm_09_002596,overflows,99.07
itm_09_002597,fits,103.37
itm_09_002598,fits,153.34
itm_09_002599,fits,26.75
itm_10_002600,overflows,620.15
itm_10_002601,overflows,622.58
itm_10_002602,wraps,634.6
itm_10_002603,fits,102.28
itm_10_002604,fits,71.3
itm_10_002605,fits,114.22
itm_10_002606,overflows,91.75
itm_10_002607,fits,174.52
itm_10_002608,fits,96.87
itm_10_002609,overflows,72.23
itm_10_002610,fits,104.57
itm_10_002611,fits,104.09
itm_10_002612,wraps,123.68
itm_10_002613,overflows,93.08
itm_10_002614,overflows,270.98
itm_10_002615,fits,186.75
itm_10_002616,overflows,231.14
itm_10_002617,fits,210.06
itm_10_002618,wraps,257.38
itm_10_002619,fits,217.72
itm_10_002620,overflows,206.69
itm_10_002621,overflows,64.01
itm_10_002622,fits,231.19
itm_10_002623,overflows,341.16
itm_10_002624,overflows,76.85
itm_10_002625,overflows,80.31
itm_10_002626,overflows,219.54
itm_10_002627,wraps,172.93
itm_10_002628,overflows,76.48
itm_10_002629,wraps,542.9
itm_10_002630,overflows,188.99
itm_10_002631,wraps,92.44
itm_10_002632,overflows,140.1
itm_10_002633,overflows,247.57
itm_10_002634,overflows,182.88
itm_10_002635,overflows,524.13
itm_10_002636,overflows,72.44
itm_10_002637,overflows,77.08
itm_10_002638,wraps,95.33
itm_10_002639,overflows,97.52
itm_10_002640,fits,67.06
itm_10_002641,overflows,78.97
itm_10_002642,overflows,267.58
itm_10_002643,overflows,215.62
itm_10_002644,overflows,70.39
itm_10_002645,wraps,331.0
itm_10_002646,fits,123.94
itm_10_002647,overflows,115.35
itm_10_002648,fits,115.35
itm_10_002649,fits,123.94
itm_10_002650,fits,72.57
itm_10_002651,overflows,95.5
itm_10_002652,fits,100.12
itm_10_002653,fits,66.36
itm_10_002654,overflows,676.08
itm_10_002655,overflows,573.58
itm_10_002656,wraps,377.94
itm_10_002657,wraps,274.29
itm_10_002658,fits,65.91
itm_10_002659,fits,76.48
itm_10_002660,overflows,225.04
itm_10_002661,fits,94.42
itm_10_002662,fits,100.12
itm_10_002663,fits,66.94
itm_10_002664,fits,178.26
itm_10_002665,overflows,240.53
itm_10_002666,overflows,101.08
itm_10_002667,overflows,119.23
itm_10_002668,wraps,100.81
itm_10_002669,overflows,303.45
itm_10_002670,overflows,242.59
itm_10_002671,wraps,555.87
itm_10_002672,overflows,374.95
itm_10_002673,overflows,600.77
itm_10_002674,overflows,237.02
itm_10_002675,fits,93.64
itm_10_002676,wraps,299.29
itm_10_002677,overflows,81.74
itm_10_002678,wraps,246.81
itm_10_002679,overflows,120.49
itm_10_002680,overflows,77.29
itm_10_002681,overflows,474.44
itm_10_002682,wraps,335.87
itm_10_002683,overflows,96.29
itm_10_002684,overflows,105.46
itm_10_002685,wraps,258.9
itm_10_002686,overflows,408.41
itm_10_002687,overflows,102.95
itm_10_002688,fits,198.88
itm_10_002689,overflows,151.46
itm_10_002690,overflows,95.33
itm_10_002691,wraps,270.27
itm_10_002692,fits,204.73
itm_10_002693,wraps,88.67
itm_10_002694,overflows,60.63
itm_10_002695,overflows,236.43
itm_10_002696,fits,218.74
itm_10_002697,wraps,187.12
itm_10_002698,overflows,104.84
itm_10_002699,fits,241.48
itm_10_002700,wraps,197.18
itm_10_002701,fits,169.96
itm_10_002702,overflows,56.4
itm_10_002703,overflows,410.35
itm_10_002704,overflows,251.5
itm_10_002705,overflows,484.74
itm_10_002706,fits,102.0
itm_10_002707,fits,148.68
itm_10_002708,overflows,248.83
itm_10_002709,overflows,367.15
itm_10_002710,overflows,281.06
itm_10_002711,overflows,415.52
itm_10_002712,overflows,98.16
itm_10_002713,fits,71.3
itm_10_002714,wraps,214.62
itm_10_002715,wraps,580.23
itm_10_002716,overflows,156.08
itm_10_002717,wraps,104.4
itm_10_002718,wraps,165.41
itm_10_002719,overflows,546.86
itm_10_002720,overflows,121.58
itm_10_002721,overflows,751.92
itm_10_002722,overflows,294.19
itm_10_002723,overflows,105.09
itm_10_002724,wraps,743.67
itm_10_002725,overflows,84.01
itm_10_002726,overflows,82.99
itm_10_002727,overflows,127.24
itm_10_002728,overflows,99.11
itm_10_002729,fits,147.67
itm_10_002730,overflows,61.25
itm_10_002731,overflows,61.4
itm_10_002732,overflows,756.09
itm_10_002733,fits,79.2
itm_10_002734,overflows,169.65
itm_10_002735,overflows,183.91
itm_10_002736,overflows,76.47
itm_10_002737,overflows,263.6
itm_10_002738,overflows,234.76
itm_10_002739,wraps,163.41
itm_10_002740,fits,188.17
itm_10_002741,overflows,269.72
itm_10_002742,fits,158.42
itm_10_002743,overflows,210.6
itm_10_002744,overflows,205.44
itm_10_002745,fits,237.74
itm_10_002746,overflows,150.28
itm_10_002747,fits,179.26
itm_10_002748,wraps,350.6
itm_10_002749,overflows,155.36
itm_10_002750,fits,162.08
itm_10_002751,overflows,165.55
itm_10_002752,overflows,70.39
itm_10_002753,overflows,231.59
itm_10_002754,overflows,247.57
itm_10_002755,fits,240.43
itm_10_002756,overflows,124.31
itm_10_002757,overflows,205.67
itm_10_002758,fits,150.91
itm_10_002759,overflows,216.15
itm_10_002760,fits,146.26
itm_10_002761,wraps,224.51
itm_10_002762,overflows,252.69
itm_10_002763,overflows,101.36
itm_10_002764,fits,213.09
itm_10_002765,overflows,102.55
itm_10_002766,overflows,76.47
itm_10_002767,overflows,108.09
itm_10_002768,fits,80.05
itm_10_002769,fits,117.96
itm_10_002770,fits,77.9
itm_10_002771,overflows,161.37
itm_10_002772,fits,122.51
itm_10_002773,overflows,86.03
itm_10_002774,fits,182.58
itm_10_002775,overflows,159.01
itm_10_002776,fits,185.09
itm_10_002777,overflows,90.01
itm_10_002778,fits,224.94
itm_10_002779,overflows,66.42
itm_10_002780,overflows,64.08
itm_10_002781,overflows,95.72
itm_10_002782,overflows,76.47
itm_10_002783,overflows,107.63
itm_10_002784,fits,78.66
itm_10_002785,overflows,215.1
itm_10_002786,overflows,194.08
itm_10_002787,fits,210.01
itm_10_002788,wraps,510.99
itm_10_002789,overflows,162.4
itm_10_002790,overflows,474.81
itm_10_002791,wraps,587.01
itm_10_002792,overflows,563.99
itm_10_002793,wraps,409.26
itm_10_002794,overflows,335.03
itm_10_002795,overflows,625.76
itm_10_002796,overflows,387.47
itm_10_002797,overflows,798.7
itm_10_002798,fits,266.95
itm_10_002799,wraps,651.87
itm_10_002800,wraps,403.88
itm_10_002801,wraps,358.38
itm_10_002802,wraps,385.61
itm_10_002803,wraps,434.07
itm_10_002804,overflows,202.93
itm_10_002805,wraps,527.19
itm_10_002806,overflows,338.87
itm_10_002807,overflows,360.72
itm_10_002808,overflows,610.89
itm_10_002809,fits,182.79
itm_10_002810,overflows,167.83
itm_10_002811,overflows,94.62
itm_10_002812,overflows,74.07
itm_10_002813,overflows,105.39
itm_10_002814,overflows,471.69
itm_10_002815,wraps,686.45
itm_10_002816,overflows,556.51
itm_10_002817,overflows,118.46
itm_10_002818,fits,123.94
itm_10_002819,fits,77.29
itm_10_002820,overflows,97.74
itm_10_002821,wraps,449.28
itm_10_002822,fits,89.98
itm_10_002823,wraps,491.55
itm_10_002824,wraps,202.26
itm_10_002825,overflows,633.44
itm_10_002826,overflows,98.81
itm_10_002827,overflows,168.83
itm_10_002828,fits,113.01
itm_10_002829,overflows,183.16
itm_10_002830,fits,72.92
itm_10_002831,overflows,171.87
itm_10_002832,fits,104.52
itm_10_002833,overflows,190.73
itm_10_002834,overflows,235.82
itm_10_002835,fits,110.3
itm_10_002836,fits,89.79
itm_10_002837,fits,117.22
itm_10_002838,fits,169.06
itm_10_002839,fits,156.52
itm_10_002840,fits,55.25
itm_10_002841,fits,122.75
itm_10_002842,fits,73.15
itm_10_002843,overflows,215.6
itm_10_002844,overflows,65.04
itm_10_002845,fits,286.61
itm_10_002846,overflows,61.4
itm_10_002847,wraps,196.5
itm_10_002848,overflows,257.93
itm_10_002849,overflows,66.37
itm_10_002850,wraps,324.08
itm_10_002851,overflows,407.31
itm_10_002852,overflows,141.92
itm_10_002853,overflows,161.43
itm_10_002854,fits,155.69
itm_10_002855,fits,146.41
itm_10_002856,fits,109.78
itm_10_002857,fits,80.22
itm_10_002858,overflows,88.77
itm_10_002859,overflows,104.7
itm_11_002860,overflows,74.51
itm_11_002861,wraps,560.26
itm_11_002862,fits,174.79
itm_11_002863,fits,45.14
itm_11_002864,overflows,243.07
itm_11_002865,wraps,184.91
itm_11_002866,overflows,45.14
itm_11_002867,overflows,183.7
itm_11_002868,overflows,81.9
itm_11_002869,overflows,100.82
itm_11_002870,overflows,163.17
itm_11_002871,overflows,143.37
itm_11_002872,overflows,49.93
itm_11_002873,fits,70.67
itm_11_002874,fits,198.06
itm_11_002875,fits,87.93
itm_11_002876,overflows,473.29
itm_11_002877,overflows,180.02
itm_11_002878,overflows,166.42
itm_11_002879,overflows,192.14
itm_11_002880,wraps,152.15
itm_11_002881,fits,89.17
itm_11_002882,overflows,163.61
itm_11_002883,overflows,219.59
itm_11_002884,overflows,105.65
itm_11_002885,fits,226.64
itm_11_002886,overflows,486.72
itm_11_002887,overflows,325.47
itm_11_002888,overflows,442.34
itm_11_002889,overflows,203.79
itm_11_002890,wraps,429.04
itm_11_002891,fits,193.83
itm_11_002892,overflows,158.81
itm_11_002893,wraps,75.64
itm_11_002894,wraps,150.47
itm_11_002895,wraps,184.49
itm_11_002896,fits,327.17
itm_11_002897,overflows,163.98
itm_11_002898,fits,165.65
itm_11_002899,overflows,182.73
itm_11_002900,overflows,73.88
itm_11_002901,wraps,326.68
itm_11_002902,overflows,55.73
itm_11_002903,overflows,347.26
itm_11_002904,overflows,143.59
itm_11_002905,fits,246.9
itm_11_002906,overflows,165.79
itm_11_002907,overflows,88.4
itm_11_002908,wraps,102.54
itm_11_002909,wraps,82.07
itm_11_002910,wraps,159.43
itm_11_002911,fits,42.39
itm_11_002912,fits,78.51
itm_11_002913,fits,53.67
itm_11_002914,overflows,54.27
itm_11_002915,fits,78.17
itm_11_002916,fits,64.4
itm_11_002917,fits,55.36
itm_11_002918,overflows,106.87
itm_11_002919,overflows,56.91
itm_11_002920,fits,155.98
itm_11_002921,fits,135.54
itm_11_002922,wraps,71.5
itm_11_002923,overflows,75.22
itm_11_002924,fits,52.62
itm_11_002925,fits,56.91
itm_11_002926,overflows,58.74
itm_11_002927,fits,56.91
itm_11_002928,fits,167.82
itm_11_002929,fits,56.91
itm_11_002930,fits,89.85
itm_11_002931,overflows,65.37
itm_11_002932,overflows,66.81
itm_11_002933,overflows,55.73
itm_11_002934,fits,165.65
itm_11_002935,fits,35.9
itm_11_002936,overflows,190.48
itm_11_002937,overflows,247.12
itm_11_002938,fits,124.63
itm_11_002939,fits,73.71
itm_11_002940,overflows,105.77
itm_11_002941,fits,52.64
itm_11_002942,overflows,89.21
itm_11_002943,fits,52.71
itm_11_002944,wraps,100.34
itm_11_002945,wraps,91.79
itm_11_002946,wraps,218.37
itm_11_002947,fits,269.51
itm_11_002948,wraps,302.25
itm_11_002949,overflows,336.59
itm_11_002950,wraps,328.96
itm_11_002951,wraps,335.22
itm_11_002952,wraps,309.39
itm_11_002953,wraps,314.79
itm_11_002954,wraps,456.02
itm_11_002955,overflows,175.51
itm_11_002956,wraps,443.4
itm_11_002957,wraps,92.42
itm_11_002958,fits,109.84
itm_11_002959,fits,64.64
itm_11_002960,wraps,73.47
itm_11_002961,overflows,236.18
itm_11_002962,wraps,296.33
itm_11_002963,overflows,378.06
itm_11_002964,wraps,142.69
itm_11_002965,overflows,271.98
itm_11_002966,fits,92.97
itm_11_002967,overflows,160.76
itm_11_002968,overflows,73.21
itm_11_002969,wraps,70.37
itm_11_002970,wraps,245.54
itm_11_002971,wraps,245.13
itm_11_002972,fits,64.39
itm_11_002973,fits,179.3
itm_11_002974,fits,62.02
itm_11_002975,fits,202.56
itm_11_002976,overflows,78.3
itm_11_002977,wraps,383.91
itm_11_002978,overflows,129.62
itm_11_002979,overflows,365.5
itm_11_002980,overflows,155.9
itm_11_002981,fits,71.21
itm_11_002982,overflows,246.58
itm_11_002983,overflows,431.1
itm_11_002984,wraps,159.44
itm_11_002985,overflows,171.65
itm_11_002986,wraps,372.42
itm_11_002987,overflows,184.13
itm_11_002988,overflows,243.49
itm_11_002989,overflows,112.36
itm_11_002990,overflows,84.46
itm_11_002991,overflows,128.76
itm_11_002992,wraps,180.28
itm_11_002993,fits,63.98
itm_11_002994,overflows,46.77
itm_11_002995,wraps,378.07
itm_11_002996,wraps,384.32
itm_11_002997,overflows,55.73
itm_11_002998,wraps,102.11
itm_11_002999,fits,58.61
itm_11_003000,fits,51.25
itm_11_003001,fits,41.65
itm_11_003002,wraps,445.4
itm_11_003003,wraps,387.66
itm_11_003004,wraps,150.2
itm_11_003005,overflows,191.7
itm_11_003006,overflows,60.5
itm_11_003007,overflows,250.19
itm_11_003008,fits,122.33
itm_11_003009,overflows,220.61
itm_11_003010,overflows,140.6
itm_11_003011,fits,120.94
itm_11_003012,overflows,179.4
itm_11_003013,fits,240.5
itm_11_003014,overflows,178.72
itm_11_003015,fits,44.46
itm_11_003016,fits,208.63
itm_11_003017,fits,184.86
itm_11_003018,overflows,114.61
itm_11_003019,overflows,220.64
itm_11_003020,wraps,163.8
itm_11_003021,overflows,142.39
itm_11_003022,overflows,126.31
itm_11_003023,wraps,144.63
itm_11_003024,overflows,65.52
itm_11_003025,fits,73.33
itm_11_003026,overflows,185.39
itm_11_003027,overflows,56.43
itm_11_003028,wraps,158.24
itm_11_003029,fits,96.49
itm_11_003030,overflows,111.42
itm_11_003031,overflows,93.55
itm_11_003032,overflows,175.71
itm_11_003033,overflows,172.01
itm_11_003034,overflows,181.19
itm_11_003035,fits,174.96
itm_11_003036,fits,217.45
itm_11_003037,fits,140.13
itm_11_003038,overflows,65.52
itm_11_003039,fits,83.09
itm_11_003040,fits,42.95
itm_11_003041,fits,70.78
itm_11_003042,fits,21.22
itm_11_003043,fits,69.31
itm_11_003044,overflows,55.31
itm_11_003045,fits,35.27
itm_11_003046,overflows,190.84
itm_11_003047,overflows,73.33
itm_11_003048,overflows,196.98
itm_11_003049,fits,30.4
itm_11_003050,fits,174.77
itm_11_003051,fits,82.76
itm_11_003052,fits,111.33
itm_11_003053,wraps,230.72
itm_11_003054,overflows,156.43
itm_11_003055,overflows,177.17
itm_11_003056,wraps,223.88
itm_11_003057,fits,168.47
itm_11_003058,overflows,277.19
itm_11_003059,wraps,277.02
itm_11_003060,overflows,375.48
itm_11_003061,overflows,285.8
itm_11_003062,wraps,321.1
itm_11_003063,wraps,405.2
itm_11_003064,overflows,325.76
itm_11_003065,overflows,429.06
itm_11_003066,wraps,262.21
itm_11_003067,wraps,507.99
itm_11_003068,overflows,408.78
itm_11_003069,wraps,406.0
itm_11_003070,wraps,543.25
itm_11_003071,fits,153.04
itm_11_003072,wraps,468.44
itm_11_003073,overflows,547.04
itm_11_003074,wraps,94.69
itm_11_003075,fits,85.11
itm_11_003076,overflows,194.73
itm_11_003077,wraps,251.42
itm_11_003078,fits,251.96
itm_11_003079,wraps,175.68
itm_11_003080,overflows,155.13
itm_11_003081,fits,85.94
itm_11_003082,overflows,174.34
itm_11_003083,overflows,168.22
itm_11_003084,fits,64.64
itm_11_003085,overflows,68.88
itm_11_003086,overflows,177.89
itm_11_003087,fits,97.3
itm_11_003088,overflows,111.42
itm_11_003089,overflows,61.37
itm_11_003090,fits,211.22
itm_11_003091,overflows,133.18
itm_11_003092,overflows,172.45
itm_11_003093,overflows,103.15
itm_11_003094,fits,196.92
itm_11_003095,fits,64.79
itm_11_003096,wraps,190.67
itm_11_003097,overflows,182.33
itm_11_003098,overflows,56.63
itm_11_003099,overflows,140.89
itm_11_003100,fits,80.03
itm_11_003101,fits,56.63
itm_11_003102,fits,59.82
itm_11_003103,overflows,69.31
itm_11_003104,overflows,194.02
itm_11_003105,overflows,187.47
itm_11_003106,overflows,93.55
itm_11_003107,overflows,110.89
itm_11_003108,fits,85.69
itm_11_003109,wraps,216.35
itm_11_003110,wraps,215.31
itm_11_003111,fits,137.78
itm_11_003112,overflows,118.43
itm_11_003113,overflows,61.7
itm_11_003114,overflows,56.6
itm_11_003115,fits,56.02
itm_11_003116,fits,63.51
itm_11_003117,overflows,91.52
itm_11_003118,fits,82.53
itm_11_003119,fits,175.7
itm_12_003120,wraps,487.83
itm_12_003121,overflows,65.1
itm_12_003122,fits,182.47
itm_12_003123,overflows,194.55
itm_12_003124,fits,182.55
itm_12_003125,fits,61.22
itm_12_003126,fits,63.79
itm_12_003127,overflows,45.04
itm_12_003128,wraps,379.77
itm_12_003129,fits,220.01
itm_12_003130,wraps,591.29
itm_12_003131,fits,73.85
itm_12_003132,fits,78.13
itm_12_003133,fits,160.74
itm_12_003134,overflows,99.33
itm_12_003135,fits,68.36
itm_12_003136,wraps,132.65
itm_12_003137,overflows,157.23
itm_12_003138,fits,365.83
itm_12_003139,fits,59.62
itm_12_003140,fits,77.48
itm_12_003141,wraps,147.39
itm_12_003142,wraps,562.89
itm_12_003143,fits,206.29
itm_12_003144,wraps,94.2
itm_12_003145,fits,49.09
itm_12_003146,overflows,211.21
itm_12_003147,overflows,171.79
itm_12_003148,wraps,214.64
itm_12_003149,wraps,375.96
itm_12_003150,fits,176.17
itm_12_003151,overflows,188.95
itm_12_003152,overflows,219.07
itm_12_003153,wraps,303.03
itm_12_003154,overflows,49.09
itm_12_003155,overflows,87.49
itm_12_003156,wraps,112.4
itm_12_003157,overflows,108.82
itm_12_003158,fits,110.12
itm_12_003159,fits,60.82
itm_12_003160,wraps,102.65
itm_12_003161,overflows,92.86
itm_12_003162,fits,314.62
itm_12_003163,wraps,96.66
itm_12_003164,fits,59.55
itm_12_003165,wraps,96.9
itm_12_003166,wraps,276.51
itm_12_003167,wraps,89.2
itm_12_003168,fits,89.86
itm_12_003169,fits,68.94
itm_12_003170,fits,41.01
itm_12_003171,overflows,54.8
itm_12_003172,fits,55.78
itm_12_003173,overflows,92.43
itm_12_003174,fits,66.1
itm_12_003175,fits,61.35
itm_12_003176,overflows,69.24
itm_12_003177,fits,158.29
itm_12_003178,overflows,181.14
itm_12_003179,overflows,149.99
itm_12_003180,fits,98.51
itm_12_003181,fits,155.26
itm_12_003182,fits,92.36
itm_12_003183,overflows,102.01
itm_12_003184,wraps,118.68
itm_12_003185,fits,147.91
itm_12_003186,overflows,158.9
itm_12_003187,fits,30.34
itm_12_003188,overflows,95.45
itm_12_003189,fits,63.62
itm_12_003190,overflows,155.99
itm_12_003191,fits,97.08
itm_12_003192,wraps,104.08
itm_12_003193,wraps,226.33
itm_12_003194,fits,211.92
itm_12_003195,overflows,150.43
itm_12_003196,fits,121.37
itm_12_003197,fits,97.08
itm_12_003198,fits,60.7
itm_12_003199,overflows,88.44
itm_12_003200,wraps,89.2
itm_12_003201,fits,64.65
itm_12_003202,fits,73.39
itm_12_003203,fits,54.84
itm_12_003204,overflows,58.27
itm_12_003205,wraps,224.09
itm_12_003206,fits,97.08
itm_12_003207,fits,94.78
itm_12_003208,fits,97.08
itm_12_003209,wraps,162.43
itm_12_003210,fits,60.82
itm_12_003211,wraps,151.98
itm_12_003212,fits,158.93
itm_12_003213,wraps,65.77
itm_12_003214,overflows,69.96
itm_12_003215,overflows,71.74
itm_12_003216,fits,107.36
itm_12_003217,wraps,342.67
itm_12_003218,wraps,107.45
itm_12_003219,fits,133.75
itm_12_003220,wraps,341.05
itm_12_003221,fits,155.26
itm_12_003222,wraps,64.62
itm_12_003223,overflows,120.16
itm_12_003224,overflows,177.89
itm_12_003225,fits,133.95
itm_12_003226,fits,93.63
itm_12_003227,overflows,188.78
itm_12_003228,overflows,239.41
itm_12_003229,overflows,147.27
itm_12_003230,fits,128.91
itm_12_003231,fits,39.94
itm_12_003232,fits,174.09
itm_12_003233,overflows,222.34
itm_12_003234,overflows,59.36
itm_12_003235,overflows,161.27
itm_12_003236,overflows,155.34
itm_12_003237,fits,193.75
itm_12_003238,wraps,138.81
itm_12_003239,fits,74.47
itm_12_003240,overflows,111.36
itm_12_003241,overflows,131.02
itm_12_003242,fits,71.04
itm_12_003243,fits,147.76
itm_12_003244,overflows,62.55
itm_12_003245,fits,150.8
itm_12_003246,fits,145.11
itm_12_003247,fits,144.69
itm_12_003248,fits,74.47
itm_12_003249,overflows,76.58
itm_12_003250,fits,71.45
itm_12_003251,fits,107.05
itm_12_003252,fits,175.8
itm_12_003253,fits,144.08
itm_12_003254,overflows,117.01
itm_12_003255,fits,108.32
itm_12_003256,overflows,54.22
itm_12_003257,overflows,47.42
itm_12_003258,fits,31.17
itm_12_003259,fits,103.24
itm_12_003260,fits,58.27
itm_12_003261,fits,90.75
itm_12_003262,fits,35.0
itm_12_003263,fits,73.08
itm_12_003264,fits,157.54
itm_12_003265,fits,162.11
itm_12_003266,overflows,140.03
itm_12_003267,overflows,190.67
itm_12_003268,overflows,158.38
itm_12_003269,fits,53.79
itm_12_003270,fits,51.77
itm_12_003271,overflows,172.82
itm_12_003272,overflows,75.16
itm_12_003273,fits,164.56
itm_12_003274,fits,94.71
itm_12_003275,overflows,180.69
itm_12_003276,fits,115.25
itm_12_003277,fits,40.04
itm_12_003278,fits,120.1
itm_12_003279,fits,175.93
itm_12_003280,overflows,197.81
itm_12_003281,overflows,123.66
itm_12_003282,fits,25.94
itm_12_003283,wraps,304.74
itm_12_003284,wraps,389.45
itm_12_003285,wraps,543.49
itm_12_003286,fits,119.09
itm_12_003287,fits,150.99
itm_12_003288,overflows,80.57
itm_12_003289,wraps,72.15
itm_12_003290,fits,61.55
itm_12_003291,wraps,85.99
itm_12_003292,overflows,192.62
itm_12_003293,wraps,82.56
itm_12_003294,fits,68.89
itm_12_003295,overflows,199.64
itm_12_003296,wraps,272.0
itm_12_003297,wraps,190.22
itm_12_003298,fits,87.6
itm_12_003299,overflows,328.88
itm_12_003300,wraps,267.8
itm_12_003301,overflows,92.51
itm_12_003302,wraps,218.05
itm_12_003303,wraps,132.59
itm_12_003304,wraps,420.84
itm_12_003305,fits,130.09
itm_12_003306,wraps,96.81
itm_12_003307,fits,69.53
itm_12_003308,wraps,491.63
itm_12_003309,fits,69.53
itm_12_003310,fits,37.94
itm_12_003311,fits,68.35
itm_12_003312,overflows,73.84
itm_12_003313,fits,246.44
itm_12_003314,wraps,135.05
itm_12_003315,wraps,338.6
itm_12_003316,overflows,171.37
itm_12_003317,fits,73.29
itm_12_003318,wraps,411.39
itm_12_003319,fits,417.47
itm_12_003320,wraps,419.7
itm_12_003321,fits,171.65
itm_12_003322,fits,48.41
itm_12_003323,fits,79.83
itm_12_003324,wraps,429.48
itm_12_003325,fits,137.78
itm_12_003326,fits,164.14
itm_12_003327,wraps,73.23
itm_12_003328,fits,73.84
itm_12_003329,fits,73.84
itm_12_003330,fits,154.3
itm_12_003331,overflows,206.21
itm_12_003332,overflows,158.74
itm_12_003333,overflows,100.55
itm_12_003334,overflows,112.92
itm_12_003335,overflows,56.3
itm_12_003336,fits,69.57
itm_12_003337,wraps,275.32
itm_12_003338,fits,131.17
itm_12_003339,overflows,148.64
itm_12_003340,fits,163.33
itm_12_003341,overflows,160.66
itm_12_003342,fits,193.33
itm_12_003343,fits,35.17
itm_12_003344,overflows,160.12
itm_12_003345,fits,67.12
itm_12_003346,overflows,220.83
itm_12_003347,overflows,118.84
itm_12_003348,fits,53.6
itm_12_003349,fits,62.22
itm_12_003350,fits,113.79
itm_12_003351,fits,115.69
itm_12_003352,fits,45.37
itm_12_003353,fits,55.13
itm_12_003354,fits,167.53
itm_12_003355,fits,53.6
itm_12_003356,overflows,220.67
itm_12_003357,fits,47.06
itm_12_003358,fits,144.56
itm_12_003359,fits,73.84
itm_12_003360,fits,53.6
itm_12_003361,wraps,520.33
itm_12_003362,fits,59.24
itm_12_003363,overflows,302.54
itm_12_003364,fits,166.58
itm_12_003365,fits,217.83
itm_12_003366,overflows,301.31
itm_12_003367,overflows,259.92
itm_12_003368,overflows,61.39
itm_12_003369,fits,158.71
itm_12_003370,overflows,141.05
itm_12_003371,fits,87.77
itm_12_003372,wraps,199.98
itm_12_003373,fits,161.09
itm_12_003374,fits,66.22
itm_12_003375,fits,54.45
itm_12_003376,fits,65.03
itm_12_003377,fits,70.02
itm_12_003378,overflows,100.47
itm_12_003379,overflows,70.02
itm_13_003380,overflows,173.63
itm_13_003381,overflows,96.77
itm_13_003382,fits,166.02
itm_13_003383,fits,50.8
itm_13_003384,overflows,156.76
itm_13_003385,fits,60.92
itm_13_003386,overflows,153.28
itm_13_003387,overflows,150.33
itm_13_003388,overflows,99.3
itm_13_003389,overflows,123.32
itm_13_003390,overflows,218.9
itm_13_003391,wraps,126.74
itm_13_003392,fits,142.69
itm_13_003393,overflows,172.22
itm_13_003394,overflows,244.79
itm_13_003395,overflows,137.02
itm_13_003396,overflows,94.75
itm_13_003397,overflows,371.86
itm_13_003398,fits,50.68
itm_13_003399,overflows,121.35
itm_13_003400,overflows,198.09
itm_13_003401,overflows,162.27
itm_13_003402,wraps,362.86
itm_13_003403,overflows,235.21
itm_13_003404,fits,35.79
itm_13_003405,wraps,560.71
itm_13_003406,overflows,94.04
itm_13_003407,overflows,132.73
itm_13_003408,fits,72.36
itm_13_003409,wraps,520.13
itm_13_003410,fits,67.05
itm_13_003411,wraps,95.5
itm_13_003412,overflows,216.39
itm_13_003413,overflows,209.12
itm_13_003414,overflows,229.82
itm_13_003415,overflows,88.92
itm_13_003416,wraps,221.5
itm_13_003417,fits,133.61
itm_13_003418,overflows,93.95
itm_13_003419,wraps,189.81
itm_13_003420,wraps,112.26
itm_13_003421,overflows,101.45
itm_13_003422,fits,251.96
itm_13_003423,wraps,144.55
itm_13_003424,overflows,298.15
itm_13_003425,wraps,335.12
itm_13_003426,wraps,260.13
itm_13_003427,wraps,648.88
itm_13_003428,overflows,62.6
itm_13_003429,overflows,86.68
itm_13_003430,overflows,95.58
itm_13_003431,wraps,70.41
itm_13_003432,overflows,70.02
itm_13_003433,wraps,564.52
itm_13_003434,fits,47.41
itm_13_003435,wraps,141.71
itm_13_003436,wraps,183.67
itm_13_003437,fits,96.77
itm_13_003438,wraps,116.35
itm_13_003439,overflows,204.35
itm_13_003440,wraps,82.63
itm_13_003441,fits,110.62
itm_13_003442,overflows,76.76
itm_13_003443,overflows,76.26
itm_13_003444,overflows,96.03
itm_13_003445,fits,94.24
itm_13_003446,overflows,436.88
itm_13_003447,overflows,80.19
itm_13_003448,wraps,120.55
itm_13_003449,overflows,86.91
itm_13_003450,overflows,196.44
itm_13_003451,fits,96.77
itm_13_003452,wraps,283.14
itm_13_003453,overflows,388.44
itm_13_003454,overflows,99.3
itm_13_003455,fits,109.05
itm_13_003456,overflows,117.26
itm_13_003457,fits,96.77
itm_13_003458,fits,83.43
itm_13_003459,overflows,68.33
itm_13_003460,overflows,68.62
itm_13_003461,overflows,248.36
itm_13_003462,fits,53.79
itm_13_003463,fits,137.54
itm_13_003464,wraps,450.85
itm_13_003465,wraps,329.98
itm_13_003466,wraps,163.15
itm_13_003467,wraps,151.97
itm_13_003468,fits,105.93
itm_13_003469,fits,81.61
itm_13_003470,overflows,226.17
itm_13_003471,fits,45.97
itm_13_003472,fits,192.57
itm_13_003473,wraps,65.87
itm_13_003474,fits,252.96
itm_13_003475,overflows,328.44
itm_13_003476,wraps,435.27
itm_13_003477,overflows,53.61
itm_13_003478,fits,65.96
itm_13_003479,overflows,73.48
itm_13_003480,fits,252.18
itm_13_003481,overflows,252.18
itm_13_003482,fits,111.71
itm_13_003483,overflows,93.95
itm_13_003484,wraps,272.9
itm_13_003485,wraps,220.83
itm_13_003486,wraps,269.2
itm_13_003487,overflows,418.86
itm_13_003488,fits,67.68
itm_13_003489,fits,214.82
itm_13_003490,fits,204.35
itm_13_003491,wraps,250.19
itm_13_003492,overflows,84.39
itm_13_003493,wraps,243.16
itm_13_003494,fits,65.87
itm_13_003495,overflows,69.95
itm_13_003496,fits,67.14
itm_13_003497,fits,96.77
itm_13_003498,overflows,173.83
itm_13_003499,fits,81.85
itm_13_003500,overflows,570.4
itm_13_003501,overflows,374.87
itm_13_003502,overflows,179.52
itm_13_003503,overflows,158.97
itm_13_003504,fits,57.11
itm_13_003505,wraps,530.98
itm_13_003506,overflows,94.26
itm_13_003507,overflows,213.74
itm_13_003508,overflows,241.82
itm_13_003509,overflows,68.86
itm_13_003510,wraps,396.57
itm_13_003511,wraps,273.92
itm_13_003512,overflows,312.2
itm_13_003513,wraps,380.23
itm_13_003514,overflows,111.3
itm_13_003515,fits,65.66
itm_13_003516,overflows,89.18
itm_13_003517,overflows,176.02
itm_13_003518,overflows,202.23
itm_13_003519,wraps,161.77
itm_13_003520,fits,59.97
itm_13_003521,wraps,119.43
itm_13_003522,wraps,96.5
itm_13_003523,overflows,123.66
itm_13_003524,fits,153.7
itm_13_003525,fits,154.31
itm_13_003526,fits,206.56
itm_13_003527,overflows,86.97
itm_13_003528,overflows,114.03
itm_13_003529,overflows,68.2
itm_13_003530,wraps,461.87
itm_13_003531,wraps,86.97
itm_13_003532,fits,228.23
itm_13_003533,fits,142.28
itm_13_003534,overflows,196.28
itm_13_003535,fits,107.94
itm_13_003536,overflows,231.37
itm_13_003537,overflows,160.99
itm_13_003538,wraps,364.41
itm_13_003539,overflows,89.05
itm_13_003540,overflows,153.28
itm_13_003541,overflows,112.92
itm_13_003542,overflows,171.78
itm_13_003543,fits,213.26
itm_13_003544,overflows,259.24
itm_13_003545,overflows,248.31
itm_13_003546,overflows,131.69
itm_13_003547,overflows,195.72
itm_13_003548,overflows,138.99
itm_13_003549,fits,125.63
itm_13_003550,fits,77.14
itm_13_003551,fits,194.51
itm_13_003552,overflows,200.43
itm_13_003553,overflows,83.48
itm_13_003554,fits,45.92
itm_13_003555,overflows,177.75
itm_13_003556,fits,218.37
itm_13_003557,fits,156.4
itm_13_003558,fits,188.71
itm_13_003559,wraps,256.95
itm_13_003560,overflows,243.48
itm_13_003561,fits,197.43
itm_13_003562,overflows,192.84
itm_13_003563,fits,67.6
itm_13_003564,overflows,144.1
itm_13_003565,overflows,80.79
itm_13_003566,fits,94.09
itm_13_003567,overflows,196.5
itm_13_003568,fits,110.45
itm_13_003569,fits,101.35
itm_13_003570,fits,160.87
itm_13_003571,fits,73.35
itm_13_003572,fits,165.51
itm_13_003573,overflows,160.22
itm_13_003574,overflows,188.14
itm_13_003575,fits,107.94
itm_13_003576,fits,64.93
itm_13_003577,fits,136.46
itm_13_003578,fits,113.82
itm_13_003579,fits,115.47
itm_13_003580,overflows,78.06
itm_13_003581,overflows,186.69
itm_13_003582,wraps,141.71
itm_13_003583,overflows,339.39
itm_13_003584,wraps,632.01
itm_13_003585,overflows,240.99
itm_13_003586,overflows,53.56
itm_13_003587,wraps,345.08
itm_13_003588,overflows,187.81
itm_13_003589,wraps,256.6
itm_13_003590,fits,210.9
itm_13_003591,wraps,349.9
itm_13_003592,wraps,296.45
itm_13_003593,wraps,550.65
itm_13_003594,fits,115.31
itm_13_003595,overflows,227.67
itm_13_003596,wraps,357.68
itm_13_003597,wraps,476.56
itm_13_003598,fits,60.13
itm_13_003599,overflows,192.8
itm_13_003600,overflows,284.45
itm_13_003601,fits,87.99
itm_13_003602,fits,52.37
itm_13_003603,wraps,112.4
itm_13_003604,overflows,182.86
itm_13_003605,overflows,185.78
itm_13_003606,overflows,185.78
itm_13_003607,overflows,219.66
itm_13_003608,overflows,160.8
itm_13_003609,wraps,205.91
itm_13_003610,overflows,86.98
itm_13_003611,overflows,394.81
itm_13_003612,wraps,424.89
itm_13_003613,fits,112.04
itm_13_003614,fits,148.7
itm_13_003615,wraps,142.04
itm_13_003616,fits,57.11
itm_13_003617,fits,127.44
itm_13_003618,fits,199.08
itm_13_003619,overflows,253.17
itm_13_003620,fits,196.74
itm_13_003621,fits,180.06
itm_13_003622,overflows,219.48
itm_13_003623,fits,138.64
itm_13_003624,fits,170.3
itm_13_003625,overflows,80.71
itm_13_003626,wraps,561.2
itm_13_003627,overflows,346.51
itm_13_003628,wraps,124.54
itm_13_003629,fits,61.75
itm_13_003630,overflows,114.61
itm_13_003631,overflows,183.0
itm_13_003632,fits,130.41
itm_13_003633,overflows,115.62
itm_13_003634,overflows,38.42
itm_13_003635,fits,29.5
itm_13_003636,fits,54.32
itm_13_003637,fits,57.56
itm_13_003638,fits,83.73
itm_13_003639,overflows,87.4
itm_14_003640,fits,202.8
itm_14_003641,fits,57.02
itm_14_003642,overflows,188.46
itm_14_003643,overflows,52.23
itm_14_003644,wraps,348.85
itm_14_003645,fits,126.43
itm_14_003646,wraps,174.38
itm_14_003647,fits,79.15
itm_14_003648,overflows,89.14
itm_14_003649,fits,69.97
itm_14_003650,overflows,128.94
itm_14_003651,wraps,114.71
itm_14_003652,overflows,69.97
itm_14_003653,fits,341.11
itm_14_003654,fits,87.49
itm_14_003655,fits,158.2
itm_14_003656,overflows,55.52
itm_14_003657,wraps,62.97
itm_14_003658,overflows,326.15
itm_14_003659,fits,136.46
itm_14_003660,wraps,180.73
itm_14_003661,wraps,317.47
itm_14_003662,wraps,303.08
itm_14_003663,wraps,212.6
itm_14_003664,overflows,145.91
itm_14_003665,fits,72.87
itm_14_003666,wraps,340.17
itm_14_003667,wraps,89.89
itm_14_003668,fits,380.19
itm_14_003669,fits,105.6
itm_14_003670,wraps,117.43
itm_14_003671,overflows,157.12
itm_14_003672,fits,310.15
itm_14_003673,fits,255.76
itm_14_003674,overflows,63.94
itm_14_003675,wraps,107.6
itm_14_003676,wraps,136.99
itm_14_003677,wraps,112.2
itm_14_003678,wraps,75.79
itm_14_003679,overflows,92.08
itm_14_003680,overflows,404.57
itm_14_003681,fits,163.55
itm_14_003682,fits,109.46
itm_14_003683,fits,53.92
itm_14_003684,wraps,70.91
itm_14_003685,wraps,142.01
itm_14_003686,fits,71.8
itm_14_003687,fits,58.39
itm_14_003688,fits,58.23
itm_14_003689,fits,63.68
itm_14_003690,fits,58.36
itm_14_003691,fits,113.0
itm_14_003692,fits,171.32
itm_14_003693,fits,82.03
itm_14_003694,wraps,130.07
itm_14_003695,fits,166.6
itm_14_003696,fits,103.68
itm_14_003697,fits,103.68
itm_14_003698,fits,175.15
itm_14_003699,overflows,290.4
itm_14_003700,fits,103.68
itm_14_003701,overflows,123.53
itm_14_003702,fits,66.19
itm_14_003703,fits,128.66
itm_14_003704,overflows,80.67
itm_14_003705,fits,72.26
itm_14_003706,fits,71.73
itm_14_003707,overflows,70.64
itm_14_003708,wraps,169.24
itm_14_003709,wraps,77.2
itm_14_003710,fits,66.65
itm_14_003711,fits,103.68
itm_14_003712,fits,202.68
itm_14_003713,fits,55.67
itm_14_003714,fits,37.37
itm_14_003715,wraps,174.13
itm_14_003716,fits,221.17
itm_14_003717,fits,186.25
itm_14_003718,overflows,159.05
itm_14_003719,fits,89.76
itm_14_003720,fits,117.59
itm_14_003721,wraps,166.22
itm_14_003722,overflows,94.44
itm_14_003723,fits,103.68
itm_14_003724,overflows,97.14
itm_14_003725,fits,72.53
itm_14_003726,fits,49.72
itm_14_003727,fits,60.4
itm_14_003728,wraps,71.31
itm_14_003729,wraps,444.58
itm_14_003730,wraps,284.07
itm_14_003731,overflows,216.81
itm_14_003732,wraps,549.17
itm_14_003733,wraps,574.93
itm_14_003734,wraps,208.0
itm_14_003735,fits,140.53
itm_14_003736,wraps,184.9
itm_14_003737,fits,55.67
itm_14_003738,wraps,95.66
itm_14_003739,fits,70.69
itm_14_003740,wraps,124.58
itm_14_003741,overflows,114.34
itm_14_003742,fits,101.2
itm_14_003743,wraps,91.29
itm_14_003744,wraps,65.99
itm_14_003745,overflows,377.89
itm_14_003746,overflows,496.89
itm_14_003747,wraps,226.4
itm_14_003748,fits,65.32
itm_14_003749,overflows,66.99
itm_14_003750,wraps,319.5
itm_14_003751,fits,244.11
itm_14_003752,overflows,160.45
itm_14_003753,wraps,209.83
itm_14_003754,fits,126.43
itm_14_003755,wraps,224.13
itm_14_003756,overflows,63.96
itm_14_003757,fits,58.43
itm_14_003758,fits,59.39
itm_14_003759,fits,62.57
itm_14_003760,fits,84.31
itm_14_003761,fits,197.0
itm_14_003762,fits,36.25
itm_14_003763,wraps,144.17
itm_14_003764,fits,155.29
itm_14_003765,overflows,378.56
itm_14_003766,overflows,272.18
itm_14_003767,wraps,278.44
itm_14_003768,fits,103.68
itm_14_003769,wraps,115.93
itm_14_003770,fits,167.27
itm_14_003771,fits,54.87
itm_14_003772,fits,78.43
itm_14_003773,fits,73.65
itm_14_003774,fits,42.44
itm_14_003775,overflows,52.14
itm_14_003776,wraps,199.43
itm_14_003777,wraps,119.4
itm_14_003778,overflows,301.94
itm_14_003779,overflows,115.07
itm_14_003780,wraps,53.75
itm_14_003781,fits,66.99
itm_14_003782,fits,199.45
itm_14_003783,wraps,71.96
itm_14_003784,overflows,136.28
itm_14_003785,fits,167.0
itm_14_003786,fits,54.87
itm_14_003787,wraps,45.15
itm_14_003788,wraps,53.17
itm_14_003789,overflows,54.15
itm_14_003790,fits,402.59
itm_14_003791,fits,107.11
itm_14_003792,wraps,340.93
itm_14_003793,overflows,164.46
itm_14_003794,fits,133.27
itm_14_003795,fits,92.49
itm_14_003796,fits,241.71
itm_14_003797,fits,44.74
itm_14_003798,wraps,145.07
itm_14_003799,wraps,325.61
itm_14_003800,overflows,104.29
itm_14_003801,overflows,168.14
itm_14_003802,fits,148.6
itm_14_003803,fits,158.84
itm_14_003804,fits,51.73
itm_14_003805,fits,49.75
itm_14_003806,fits,113.89
itm_14_003807,fits,137.97
itm_14_003808,fits,130.89
itm_14_003809,fits,52.89
itm_14_003810,fits,209.55
itm_14_003811,fits,119.7
itm_14_003812,fits,109.81
itm_14_003813,fits,117.41
itm_14_003814,fits,121.52
itm_14_003815,fits,189.12
itm_14_003816,fits,73.02
itm_14_003817,fits,172.21
itm_14_003818,fits,181.73
itm_14_003819,fits,145.59
itm_14_003820,overflows,251.32
itm_14_003821,wraps,208.54
itm_14_003822,overflows,149.84
itm_14_003823,fits,75.55
itm_14_003824,overflows,88.8
itm_14_003825,overflows,79.88
itm_14_003826,fits,74.87
itm_14_003827,overflows,67.31
itm_14_003828,fits,76.38
itm_14_003829,fits,150.6
itm_14_003830,fits,167.42
itm_14_003831,overflows,73.47
itm_14_003832,fits,142.62
itm_14_003833,fits,51.73
itm_14_003834,wraps,457.63
itm_14_003835,overflows,112.02
itm_14_003836,fits,154.35
itm_14_003837,wraps,173.61
itm_14_003838,overflows,167.75
itm_14_003839,wraps,204.9
itm_14_003840,overflows,117.51
itm_14_003841,wraps,208.09
itm_14_003842,fits,335.42
itm_14_003843,fits,212.68
itm_14_003844,wraps,336.42
itm_14_003845,wraps,252.05
itm_14_003846,overflows,55.67
itm_14_003847,wraps,340.51
itm_14_003848,wraps,653.21
itm_14_003849,wraps,360.9
itm_14_003850,wraps,345.62
itm_14_003851,wraps,154.25
itm_14_003852,overflows,140.01
itm_14_003853,fits,284.54
itm_14_003854,overflows,71.52
itm_14_003855,fits,64.37
itm_14_003856,wraps,66.77
itm_14_003857,wraps,88.31
itm_14_003858,wraps,82.36
itm_14_003859,overflows,136.8
itm_14_003860,wraps,267.6
itm_14_003861,wraps,85.26
itm_14_003862,fits,77.69
itm_14_003863,overflows,142.11
itm_14_003864,overflows,150.47
itm_14_003865,wraps,513.39
itm_14_003866,fits,31.48
itm_14_003867,fits,73.75
itm_14_003868,fits,59.79
itm_14_003869,fits,67.11
itm_14_003870,fits,72.94
itm_14_003871,fits,72.94
itm_14_003872,wraps,492.49
itm_14_003873,fits,67.93
itm_14_003874,wraps,244.36
itm_14_003875,fits,171.61
itm_14_003876,fits,173.68
itm_14_003877,overflows,50.37
itm_14_003878,fits,174.18
itm_14_003879,overflows,93.65
itm_14_003880,overflows,115.06
itm_14_003881,fits,108.89
itm_14_003882,overflows,123.89
itm_14_003883,overflows,214.34
itm_14_003884,fits,70.3
itm_14_003885,fits,175.88
itm_14_003886,overflows,99.22
itm_14_003887,fits,143.19
itm_14_003888,overflows,173.18
itm_14_003889,fits,115.44
itm_14_003890,fits,65.08
itm_14_003891,fits,47.18
itm_14_003892,wraps,143.67
itm_14_003893,fits,181.21
itm_14_003894,overflows,37.37
itm_14_003895,overflows,45.51
itm_14_003896,fits,47.18
itm_14_003897,fits,44.48
itm_14_003898,fits,49.08
itm_14_003899,fits,160.38
itm_15_003900,overflows,72.52
itm_15_003901,overflows,69.13
itm_15_003902,overflows,117.89
itm_15_003903,overflows,180.88
itm_15_003904,fits,289.9
itm_15_003905,overflows,122.64
itm_15_003906,overflows,95.01
itm_15_003907,overflows,80.69
itm_15_003908,fits,93.79
itm_15_003909,wraps,237.09
itm_15_003910,overflows,375.59
itm_15_003911,fits,61.99
itm_15_003912,overflows,64.95
itm_15_003913,wraps,258.82
itm_15_003914,overflows,243.74
itm_15_003915,wraps,258.73
itm_15_003916,overflows,220.7
itm_15_003917,overflows,52.53
itm_15_003918,fits,67.46
itm_15_003919,overflows,227.77
itm_15_003920,wraps,173.67
itm_15_003921,overflows,263.72
itm_15_003922,overflows,220.76
itm_15_003923,overflows,89.5
itm_15_003924,overflows,92.7
itm_15_003925,overflows,241.49
itm_15_003926,overflows,204.6
itm_15_003927,fits,149.85
itm_15_003928,overflows,396.54
itm_15_003929,fits,197.73
itm_15_003930,wraps,219.74
itm_15_003931,overflows,170.73
itm_15_003932,fits,209.93
itm_15_003933,overflows,108.28
itm_15_003934,wraps,149.76
itm_15_003935,overflows,194.8
itm_15_003936,overflows,238.48
itm_15_003937,overflows,122.85
itm_15_003938,wraps,145.02
itm_15_003939,overflows,97.92
itm_15_003940,overflows,65.81
itm_15_003941,wraps,699.83
itm_15_003942,overflows,188.92
itm_15_003943,overflows,122.98
itm_15_003944,wraps,101.09
itm_15_003945,wraps,397.66
itm_15_003946,wraps,587.22
itm_15_003947,overflows,64.95
itm_15_003948,fits,236.34
itm_15_003949,overflows,187.49
itm_15_003950,wraps,208.81
itm_15_003951,fits,234.89
itm_15_003952,overflows,228.97
itm_15_003953,wraps,89.59
itm_15_003954,fits,85.37
itm_15_003955,fits,70.4
itm_15_003956,fits,62.19
itm_15_003957,fits,44.81
itm_15_003958,overflows,82.76
itm_15_003959,fits,193.94
itm_15_003960,overflows,165.61
itm_15_003961,wraps,183.12
itm_15_003962,overflows,85.57
itm_15_003963,overflows,241.49
itm_15_003964,overflows,129.38
itm_15_003965,overflows,276.21
itm_15_003966,overflows,192.76
itm_15_003967,fits,238.66
itm_15_003968,fits,141.95
itm_15_003969,overflows,76.67
itm_15_003970,fits,73.85
itm_15_003971,overflows,73.08
itm_15_003972,overflows,72.01
itm_15_003973,fits,102.44
itm_15_003974,fits,144.78
itm_15_003975,overflows,64.95
itm_15_003976,overflows,268.93
itm_15_003977,overflows,122.62
itm_15_003978,fits,44.81
itm_15_003979,fits,69.13
itm_15_003980,fits,140.04
itm_15_003981,fits,117.26
itm_15_003982,fits,205.88
itm_15_003983,overflows,81.37
itm_15_003984,wraps,240.82
itm_15_003985,fits,138.03
itm_15_003986,overflows,84.67
itm_15_003987,overflows,190.56
itm_15_003988,wraps,315.01
itm_15_003989,overflows,317.35
itm_15_003990,wraps,276.98
itm_15_003991,fits,71.99
itm_15_003992,overflows,625.05
itm_15_003993,overflows,507.19
itm_15_003994,fits,226.27
itm_15_003995,overflows,153.18
itm_15_003996,wraps,190.86
itm_15_003997,overflows,102.15
itm_15_003998,fits,122.62
itm_15_003999,wraps,306.91
itm_15_004000,wraps,145.78
itm_15_004001,overflows,404.22
itm_15_004002,overflows,142.85
itm_15_004003,overflows,94.13
itm_15_004004,overflows,87.54
itm_15_004005,wraps,91.41
itm_15_004006,overflows,86.69
itm_15_004007,overflows,231.41
itm_15_004008,fits,232.27
itm_15_004009,wraps,259.49
itm_15_004010,fits,197.85
itm_15_004011,fits,71.15
itm_15_004012,overflows,64.0
itm_15_004013,overflows,88.07
itm_15_004014,fits,81.61
itm_15_004015,fits,94.4
itm_15_004016,fits,92.86
itm_15_004017,fits,69.74
itm_15_004018,overflows,151.33
itm_15_004019,fits,93.79
itm_15_004020,fits,166.28
itm_15_004021,overflows,166.28
itm_15_004022,overflows,307.91
itm_15_004023,wraps,90.61
itm_15_004024,overflows,436.83
itm_15_004025,overflows,79.72
itm_15_004026,overflows,160.09
itm_15_004027,wraps,175.23
itm_15_004028,wraps,450.75
itm_15_004029,overflows,120.3
itm_15_004030,overflows,151.9
itm_15_004031,wraps,163.04
itm_15_004032,overflows,125.08
itm_15_004033,overflows,199.93
itm_15_004034,wraps,310.75
itm_15_004035,wraps,193.73
itm_15_004036,wraps,431.75
itm_15_004037,fits,72.07
itm_15_004038,fits,72.07
itm_15_004039,overflows,127.36
itm_15_004040,fits,73.59
itm_15_004041,overflows,93.86
itm_15_004042,fits,214.16
itm_15_004043,wraps,140.18
itm_15_004044,fits,153.33
itm_15_004045,overflows,82.62
itm_15_004046,overflows,74.58
itm_15_004047,overflows,220.18
itm_15_004048,fits,73.32
itm_15_004049,fits,266.7
itm_15_004050,fits,53.36
itm_15_004051,overflows,76.56
itm_15_004052,overflows,70.39
itm_15_004053,fits,70.41
itm_15_004054,fits,122.92
itm_15_004055,wraps,161.27
itm_15_004056,overflows,101.54
itm_15_004057,fits,72.07
itm_15_004058,fits,220.01
itm_15_004059,fits,146.07
itm_15_004060,overflows,117.46
itm_15_004061,overflows,175.87
itm_15_004062,overflows,259.06
itm_15_004063,overflows,178.94
itm_15_004064,fits,131.35
itm_15_004065,fits,69.62
itm_15_004066,overflows,89.35
itm_15_004067,fits,176.31
itm_15_004068,fits,204.99
itm_15_004069,overflows,191.71
itm_15_004070,fits,60.94
itm_15_004071,overflows,160.67
itm_15_004072,overflows,184.79
itm_15_004073,fits,118.58
itm_15_004074,fits,145.54
itm_15_004075,overflows,304.43
itm_15_004076,overflows,187.18
itm_15_004077,overflows,201.67
itm_15_004078,overflows,91.5
itm_15_004079,overflows,93.89
itm_15_004080,fits,130.42
itm_15_004081,overflows,129.97
itm_15_004082,overflows,86.32
itm_15_004083,overflows,182.04
itm_15_004084,fits,49.06
itm_15_004085,fits,71.43
itm_15_004086,fits,75.33
itm_15_004087,fits,103.44
itm_15_004088,fits,198.56
itm_15_004089,overflows,59.59
itm_15_004090,overflows,604.55
itm_15_004091,overflows,122.03
itm_15_004092,fits,96.68
itm_15_004093,fits,120.44
itm_15_004094,overflows,260.72
itm_15_004095,overflows,142.85
itm_15_004096,overflows,213.57
itm_15_004097,overflows,643.77
itm_15_004098,overflows,400.79
itm_15_004099,overflows,476.35
itm_15_004100,wraps,409.23
itm_15_004101,wraps,281.89
itm_15_004102,fits,269.01
itm_15_004103,wraps,117.83
itm_15_004104,fits,65.19
itm_15_004105,overflows,175.5
itm_15_004106,wraps,294.85
itm_15_004107,wraps,80.3
itm_15_004108,wraps,112.91
itm_15_004109,overflows,415.49
itm_15_004110,overflows,330.2
itm_15_004111,overflows,101.16
itm_15_004112,overflows,97.27
itm_15_004113,overflows,120.81
itm_15_004114,wraps,303.95
itm_15_004115,wraps,98.96
itm_15_004116,overflows,748.42
itm_15_004117,overflows,427.29
itm_15_004118,overflows,120.98
itm_15_004119,wraps,188.79
itm_15_004120,fits,69.62
itm_15_004121,overflows,164.63
itm_15_004122,overflows,85.35
itm_15_004123,wraps,151.74
itm_15_004124,overflows,139.51
itm_15_004125,fits,72.46
itm_15_004126,fits,157.18
itm_15_004127,fits,129.38
itm_15_004128,overflows,157.18
itm_15_004129,overflows,526.18
itm_15_004130,overflows,273.05
itm_15_004131,fits,72.15
itm_15_004132,fits,180.97
itm_15_004133,fits,142.01
itm_15_004134,overflows,187.78
itm_15_004135,fits,251.55
itm_15_004136,overflows,203.67
itm_15_004137,overflows,78.05
itm_15_004138,overflows,67.86
itm_15_004139,overflows,63.55
itm_15_004140,overflows,83.36
itm_15_004141,fits,51.36
itm_15_004142,overflows,105.26
itm_15_004143,wraps,220.26
itm_15_004144,overflows,43.54
itm_15_004145,fits,37.07
itm_15_004146,fits,63.55
itm_15_004147,fits,293.95
itm_15_004148,overflows,85.35
itm_15_004149,overflows,63.55
itm_15_004150,overflows,228.74
itm_15_004151,overflows,123.76
itm_15_004152,overflows,150.81
itm_15_004153,overflows,87.72
itm_15_004154,fits,158.81
itm_15_004155,fits,27.0
itm_15_004156,overflows,59.34
itm_15_004157,overflows,107.76
itm_15_004158,overflows,198.07
itm_15_004159,fits,79.39
itm_16_004160,overflows,205.02
itm_16_004161,fits,78.83
itm_16_004162,overflows,275.65
itm_16_004163,fits,170.22
itm_16_004164,fits,62.28
itm_16_004165,overflows,232.25
itm_16_004166,overflows,290.54
itm_16_004167,wraps,542.65
itm_16_004168,overflows,178.42
itm_16_004169,fits,66.15
itm_16_004170,wraps,70.87
itm_16_004171,fits,257.35
itm_16_004172,overflows,146.38
itm_16_004173,overflows,114.77
itm_16_004174,overflows,263.89
itm_16_004175,fits,287.03
itm_16_004176,wraps,119.27
itm_16_004177,overflows,81.99
itm_16_004178,overflows,281.57
itm_16_004179,overflows,375.0
itm_16_004180,overflows,172.71
itm_16_004181,fits,199.03
itm_16_004182,overflows,97.68
itm_16_004183,wraps,374.56
itm_16_004184,wraps,289.89
itm_16_004185,overflows,226.59
itm_16_004186,overflows,208.35
itm_16_004187,fits,105.07
itm_16_004188,fits,63.11
itm_16_004189,wraps,155.34
itm_16_004190,fits,189.36
itm_16_004191,overflows,124.4
itm_16_004192,fits,199.11
itm_16_004193,fits,281.85
itm_16_004194,overflows,199.66
itm_16_004195,wraps,137.4
itm_16_004196,wraps,211.45
itm_16_004197,overflows,169.22
itm_16_004198,overflows,118.88
itm_16_004199,overflows,157.15
itm_16_004200,overflows,70.75
itm_16_004201,overflows,114.66
itm_16_004202,overflows,712.09
itm_16_004203,wraps,437.73
itm_16_004204,overflows,114.77
itm_16_004205,overflows,114.77
itm_16_004206,overflows,117.9
itm_16_004207,wraps,86.29
itm_16_004208,overflows,84.36
itm_16_004209,overflows,57.19
itm_16_004210,fits,58.02
itm_16_004211,overflows,85.66
itm_16_004212,overflows,70.38
itm_16_004213,fits,93.99
itm_16_004214,overflows,173.73
itm_16_004215,overflows,90.02
itm_16_004216,overflows,106.6
itm_16_004217,overflows,726.02
itm_16_004218,fits,251.2
itm_16_004219,fits,109.03
itm_16_004220,fits,109.03
itm_16_004221,overflows,231.62
itm_16_004222,overflows,354.84
itm_16_004223,fits,150.16
itm_16_004224,wraps,142.91
itm_16_004225,fits,72.4
itm_16_004226,fits,77.46
itm_16_004227,overflows,66.68
itm_16_004228,fits,142.78
itm_16_004229,fits,70.18
itm_16_004230,fits,78.55
itm_16_004231,overflows,57.78
itm_16_004232,overflows,65.15
itm_16_004233,fits,134.01
itm_16_004234,overflows,78.75
itm_16_004235,wraps,162.98
itm_16_004236,wraps,199.99
itm_16_004237,overflows,188.52
itm_16_004238,fits,44.28
itm_16_004239,overflows,119.69
itm_16_004240,fits,88.62
itm_16_004241,fits,59.8
itm_16_004242,wraps,175.63
itm_16_004243,overflows,58.14
itm_16_004244,overflows,209.5
itm_16_004245,overflows,380.21
itm_16_004246,wraps,330.28
itm_16_004247,overflows,228.69
itm_16_004248,wraps,112.1
itm_16_004249,overflows,82.57
itm_16_004250,fits,90.01
itm_16_004251,overflows,443.85
itm_16_004252,wraps,260.92
itm_16_004253,overflows,485.39
itm_16_004254,fits,224.79
itm_16_004255,wraps,315.22
itm_16_004256,fits,109.03
itm_16_004257,fits,163.76
itm_16_004258,overflows,291.83
itm_16_004259,overflows,114.46
itm_16_004260,fits,167.26
itm_16_004261,overflows,86.29
itm_16_004262,fits,139.79
itm_16_004263,fits,64.99
itm_16_004264,overflows,108.48
itm_16_004265,overflows,216.26
itm_16_004266,wraps,216.52
itm_16_004267,overflows,152.95
itm_16_004268,overflows,247.59
itm_16_004269,overflows,123.29
itm_16_004270,overflows,139.54
itm_16_004271,overflows,51.56
itm_16_004272,wraps,227.69
itm_16_004273,overflows,373.83
itm_16_004274,overflows,94.94
itm_16_004275,overflows,180.31
itm_16_004276,fits,78.71
itm_16_004277,wraps,471.9
itm_16_004278,overflows,156.25
itm_16_004279,overflows,118.08
itm_16_004280,wraps,328.34
itm_16_004281,overflows,175.08
itm_16_004282,overflows,84.97
itm_16_004283,overflows,180.84
itm_16_004284,wraps,320.06
itm_16_004285,wraps,205.9
itm_16_004286,wraps,172.01
itm_16_004287,wraps,415.96
itm_16_004288,wraps,401.13
itm_16_004289,fits,62.28
itm_16_004290,wraps,118.85
itm_16_004291,overflows,157.76
itm_16_004292,wraps,213.76
itm_16_004293,overflows,123.61
itm_16_004294,overflows,79.1
itm_16_004295,overflows,89.81
itm_16_004296,fits,172.88
itm_16_004297,fits,67.64
itm_16_004298,overflows,68.22
itm_16_004299,overflows,47.2
itm_16_004300,overflows,677.18
itm_16_004301,overflows,146.95
itm_16_004302,overflows,76.86
itm_16_004303,overflows,106.44
itm_16_004304,overflows,207.56
itm_16_004305,overflows,177.96
itm_16_004306,overflows,74.67
itm_16_004307,wraps,359.03
itm_16_004308,wraps,159.25
itm_16_004309,overflows,163.9
itm_16_004310,overflows,152.4
itm_16_004311,overflows,268.6
itm_16_004312,overflows,167.87
itm_16_004313,fits,202.92
itm_16_004314,overflows,206.4
itm_16_004315,fits,59.29
itm_16_004316,overflows,225.48
itm_16_004317,fits,256.5
itm_16_004318,fits,124.44
itm_16_004319,overflows,155.1
itm_16_004320,overflows,148.16
itm_16_004321,overflows,153.16
itm_16_004322,fits,168.19
itm_16_004323,fits,179.78
itm_16_004324,overflows,71.01
itm_16_004325,fits,56.75
itm_16_004326,fits,95.19
itm_16_004327,fits,93.56
itm_16_004328,wraps,290.93
itm_16_004329,overflows,258.03
itm_16_004330,wraps,157.48
itm_16_004331,overflows,77.67
itm_16_004332,wraps,184.77
itm_16_004333,overflows,103.4
itm_16_004334,overflows,153.83
itm_16_004335,overflows,188.0
itm_16_004336,wraps,489.74
itm_16_004337,overflows,104.0
itm_16_004338,overflows,40.65
itm_16_004339,overflows,47.91
itm_16_004340,overflows,55.15
itm_16_004341,fits,114.43
itm_16_004342,overflows,72.9
itm_16_004343,overflows,162.19
itm_16_004344,overflows,86.78
itm_16_004345,fits,160.78
itm_16_004346,overflows,198.06
itm_16_004347,fits,78.46
itm_16_004348,overflows,40.65
itm_16_004349,overflows,157.83
itm_16_004350,fits,71.67
itm_16_004351,fits,113.08
itm_16_004352,overflows,255.31
itm_16_004353,fits,130.62
itm_16_004354,overflows,418.85
itm_16_004355,fits,69.08
itm_16_004356,wraps,320.84
itm_16_004357,overflows,360.75
itm_16_004358,fits,40.47
itm_16_004359,overflows,397.26
itm_16_004360,wraps,400.0
itm_16_004361,overflows,532.61
itm_16_004362,wraps,297.33
itm_16_004363,wraps,408.56
itm_16_004364,wraps,314.92
itm_16_004365,overflows,179.95
itm_16_004366,wraps,321.98
itm_16_004367,fits,129.17
itm_16_004368,overflows,432.84
itm_16_004369,wraps,583.99
itm_16_004370,wraps,164.52
itm_16_004371,wraps,275.71
itm_16_004372,fits,130.63
itm_16_004373,wraps,80.74
itm_16_004374,wraps,99.78
itm_16_004375,wraps,237.18
itm_16_004376,overflows,119.64
itm_16_004377,wraps,280.95
itm_16_004378,wraps,183.73
itm_16_004379,overflows,235.89
itm_16_004380,overflows,255.95
itm_16_004381,overflows,73.54
itm_16_004382,fits,68.17
itm_16_004383,overflows,275.93
itm_16_004384,overflows,510.71
itm_16_004385,fits,209.23
itm_16_004386,fits,119.38
itm_16_004387,overflows,101.47
itm_16_004388,fits,68.17
itm_16_004389,fits,66.63
itm_16_004390,fits,86.69
itm_16_004391,overflows,134.64
itm_16_004392,fits,231.23
itm_16_004393,overflows,182.7
itm_16_004394,overflows,188.82
itm_16_004395,fits,74.5
itm_16_004396,fits,53.87
itm_16_004397,fits,177.36
itm_16_004398,fits,70.32
itm_16_004399,overflows,134.38
itm_16_004400,fits,86.19
itm_16_004401,overflows,245.6
itm_16_004402,overflows,175.06
itm_16_004403,overflows,222.15
itm_16_004404,fits,162.3
itm_16_004405,fits,35.53
itm_16_004406,overflows,48.9
itm_16_004407,overflows,271.48
itm_16_004408,overflows,173.07
itm_16_004409,overflows,183.58
itm_16_004410,fits,22.76
itm_16_004411,fits,22.76
itm_16_004412,fits,22.76
itm_16_004413,fits,57.16
itm_16_004414,overflows,84.56
itm_16_004415,overflows,110.7
itm_16_004416,fits,59.5
itm_16_004417,overflows,90.68
itm_16_004418,fits,165.79
itm_16_004419,fits,178.96
itm_17_004420,overflows,153.8
itm_17_004421,overflows,194.63
itm_17_004422,overflows,161.91
itm_17_004423,overflows,103.8
itm_17_004424,fits,64.03
itm_17_004425,fits,64.16
itm_17_004426,overflows,143.46
itm_17_004427,overflows,101.44
itm_17_004428,fits,280.25
itm_17_004429,overflows,147.15
itm_17_004430,overflows,233.95
itm_17_004431,overflows,149.23
itm_17_004432,overflows,167.33
itm_17_004433,fits,84.84
itm_17_004434,overflows,51.06
itm_17_004435,fits,85.05
itm_17_004436,overflows,110.45
itm_17_004437,fits,231.48
itm_17_004438,overflows,107.76
itm_17_004439,fits,77.25
itm_17_004440,overflows,208.93
itm_17_004441,overflows,182.11
itm_17_004442,fits,183.21
itm_17_004443,overflows,195.95
itm_17_004444,fits,160.93
itm_17_004445,fits,104.61
itm_17_004446,fits,62.24
itm_17_004447,overflows,75.43
itm_17_004448,wraps,502.76
itm_17_004449,fits,180.99
itm_17_004450,overflows,150.72
itm_17_004451,overflows,64.03
itm_17_004452,wraps,127.84
itm_17_004453,wraps,72.43
itm_17_004454,overflows,104.91
itm_17_004455,wraps,121.31
itm_17_004456,wraps,158.61
itm_17_004457,overflows,93.16
itm_17_004458,overflows,89.8
itm_17_004459,wraps,140.51
itm_17_004460,overflows,189.06
itm_17_004461,wraps,136.4
itm_17_004462,overflows,76.44
itm_17_004463,wraps,143.86
itm_17_004464,overflows,73.95
itm_17_004465,wraps,127.84
itm_17_004466,overflows,217.5
itm_17_004467,overflows,64.16
itm_17_004468,overflows,89.3
itm_17_004469,wraps,115.89
itm_17_004470,fits,165.47
itm_17_004471,overflows,165.87
itm_17_004472,fits,157.67
itm_17_004473,overflows,72.12
itm_17_004474,fits,69.36
itm_17_004475,overflows,73.95
itm_17_004476,overflows,267.63
itm_17_004477,overflows,170.12
itm_17_004478,overflows,170.86
itm_17_004479,overflows,75.23
itm_17_004480,overflows,72.32
itm_17_004481,wraps,99.38
itm_17_004482,overflows,168.53
itm_17_004483,wraps,95.74
itm_17_004484,fits,88.9
itm_17_004485,overflows,88.75
itm_17_004486,overflows,64.09
itm_17_004487,fits,53.95
itm_17_004488,fits,55.36
itm_17_004489,overflows,76.38
itm_17_004490,fits,77.96
itm_17_004491,fits,67.06
itm_17_004492,fits,46.44
itm_17_004493,fits,81.22
itm_17_004494,fits,79.85
itm_17_004495,fits,64.39
itm_17_004496,fits,77.93
itm_17_004497,fits,75.21
itm_17_004498,fits,57.7
itm_17_004499,fits,126.01
itm_17_004500,wraps,165.51
itm_17_004501,wraps,69.57
itm_17_004502,fits,92.74
itm_17_004503,fits,113.66
itm_17_004504,fits,60.13
itm_17_004505,overflows,103.8
itm_17_004506,wraps,143.56
itm_17_004507,wraps,185.7
itm_17_004508,fits,64.03
itm_17_004509,fits,59.06
itm_17_004510,fits,64.03
itm_17_004511,fits,87.76
itm_17_004512,overflows,192.03
itm_17_004513,fits,63.17
itm_17_004514,fits,61.51
itm_17_004515,overflows,61.1
itm_17_004516,fits,114.87
itm_17_004517,fits,139.18
itm_17_004518,wraps,251.91
itm_17_004519,overflows,282.71
itm_17_004520,overflows,103.8
itm_17_004521,overflows,159.91
itm_17_004522,fits,98.41
itm_17_004523,overflows,190.31
itm_17_004524,wraps,446.91
itm_17_004525,fits,48.92
itm_17_004526,fits,92.67
itm_17_004527,overflows,76.32
itm_17_004528,fits,176.85
itm_17_004529,overflows,107.03
itm_17_004530,wraps,229.62
itm_17_004531,wraps,84.83
itm_17_004532,fits,49.24
itm_17_004533,overflows,67.05
itm_17_004534,fits,63.81
itm_17_004535,fits,138.24
itm_17_004536,wraps,264.3
itm_17_004537,fits,74.17
itm_17_004538,wraps,244.18
itm_17_004539,overflows,195.42
itm_17_004540,fits,134.82
itm_17_004541,overflows,92.23
itm_17_004542,overflows,60.07
itm_17_004543,wraps,228.32
itm_17_004544,fits,103.8
itm_17_004545,fits,103.8
itm_17_004546,overflows,160.41
itm_17_004547,overflows,103.8
itm_17_004548,fits,103.8
itm_17_004549,fits,64.82
itm_17_004550,overflows,64.89
itm_17_004551,overflows,51.17
itm_17_004552,fits,175.85
itm_17_004553,overflows,243.39
itm_17_004554,wraps,165.77
itm_17_004555,fits,147.01
itm_17_004556,overflows,208.93
itm_17_004557,overflows,137.94
itm_17_004558,fits,146.47
itm_17_004559,fits,177.09
itm_17_004560,fits,213.46
itm_17_004561,overflows,251.13
itm_17_004562,fits,233.35
itm_17_004563,fits,37.78
itm_17_004564,wraps,153.17
itm_17_004565,overflows,47.25
itm_17_004566,overflows,210.98
itm_17_004567,overflows,259.42
itm_17_004568,overflows,257.06
itm_17_004569,fits,248.24
itm_17_004570,wraps,161.54
itm_17_004571,overflows,64.03
itm_17_004572,fits,134.13
itm_17_004573,fits,59.72
itm_17_004574,overflows,203.02
itm_17_004575,overflows,84.43
itm_17_004576,fits,111.53
itm_17_004577,fits,83.74
itm_17_004578,overflows,177.85
itm_17_004579,overflows,161.77
itm_17_004580,overflows,366.81
itm_17_004581,wraps,211.7
itm_17_004582,overflows,203.63
itm_17_004583,fits,73.75
itm_17_004584,fits,75.94
itm_17_004585,fits,78.24
itm_17_004586,overflows,113.87
itm_17_004587,overflows,85.81
itm_17_004588,overflows,77.79
itm_17_004589,fits,175.09
itm_17_004590,overflows,100.19
itm_17_004591,fits,29.06
itm_17_004592,overflows,47.98
itm_17_004593,fits,21.83
itm_17_004594,fits,64.21
itm_17_004595,fits,35.5
itm_17_004596,overflows,132.08
itm_17_004597,fits,90.71
itm_17_004598,fits,73.51
itm_17_004599,overflows,193.94
itm_17_004600,fits,184.14
itm_17_004601,fits,167.24
itm_17_004602,fits,168.15
itm_17_004603,fits,127.42
itm_17_004604,overflows,111.18
itm_17_004605,fits,133.63
itm_17_004606,overflows,160.9
itm_17_004607,overflows,252.28
itm_17_004608,overflows,171.24
itm_17_004609,fits,166.61
itm_17_004610,overflows,273.32
itm_17_004611,overflows,245.04
itm_17_004612,wraps,267.03
itm_17_004613,wraps,418.89
itm_17_004614,overflows,393.03
itm_17_004615,wraps,379.26
itm_17_004616,wraps,446.51
itm_17_004617,wraps,158.02
itm_17_004618,fits,234.77
itm_17_004619,wraps,262.34
itm_17_004620,overflows,318.87
itm_17_004621,overflows,495.74
itm_17_004622,wraps,542.11
itm_17_004623,overflows,353.54
itm_17_004624,overflows,268.98
itm_17_004625,overflows,286.97
itm_17_004626,wraps,267.01
itm_17_004627,fits,215.72
itm_17_004628,fits,168.8
itm_17_004629,wraps,181.15
itm_17_004630,overflows,171.19
itm_17_004631,wraps,208.36
itm_17_004632,overflows,199.59
itm_17_004633,overflows,80.17
itm_17_004634,fits,88.52
itm_17_004635,wraps,96.61
itm_17_004636,fits,60.0
itm_17_004637,fits,80.23
itm_17_004638,overflows,103.28
itm_17_004639,overflows,95.57
itm_17_004640,fits,79.89
itm_17_004641,overflows,412.17
itm_17_004642,wraps,324.11
itm_17_004643,overflows,406.32
itm_17_004644,overflows,270.19
itm_17_004645,wraps,202.58
itm_17_004646,wraps,295.86
itm_17_004647,fits,78.91
itm_17_004648,overflows,266.46
itm_17_004649,overflows,197.99
itm_17_004650,overflows,224.11
itm_17_004651,overflows,115.36
itm_17_004652,fits,63.81
itm_17_004653,fits,32.88
itm_17_004654,wraps,386.12
itm_17_004655,fits,255.11
itm_17_004656,overflows,60.59
itm_17_004657,fits,64.4
itm_17_004658,overflows,59.41
itm_17_004659,fits,142.73
itm_17_004660,overflows,223.47
itm_17_004661,fits,115.75
itm_17_004662,fits,247.34
itm_17_004663,fits,64.03
itm_17_004664,overflows,137.37
itm_17_004665,fits,138.63
itm_17_004666,overflows,155.62
itm_17_004667,fits,101.81
itm_17_004668,overflows,168.25
itm_17_004669,overflows,182.67
itm_17_004670,fits,40.93
itm_17_004671,fits,51.16
itm_17_004672,fits,40.93
itm_17_004673,fits,35.15
itm_17_004674,fits,33.97
itm_17_004675,fits,64.98
itm_17_004676,overflows,297.81
itm_17_004677,overflows,271.37
itm_17_004678,overflows,307.48
itm_17_004679,overflows,68.75
itm_18_004680,wraps,534.01
itm_18_004681,overflows,374.34
itm_18_004682,overflows,104.63
itm_18_004683,overflows,104.47
itm_18_004684,overflows,193.51
itm_18_004685,overflows,238.16
itm_18_004686,fits,42.61
itm_18_004687,wraps,676.86
itm_18_004688,fits,140.38
itm_18_004689,fits,261.24
itm_18_004690,fits,116.05
itm_18_004691,overflows,401.93
itm_18_004692,wraps,639.21
itm_18_004693,fits,68.19
itm_18_004694,overflows,186.85
itm_18_004695,overflows,154.7
itm_18_004696,overflows,173.84
itm_18_004697,wraps,127.85
itm_18_004698,wraps,434.82
itm_18_004699,wraps,145.12
itm_18_004700,overflows,222.21
itm_18_004701,overflows,208.19
itm_18_004702,overflows,78.09
itm_18_004703,fits,193.74
itm_18_004704,overflows,57.61
itm_18_004705,wraps,117.72
itm_18_004706,overflows,521.66
itm_18_004707,wraps,75.48
itm_18_004708,wraps,76.85
itm_18_004709,overflows,314.51
itm_18_004710,overflows,107.09
itm_18_004711,wraps,311.3
itm_18_004712,wraps,131.17
itm_18_004713,wraps,139.79
itm_18_004714,fits,248.28
itm_18_004715,wraps,189.47
itm_18_004716,fits,296.73
itm_18_004717,overflows,157.2
itm_18_004718,overflows,285.81
itm_18_004719,wraps,353.5
itm_18_004720,overflows,52.34
itm_18_004721,overflows,117.33
itm_18_004722,wraps,188.62
itm_18_004723,wraps,639.82
itm_18_004724,wraps,140.33
itm_18_004725,fits,69.49
itm_18_004726,fits,67.25
itm_18_004727,overflows,452.55
itm_18_004728,overflows,143.17
itm_18_004729,overflows,160.54
itm_18_004730,wraps,209.74
itm_18_004731,overflows,93.37
itm_18_004732,overflows,218.84
itm_18_004733,overflows,88.31
itm_18_004734,fits,104.83
itm_18_004735,fits,53.31
itm_18_004736,fits,65.58
itm_18_004737,overflows,74.36
itm_18_004738,fits,45.9
itm_18_004739,fits,60.2
itm_18_004740,overflows,74.04
itm_18_004741,fits,56.9
itm_18_004742,fits,108.8
itm_18_004743,overflows,163.26
itm_18_004744,fits,99.11
itm_18_004745,fits,104.63
itm_18_004746,wraps,132.65
itm_18_004747,fits,248.28
itm_18_004748,overflows,106.47
itm_18_004749,fits,65.89
itm_18_004750,overflows,40.6
itm_18_004751,fits,93.9
itm_18_004752,fits,41.68
itm_18_004753,overflows,175.42
itm_18_004754,fits,131.3
itm_18_004755,overflows,99.62
itm_18_004756,overflows,148.76
itm_18_004757,wraps,268.08
itm_18_004758,overflows,223.76
itm_18_004759,overflows,265.06
itm_18_004760,overflows,174.15
itm_18_004761,wraps,401.91
itm_18_004762,overflows,271.26
itm_18_004763,overflows,538.84
itm_18_004764,overflows,143.56
itm_18_004765,wraps,209.73
itm_18_004766,overflows,66.08
itm_18_004767,fits,106.22
itm_18_004768,wraps,97.17
itm_18_004769,fits,188.64
itm_18_004770,wraps,201.74
itm_18_004771,wraps,127.69
itm_18_004772,fits,104.63
itm_18_004773,wraps,93.15
itm_18_004774,overflows,523.75
itm_18_004775,wraps,295.26
itm_18_004776,wraps,302.29
itm_18_004777,wraps,146.51
itm_18_004778,fits,68.69
itm_18_004779,wraps,187.96
itm_18_004780,fits,74.32
itm_18_004781,overflows,68.74
itm_18_004782,overflows,46.37
itm_18_004783,fits,52.94
itm_18_004784,fits,46.78
itm_18_004785,fits,179.03
itm_18_004786,fits,104.63
itm_18_004787,fits,203.72
itm_18_004788,wraps,157.6
itm_18_004789,wraps,482.36
itm_18_004790,fits,48.4
itm_18_004791,fits,69.49
itm_18_004792,overflows,85.0
itm_18_004793,overflows,212.97
itm_18_004794,overflows,155.78
itm_18_004795,overflows,173.47
itm_18_004796,overflows,319.33
itm_18_004797,fits,170.77
itm_18_004798,overflows,45.29
itm_18_004799,overflows,103.95
itm_18_004800,fits,196.46
itm_18_004801,fits,52.34
itm_18_004802,wraps,142.68
itm_18_004803,wraps,67.0
itm_18_004804,fits,42.72
itm_18_004805,fits,55.04
itm_18_004806,fits,55.06
itm_18_004807,fits,59.9
itm_18_004808,overflows,123.43
itm_18_004809,overflows,189.16
itm_18_004810,fits,205.5
itm_18_004811,overflows,158.25
itm_18_004812,overflows,149.97
itm_18_004813,overflows,189.22
itm_18_004814,fits,103.92
itm_18_004815,overflows,242.29
itm_18_004816,fits,83.2
itm_18_004817,fits,42.43
itm_18_004818,wraps,160.97
itm_18_004819,overflows,171.33
itm_18_004820,wraps,322.54
itm_18_004821,overflows,199.75
itm_18_004822,fits,55.81
itm_18_004823,fits,198.09
itm_18_004824,fits,42.16
itm_18_004825,overflows,158.51
itm_18_004826,fits,121.4
itm_18_004827,fits,119.66
itm_18_004828,overflows,123.35
itm_18_004829,overflows,214.25
itm_18_004830,overflows,85.99
itm_18_004831,overflows,105.93
itm_18_004832,fits,224.06
itm_18_004833,overflows,101.04
itm_18_004834,wraps,260.21
itm_18_004835,fits,131.78
itm_18_004836,overflows,73.96
itm_18_004837,overflows,95.55
itm_18_004838,overflows,68.78
itm_18_004839,overflows,152.27
itm_18_004840,fits,224.36
itm_18_004841,overflows,149.77
itm_18_004842,fits,157.79
itm_18_004843,fits,146.72
itm_18_004844,overflows,117.11
itm_18_004845,overflows,51.63
itm_18_004846,overflows,65.13
itm_18_004847,fits,69.88
itm_18_004848,fits,59.35
itm_18_004849,overflows,58.34
itm_18_004850,fits,74.24
itm_18_004851,overflows,196.28
itm_18_004852,overflows,180.34
itm_18_004853,overflows,183.75
itm_18_004854,overflows,160.2
itm_18_004855,overflows,76.12
itm_18_004856,fits,112.36
itm_18_004857,fits,134.52
itm_18_004858,overflows,177.38
itm_18_004859,overflows,63.59
itm_18_004860,fits,103.92
itm_18_004861,overflows,108.09
itm_18_004862,overflows,165.59
itm_18_004863,wraps,231.84
itm_18_004864,wraps,192.89
itm_18_004865,fits,117.33
itm_18_004866,wraps,412.05
itm_18_004867,overflows,143.14
itm_18_004868,overflows,241.92
itm_18_004869,wraps,593.23
itm_18_004870,overflows,328.7
itm_18_004871,wraps,358.37
itm_18_004872,wraps,445.39
itm_18_004873,wraps,333.34
itm_18_004874,wraps,409.8
itm_18_004875,wraps,339.25
itm_18_004876,overflows,258.91
itm_18_004877,wraps,655.67
itm_18_004878,wraps,307.77
itm_18_004879,overflows,209.79
itm_18_004880,overflows,414.37
itm_18_004881,fits,111.74
itm_18_004882,fits,248.25
itm_18_004883,fits,164.88
itm_18_004884,overflows,370.17
itm_18_004885,wraps,65.8
itm_18_004886,fits,72.27
itm_18_004887,overflows,134.75
itm_18_004888,wraps,100.07
itm_18_004889,overflows,60.61
itm_18_004890,overflows,309.24
itm_18_004891,fits,139.57
itm_18_004892,wraps,528.62
itm_18_004893,wraps,436.56
itm_18_004894,overflows,288.44
itm_18_004895,wraps,252.11
itm_18_004896,fits,88.79
itm_18_004897,overflows,46.34
itm_18_004898,wraps,199.82
itm_18_004899,fits,304.19
itm_18_004900,overflows,123.52
itm_18_004901,overflows,46.37
itm_18_004902,overflows,340.13
itm_18_004903,overflows,160.01
itm_18_004904,overflows,178.22
itm_18_004905,fits,264.15
itm_18_004906,wraps,395.14
itm_18_004907,overflows,194.27
itm_18_004908,overflows,59.03
itm_18_004909,fits,136.76
itm_18_004910,fits,134.78
itm_18_004911,fits,52.34
itm_18_004912,overflows,217.38
itm_18_004913,overflows,259.98
itm_18_004914,overflows,166.88
itm_18_004915,fits,52.34
itm_18_004916,fits,102.51
itm_18_004917,overflows,240.01
itm_18_004918,fits,41.5
itm_18_004919,fits,256.55
itm_18_004920,fits,41.5
itm_18_004921,overflows,188.46
itm_18_004922,fits,305.9
itm_18_004923,fits,42.43
itm_18_004924,fits,41.5
itm_18_004925,overflows,76.3
itm_18_004926,fits,76.15
itm_18_004927,fits,185.81
itm_18_004928,overflows,315.66
itm_18_004929,overflows,160.54
itm_18_004930,overflows,144.53
itm_18_004931,wraps,208.51
itm_18_004932,fits,176.42
itm_18_004933,overflows,116.5
itm_18_004934,overflows,134.76
itm_18_004935,overflows,83.85
itm_18_004936,overflows,65.42
itm_18_004937,fits,55.75
itm_18_004938,fits,92.53
itm_18_004939,fits,157.64
itm_19_004940,wraps,415.79
itm_19_004941,fits,141.74
itm_19_004942,fits,128.2
itm_19_004943,fits,72.94
itm_19_004944,fits,122.14
itm_19_004945,fits,79.85
itm_19_004946,fits,50.88
itm_19_004947,fits,70.31
itm_19_004948,overflows,101.74
itm_19_004949,fits,108.22
itm_19_004950,fits,109.31
itm_19_004951,fits,64.62
itm_19_004952,wraps,83.96
itm_19_004953,fits,162.44
itm_19_004954,fits,61.61
itm_19_004955,wraps,47.56
itm_19_004956,fits,111.11
itm_19_004957,wraps,118.16
itm_19_004958,wraps,284.29
itm_19_004959,wraps,356.56
itm_19_004960,fits,28.67
itm_19_004961,fits,88.51
itm_19_004962,fits,41.41
itm_19_004963,wraps,78.83
itm_19_004964,wraps,237.16
itm_19_004965,fits,158.7
itm_19_004966,overflows,141.09
itm_19_004967,fits,138.44
itm_19_004968,overflows,94.3
itm_19_004969,fits,131.15
itm_19_004970,fits,119.86
itm_19_004971,fits,80.82
itm_19_004972,fits,42.48
itm_19_004973,wraps,131.67
itm_19_004974,fits,111.21
itm_19_004975,wraps,106.07
itm_19_004976,wraps,62.7
itm_19_004977,wraps,103.09
itm_19_004978,wraps,88.42
itm_19_004979,fits,94.45
itm_19_004980,wraps,125.41
itm_19_004981,fits,152.44
itm_19_004982,wraps,120.81
itm_19_004983,wraps,116.02
itm_19_004984,overflows,266.79
itm_19_004985,fits,52.52
itm_19_004986,fits,65.98
itm_19_004987,wraps,115.59
itm_19_004988,wraps,95.4
itm_19_004989,overflows,96.06
itm_19_004990,wraps,356.73
itm_19_004991,wraps,40.19
itm_19_004992,wraps,356.3
itm_19_004993,fits,71.18
itm_19_004994,fits,43.75
itm_19_004995,fits,59.5
itm_19_004996,overflows,53.38
itm_19_004997,fits,46.54
itm_19_004998,fits,62.31
itm_19_004999,fits,188.93
itm_19_005000,wraps,118.34
itm_19_005001,overflows,47.37
itm_19_005002,fits,56.11
itm_19_005003,fits,136.12
itm_19_005004,fits,98.26
itm_19_005005,fits,183.33
itm_19_005006,fits,74.08
itm_19_005007,wraps,567.21
itm_19_005008,fits,88.3
itm_19_005009,fits,149.84
itm_19_005010,fits,90.59
itm_19_005011,fits,90.59
itm_19_005012,fits,60.95
itm_19_005013,wraps,353.64
itm_19_005014,fits,151.41
itm_19_005015,fits,97.2
itm_19_005016,overflows,175.1
itm_19_005017,wraps,429.72
itm_19_005018,wraps,128.27
itm_19_005019,overflows,52.52
itm_19_005020,fits,263.06
itm_19_005021,fits,82.49
itm_19_005022,overflows,50.88
itm_19_005023,fits,90.59
itm_19_005024,wraps,206.49
itm_19_005025,fits,106.75
itm_19_005026,fits,98.92
itm_19_005027,wraps,181.66
itm_19_005028,wraps,63.34
itm_19_005029,wraps,171.23
itm_19_005030,wraps,71.44
itm_19_005031,wraps,61.9
itm_19_005032,wraps,137.46
itm_19_005033,fits,188.79
itm_19_005034,wraps,215.9
itm_19_005035,fits,229.42
itm_19_005036,wraps,191.41
itm_19_005037,wraps,164.65
itm_19_005038,wraps,150.06
itm_19_005039,fits,153.22
itm_19_005040,wraps,61.45
itm_19_005041,fits,50.88
itm_19_005042,fits,63.13
itm_19_005043,fits,62.11
itm_19_005044,fits,135.42
itm_19_005045,fits,61.98
itm_19_005046,wraps,94.47
itm_19_005047,fits,96.09
itm_19_005048,fits,71.54
itm_19_005049,wraps,175.81
itm_19_005050,wraps,83.3
itm_19_005051,wraps,80.81
itm_19_005052,wraps,219.82
itm_19_005053,fits,157.4
itm_19_005054,fits,113.67
itm_19_005055,fits,146.85
itm_19_005056,fits,42.41
itm_19_005057,fits,18.11
itm_19_005058,wraps,69.86
itm_19_005059,wraps,69.86
itm_19_005060,fits,90.59
itm_19_005061,fits,61.3
itm_19_005062,fits,90.59
itm_19_005063,fits,87.47
itm_19_005064,wraps,303.96
itm_19_005065,wraps,252.15
itm_19_005066,wraps,434.17
itm_19_005067,wraps,117.77
itm_19_005068,fits,54.16
itm_19_005069,wraps,52.82
itm_19_005070,fits,96.81
itm_19_005071,wraps,200.16
itm_19_005072,fits,55.03
itm_19_005073,fits,32.06
itm_19_005074,wraps,56.37
itm_19_005075,fits,90.59
itm_19_005076,fits,331.84
itm_19_005077,fits,50.88
itm_19_005078,wraps,114.97
itm_19_005079,wraps,40.85
itm_19_005080,fits,59.31
itm_19_005081,fits,61.01
itm_19_005082,fits,64.19
itm_19_005083,wraps,42.06
itm_19_005084,wraps,394.54
itm_19_005085,fits,151.66
itm_19_005086,wraps,70.89
itm_19_005087,fits,38.04
itm_19_005088,overflows,83.67
itm_19_005089,wraps,43.35
itm_19_005090,fits,81.16
itm_19_005091,wraps,68.85
itm_19_005092,overflows,42.8
itm_19_005093,fits,37.85
itm_19_005094,fits,62.77
itm_19_005095,fits,46.27
itm_19_005096,fits,84.06
itm_19_005097,fits,110.34
itm_19_005098,overflows,128.69
itm_19_005099,wraps,121.31
itm_19_005100,fits,83.13
itm_19_005101,fits,105.19
itm_19_005102,fits,39.62
itm_19_005103,fits,133.83
itm_19_005104,wraps,250.97
itm_19_005105,fits,143.2
itm_19_005106,fits,143.06
itm_19_005107,overflows,167.17
itm_19_005108,fits,80.73
itm_19_005109,fits,136.88
itm_19_005110,fits,97.43
itm_19_005111,fits,100.97
itm_19_005112,overflows,102.59
itm_19_005113,fits,41.82
itm_19_005114,fits,83.13
itm_19_005115,wraps,133.6
itm_19_005116,fits,85.31
itm_19_005117,wraps,128.27
itm_19_005118,fits,150.72
itm_19_005119,overflows,219.11
itm_19_005120,fits,122.92
itm_19_005121,fits,124.49
itm_19_005122,fits,64.44
itm_19_005123,fits,65.95
itm_19_005124,fits,84.17
itm_19_005125,fits,97.43
itm_19_005126,overflows,37.18
itm_19_005127,fits,84.68
itm_19_005128,fits,129.22
itm_19_005129,fits,130.09
itm_19_005130,fits,42.48
itm_19_005131,fits,57.24
itm_19_005132,fits,94.65
itm_19_005133,fits,74.1
itm_19_005134,fits,79.0
itm_19_005135,fits,147.86
itm_19_005136,wraps,137.97
itm_19_005137,fits,315.57
itm_19_005138,wraps,316.74
itm_19_005139,wraps,356.08
itm_19_005140,wraps,281.06
itm_19_005141,wraps,184.62
itm_19_005142,wraps,231.49
itm_19_005143,wraps,510.7
itm_19_005144,wraps,299.4
itm_19_005145,wraps,238.29
itm_19_005146,wraps,565.89
itm_19_005147,wraps,218.16
itm_19_005148,fits,189.0
itm_19_005149,fits,66.27
itm_19_005150,wraps,249.01
itm_19_005151,wraps,60.82
itm_19_005152,wraps,99.24
itm_19_005153,wraps,89.1
itm_19_005154,wraps,220.23
itm_19_005155,wraps,152.42
itm_19_005156,wraps,220.18
itm_19_005157,overflows,93.9
itm_19_005158,fits,113.0
itm_19_005159,fits,57.45
itm_19_005160,fits,129.81
itm_19_005161,fits,196.72
itm_19_005162,fits,112.62
itm_19_005163,fits,28.67
itm_19_005164,overflows,166.34
itm_19_005165,fits,105.19
itm_19_005166,fits,57.81
itm_19_005167,fits,58.54
itm_19_005168,fits,152.33
itm_19_005169,fits,117.69
itm_19_005170,fits,109.18
itm_19_005171,fits,44.15
itm_19_005172,fits,47.12
itm_19_005173,fits,57.34
itm_19_005174,wraps,194.63
itm_19_005175,fits,78.84
itm_19_005176,fits,125.84
itm_19_005177,fits,62.13
itm_19_005178,fits,58.51
itm_19_005179,wraps,125.23
itm_19_005180,fits,41.85
itm_19_005181,fits,94.81
itm_19_005182,fits,57.67
itm_19_005183,fits,58.51
itm_19_005184,fits,204.7
itm_19_005185,fits,125.8
itm_19_005186,fits,157.35
itm_19_005187,fits,45.36
itm_19_005188,fits,164.75
itm_19_005189,fits,50.88
itm_19_005190,fits,199.54
itm_19_005191,fits,69.55
itm_19_005192,fits,100.93
itm_19_005193,fits,97.45
itm_19_005194,fits,52.06
itm_19_005195,fits,57.2
itm_19_005196,fits,52.7
itm_19_005197,fits,46.27
itm_19_005198,fits,138.05
itm_19_005199,fits,131.43
itm_20_005200,overflows,95.75
itm_20_005201,fits,36.38
itm_20_005202,fits,75.14
itm_20_005203,fits,546.15
itm_20_005204,overflows,44.32
itm_20_005205,fits,127.72
itm_20_005206,fits,178.95
itm_20_005207,wraps,186.84
itm_20_005208,fits,85.16
itm_20_005209,fits,31.66
itm_20_005210,fits,52.51
itm_20_005211,wraps,88.36
itm_20_005212,fits,58.32
itm_20_005213,fits,47.6
itm_20_005214,fits,44.32
itm_20_005215,wraps,70.35
itm_20_005216,fits,41.91
itm_20_005217,wraps,346.25
itm_20_005218,overflows,155.24
itm_20_005219,fits,155.96
itm_20_005220,wraps,112.31
itm_20_005221,fits,17.49
itm_20_005222,fits,95.75
itm_20_005223,fits,33.89
itm_20_005224,fits,63.25
itm_20_005225,fits,41.65
itm_20_005226,fits,132.87
itm_20_005227,wraps,255.82
itm_20_005228,wraps,56.61
itm_20_005229,fits,105.63
itm_20_005230,fits,73.75
itm_20_005231,fits,51.52
itm_20_005232,wraps,99.53
itm_20_005233,wraps,161.02
itm_20_005234,fits,87.34
itm_20_005235,wraps,65.77
itm_20_005236,overflows,136.24
itm_20_005237,fits,48.05
itm_20_005238,fits,41.91
itm_20_005239,fits,78.67
itm_20_005240,fits,73.21
itm_20_005241,fits,69.24
itm_20_005242,fits,42.84
itm_20_005243,fits,59.92
itm_20_005244,fits,61.27
itm_20_005245,fits,59.31
itm_20_005246,fits,46.06
itm_20_005247,fits,49.64
itm_20_005248,fits,71.8
itm_20_005249,fits,56.24
itm_20_005250,fits,122.4
itm_20_005251,fits,84.84
itm_20_005252,fits,147.47
itm_20_005253,overflows,44.32
itm_20_005254,overflows,40.27
itm_20_005255,fits,34.59
itm_20_005256,wraps,52.02
itm_20_005257,wraps,75.08
itm_20_005258,wraps,42.13
itm_20_005259,wraps,43.77
itm_20_005260,wraps,57.22
itm_20_005261,fits,187.69
itm_20_005262,wraps,158.62
itm_20_005263,wraps,219.45
itm_20_005264,fits,111.43
itm_20_005265,fits,64.92
itm_20_005266,fits,93.61
itm_20_005267,overflows,144.09
itm_20_005268,wraps,91.57
itm_20_005269,fits,57.97
itm_20_005270,wraps,205.47
itm_20_005271,wraps,102.59
itm_20_005272,fits,80.27
itm_20_005273,fits,89.49
itm_20_005274,fits,193.27
itm_20_005275,fits,95.75
itm_20_005276,wraps,251.53
itm_20_005277,wraps,101.13
itm_20_005278,wraps,57.43
itm_20_005279,fits,175.01
itm_20_005280,fits,34.73
itm_20_005281,fits,95.75
itm_20_005282,fits,64.13
itm_20_005283,fits,34.45
itm_20_005284,fits,164.03
itm_20_005285,fits,122.13
itm_20_005286,fits,63.14
itm_20_005287,fits,95.75
itm_20_005288,fits,51.52
itm_20_005289,fits,57.97
itm_20_005290,wraps,75.64
itm_20_005291,wraps,99.09
itm_20_005292,fits,49.99
itm_20_005293,wraps,64.56
itm_20_005294,fits,173.5
itm_20_005295,fits,183.4
itm_20_005296,fits,80.9
itm_20_005297,fits,49.5
itm_20_005298,fits,114.81
itm_20_005299,wraps,68.45
itm_20_005300,wraps,155.7
itm_20_005301,fits,41.91
itm_20_005302,fits,87.77
itm_20_005303,fits,73.64
itm_20_005304,fits,124.51
itm_20_005305,fits,121.23
itm_20_005306,fits,134.75
itm_20_005307,fits,92.99
itm_20_005308,fits,77.5
itm_20_005309,fits,91.13
itm_20_005310,fits,102.11
itm_20_005311,fits,35.29
itm_20_005312,fits,112.82
itm_20_005313,fits,34.88
itm_20_005314,fits,151.44
itm_20_005315,overflows,40.64
itm_20_005316,fits,40.68
itm_20_005317,fits,83.11
itm_20_005318,overflows,89.0
itm_20_005319,fits,142.78
itm_20_005320,fits,126.61
itm_20_005321,fits,87.29
itm_20_005322,fits,134.85
itm_20_005323,fits,80.59
itm_20_005324,fits,35.19
itm_20_005325,fits,44.83
itm_20_005326,wraps,140.56
itm_20_005327,fits,166.31
itm_20_005328,fits,235.7
itm_20_005329,fits,93.92
itm_20_005330,fits,104.1
itm_20_005331,fits,41.79
itm_20_005332,fits,95.35
itm_20_005333,fits,71.11
itm_20_005334,fits,72.17
itm_20_005335,fits,145.09
itm_20_005336,fits,105.45
itm_20_005337,fits,118.32
itm_20_005338,fits,211.03
itm_20_005339,fits,121.36
itm_20_005340,overflows,215.58
itm_20_005341,wraps,172.04
itm_20_005342,fits,40.68
itm_20_005343,fits,75.55
itm_20_005344,fits,63.14
itm_20_005345,fits,55.03
itm_20_005346,fits,83.98
itm_20_005347,fits,60.78
itm_20_005348,fits,35.29
itm_20_005349,fits,153.66
itm_20_005350,fits,52.63
itm_20_005351,fits,68.45
itm_20_005352,fits,41.79
itm_20_005353,fits,52.06
itm_20_005354,overflows,114.51
itm_20_005355,fits,51.64
itm_20_005356,fits,116.79
itm_20_005357,overflows,83.09
itm_20_005358,fits,49.68
itm_20_005359,fits,35.19
itm_20_005360,overflows,166.98
itm_20_005361,fits,139.54
itm_20_005362,fits,27.58
itm_20_005363,fits,112.04
itm_20_005364,fits,60.77
itm_20_005365,fits,36.1
itm_20_005366,fits,157.2
itm_20_005367,fits,101.3
itm_20_005368,fits,108.95
itm_20_005369,fits,83.49
itm_20_005370,fits,51.7
itm_20_005371,fits,106.04
itm_20_005372,wraps,178.19
itm_20_005373,fits,219.67
itm_20_005374,fits,175.62
itm_20_005375,fits,41.14
itm_20_005376,fits,131.21
itm_20_005377,wraps,174.82
itm_20_005378,wraps,151.31
itm_20_005379,wraps,105.63
itm_20_005380,wraps,343.35
itm_20_005381,overflows,302.44
itm_20_005382,wraps,383.76
itm_20_005383,wraps,265.97
itm_20_005384,wraps,354.19
itm_20_005385,fits,95.77
itm_20_005386,overflows,350.81
itm_20_005387,wraps,618.35
itm_20_005388,wraps,588.06
itm_20_005389,wraps,157.16
itm_20_005390,wraps,327.52
itm_20_005391,wraps,546.75
itm_20_005392,wraps,228.09
itm_20_005393,wraps,396.14
itm_20_005394,fits,126.41
itm_20_005395,wraps,423.14
itm_20_005396,fits,114.44
itm_20_005397,wraps,307.51
itm_20_005398,wraps,114.69
itm_20_005399,wraps,77.25
itm_20_005400,fits,67.61
itm_20_005401,fits,37.5
itm_20_005402,wraps,59.04
itm_20_005403,fits,110.47
itm_20_005404,wraps,145.17
itm_20_005405,wraps,199.51
itm_20_005406,wraps,235.97
itm_20_005407,fits,177.11
itm_20_005408,fits,55.33
itm_20_005409,overflows,64.39
itm_20_005410,fits,22.37
itm_20_005411,fits,17.49
itm_20_005412,wraps,172.7
itm_20_005413,overflows,95.75
itm_20_005414,fits,217.15
itm_20_005415,fits,174.18
itm_20_005416,fits,53.96
itm_20_005417,fits,91.07
itm_20_005418,fits,36.38
itm_20_005419,fits,127.25
itm_20_005420,fits,155.94
itm_20_005421,wraps,97.6
itm_20_005422,fits,130.47
itm_20_005423,overflows,103.06
itm_20_005424,fits,40.69
itm_20_005425,fits,56.05
itm_20_005426,fits,83.32
itm_20_005427,fits,83.32
itm_20_005428,fits,44.03
itm_20_005429,fits,50.25
itm_20_005430,fits,174.06
itm_20_005431,fits,110.84
itm_20_005432,fits,64.51
itm_20_005433,fits,135.76
itm_20_005434,fits,141.61
itm_20_005435,fits,133.34
itm_20_005436,fits,49.12
itm_20_005437,fits,55.33
itm_20_005438,fits,149.11
itm_20_005439,fits,171.38
itm_20_005440,overflows,184.18
itm_20_005441,fits,92.87
itm_20_005442,fits,163.64
itm_20_005443,fits,58.87
itm_20_005444,fits,50.19
itm_20_005445,overflows,35.19
itm_20_005446,fits,120.26
itm_20_005447,fits,49.12
itm_20_005448,wraps,231.46
itm_20_005449,fits,38.25
itm_20_005450,fits,49.15
itm_20_005451,fits,181.53
itm_20_005452,fits,68.28
itm_20_005453,fits,62.21
itm_20_005454,fits,98.84
itm_20_005455,fits,92.43
itm_20_005456,fits,56.64
itm_20_005457,overflows,27.58
itm_20_005458,fits,20.28
itm_20_005459,fits,51.08
itm_21_005460,overflows,158.53
itm_21_005461,wraps,458.25
itm_21_005462,fits,87.58
itm_21_005463,fits,201.74
itm_21_005464,overflows,160.65
itm_21_005465,overflows,153.28
itm_21_005466,fits,87.58
itm_21_005467,overflows,90.26
itm_21_005468,fits,157.76
itm_21_005469,overflows,291.21
itm_21_005470,overflows,132.61
itm_21_005471,overflows,132.35
itm_21_005472,overflows,213.02
itm_21_005473,fits,71.73
itm_21_005474,overflows,160.8
itm_21_005475,fits,68.25
itm_21_005476,overflows,96.01
itm_21_005477,overflows,324.61
itm_21_005478,wraps,63.92
itm_21_005479,overflows,579.36
itm_21_005480,wraps,443.04
itm_21_005481,wraps,84.26
itm_21_005482,wraps,372.83
itm_21_005483,wraps,548.92
itm_21_005484,overflows,255.26
itm_21_005485,wraps,221.63
itm_21_005486,wraps,409.09
itm_21_005487,wraps,311.81
itm_21_005488,fits,55.87
itm_21_005489,overflows,115.99
itm_21_005490,wraps,186.83
itm_21_005491,wraps,274.55
itm_21_005492,fits,59.49
itm_21_005493,overflows,234.63
itm_21_005494,overflows,214.43
itm_21_005495,fits,123.71
itm_21_005496,fits,409.94
itm_21_005497,wraps,75.95
itm_21_005498,overflows,58.96
itm_21_005499,fits,171.64
itm_21_005500,overflows,193.8
itm_21_005501,fits,184.66
itm_21_005502,overflows,47.13
itm_21_005503,wraps,135.22
itm_21_005504,wraps,132.49
itm_21_005505,overflows,176.0
itm_21_005506,wraps,150.41
itm_21_005507,overflows,283.44
itm_21_005508,wraps,85.12
itm_21_005509,overflows,73.03
itm_21_005510,fits,164.57
itm_21_005511,fits,165.09
itm_21_005512,fits,283.73
itm_21_005513,overflows,58.05
itm_21_005514,overflows,176.42
itm_21_005515,overflows,97.28
itm_21_005516,wraps,106.74
itm_21_005517,overflows,63.53
itm_21_005518,fits,53.52
itm_21_005519,overflows,73.51
itm_21_005520,fits,76.38
itm_21_005521,overflows,72.61
itm_21_005522,fits,47.13
itm_21_005523,fits,88.03
itm_21_005524,overflows,165.94
itm_21_005525,fits,256.44
itm_21_005526,wraps,141.43
itm_21_005527,fits,87.58
itm_21_005528,fits,290.13
itm_21_005529,fits,29.16
itm_21_005530,fits,58.94
itm_21_005531,overflows,60.06
itm_21_005532,fits,119.29
itm_21_005533,overflows,78.23
itm_21_005534,wraps,148.77
itm_21_005535,fits,211.67
itm_21_005536,fits,67.29
itm_21_005537,fits,111.83
itm_21_005538,overflows,79.61
itm_21_005539,overflows,171.2
itm_21_005540,wraps,289.12
itm_21_005541,wraps,514.43
itm_21_005542,wraps,183.75
itm_21_005543,wraps,173.67
itm_21_005544,fits,59.28
itm_21_005545,overflows,65.08
itm_21_005546,overflows,72.85
itm_21_005547,overflows,157.01
itm_21_005548,fits,127.09
itm_21_005549,wraps,199.88
itm_21_005550,fits,144.26
itm_21_005551,wraps,115.51
itm_21_005552,fits,67.08
itm_21_005553,fits,87.58
itm_21_005554,wraps,90.12
itm_21_005555,wraps,92.88
itm_21_005556,overflows,386.49
itm_21_005557,overflows,78.68
itm_21_005558,overflows,239.44
itm_21_005559,wraps,91.69
itm_21_005560,overflows,247.28
itm_21_005561,overflows,85.14
itm_21_005562,overflows,68.62
itm_21_005563,fits,167.5
itm_21_005564,overflows,156.92
itm_21_005565,fits,66.49
itm_21_005566,wraps,80.38
itm_21_005567,fits,58.94
itm_21_005568,fits,87.58
itm_21_005569,fits,75.36
itm_21_005570,wraps,131.09
itm_21_005571,fits,208.86
itm_21_005572,overflows,333.77
itm_21_005573,wraps,135.89
itm_21_005574,overflows,152.92
itm_21_005575,wraps,152.92
itm_21_005576,overflows,345.26
itm_21_005577,overflows,101.57
itm_21_005578,fits,126.39
itm_21_005579,fits,43.41
itm_21_005580,wraps,319.76
itm_21_005581,overflows,146.4
itm_21_005582,overflows,104.92
itm_21_005583,fits,87.58
itm_21_005584,overflows,139.86
itm_21_005585,wraps,434.18
itm_21_005586,fits,67.29
itm_21_005587,fits,174.8
itm_21_005588,fits,59.48
itm_21_005589,wraps,65.55
itm_21_005590,overflows,65.43
itm_21_005591,overflows,148.15
itm_21_005592,fits,90.48
itm_21_005593,overflows,110.24
itm_21_005594,wraps,81.36
itm_21_005595,wraps,161.02
itm_21_005596,overflows,298.14
itm_21_005597,overflows,164.57
itm_21_005598,fits,115.74
itm_21_005599,overflows,78.6
itm_21_005600,fits,59.62
itm_21_005601,fits,198.46
itm_21_005602,fits,34.03
itm_21_005603,fits,48.72
itm_21_005604,fits,54.93
itm_21_005605,overflows,60.06
itm_21_005606,wraps,434.4
itm_21_005607,overflows,155.97
itm_21_005608,fits,60.9
itm_21_005609,overflows,145.4
itm_21_005610,overflows,132.55
itm_21_005611,overflows,90.56
itm_21_005612,wraps,301.91
itm_21_005613,wraps,335.37
itm_21_005614,fits,217.84
itm_21_005615,overflows,58.73
itm_21_005616,overflows,156.53
itm_21_005617,fits,231.19
itm_21_005618,fits,175.25
itm_21_005619,fits,147.67
itm_21_005620,overflows,166.52
itm_21_005621,overflows,137.58
itm_21_005622,fits,70.12
itm_21_005623,overflows,111.39
itm_21_005624,fits,95.09
itm_21_005625,overflows,176.29
itm_21_005626,overflows,86.89
itm_21_005627,fits,188.13
itm_21_005628,wraps,240.67
itm_21_005629,overflows,181.97
itm_21_005630,fits,133.67
itm_21_005631,fits,78.37
itm_21_005632,overflows,67.62
itm_21_005633,wraps,130.68
itm_21_005634,fits,141.31
itm_21_005635,fits,112.51
itm_21_005636,overflows,51.93
itm_21_005637,overflows,222.54
itm_21_005638,overflows,267.27
itm_21_005639,wraps,412.32
itm_21_005640,fits,61.58
itm_21_005641,overflows,77.67
itm_21_005642,fits,60.23
itm_21_005643,fits,148.63
itm_21_005644,fits,147.77
itm_21_005645,fits,112.71
itm_21_005646,wraps,409.63
itm_21_005647,fits,180.9
itm_21_005648,overflows,71.1
itm_21_005649,fits,90.7
itm_21_005650,overflows,170.27
itm_21_005651,fits,156.96
itm_21_005652,wraps,309.95
itm_21_005653,wraps,186.83
itm_21_005654,wraps,372.25
itm_21_005655,wraps,478.26
itm_21_005656,wraps,308.89
itm_21_005657,wraps,192.18
itm_21_005658,fits,213.18
itm_21_005659,wraps,363.01
itm_21_005660,wraps,440.43
itm_21_005661,wraps,178.75
itm_21_005662,overflows,390.36
itm_21_005663,wraps,513.37
itm_21_005664,overflows,500.19
itm_21_005665,fits,162.05
itm_21_005666,fits,139.81
itm_21_005667,fits,184.26
itm_21_005668,overflows,77.25
itm_21_005669,overflows,96.1
itm_21_005670,fits,69.83
itm_21_005671,overflows,224.13
itm_21_005672,wraps,86.9
itm_21_005673,overflows,91.17
itm_21_005674,wraps,300.43
itm_21_005675,overflows,86.64
itm_21_005676,overflows,126.2
itm_21_005677,overflows,168.11
itm_21_005678,fits,29.85
itm_21_005679,fits,78.77
itm_21_005680,overflows,153.11
itm_21_005681,wraps,503.81
itm_21_005682,overflows,363.22
itm_21_005683,fits,74.11
itm_21_005684,fits,233.18
itm_21_005685,fits,169.89
itm_21_005686,fits,110.52
itm_21_005687,wraps,238.16
itm_21_005688,overflows,228.85
itm_21_005689,fits,71.1
itm_21_005690,fits,130.85
itm_21_005691,overflows,142.78
itm_21_005692,fits,49.67
itm_21_005693,overflows,187.9
itm_21_005694,overflows,255.47
itm_21_005695,fits,178.97
itm_21_005696,overflows,116.6
itm_21_005697,overflows,163.4
itm_21_005698,wraps,169.22
itm_21_005699,overflows,153.21
itm_21_005700,fits,49.67
itm_21_005701,overflows,85.68
itm_21_005702,overflows,208.37
itm_21_005703,fits,69.13
itm_21_005704,fits,49.67
itm_21_005705,fits,49.67
itm_21_005706,overflows,569.38
itm_21_005707,fits,81.13
itm_21_005708,overflows,310.67
itm_21_005709,overflows,263.76
itm_21_005710,fits,85.0
itm_21_005711,overflows,55.27
itm_21_005712,fits,87.24
itm_21_005713,wraps,190.05
itm_21_005714,overflows,119.83
itm_21_005715,overflows,130.11
itm_21_005716,fits,135.83
itm_21_005717,fits,58.1
itm_21_005718,fits,63.08
itm_21_005719,overflows,101.37
itm_22_005720,fits,67.74
itm_22_005721,overflows,68.87
itm_22_005722,fits,182.48
itm_22_005723,overflows,112.25
itm_22_005724,overflows,165.23
itm_22_005725,wraps,537.69
itm_22_005726,fits,63.7
itm_22_005727,fits,113.48
itm_22_005728,fits,189.38
itm_22_005729,wraps,68.21
itm_22_005730,fits,153.72
itm_22_005731,overflows,64.39
itm_22_005732,overflows,115.1
itm_22_005733,overflows,137.68
itm_22_005734,fits,65.39
itm_22_005735,fits,78.26
itm_22_005736,overflows,228.49
itm_22_005737,wraps,598.64
itm_22_005738,fits,123.0
itm_22_005739,fits,111.15
itm_22_005740,wraps,152.97
itm_22_005741,wraps,165.28
itm_22_005742,fits,65.42
itm_22_005743,fits,195.38
itm_22_005744,overflows,92.9
itm_22_005745,overflows,136.94
itm_22_005746,overflows,193.55
itm_22_005747,overflows,68.15
itm_22_005748,wraps,222.87
itm_22_005749,overflows,234.63
itm_22_005750,fits,137.03
itm_22_005751,overflows,101.14
itm_22_005752,overflows,63.7
itm_22_005753,wraps,153.93
itm_22_005754,overflows,99.33
itm_22_005755,fits,333.23
itm_22_005756,fits,220.12
itm_22_005757,wraps,169.74
itm_22_005758,overflows,176.3
itm_22_005759,overflows,116.82
itm_22_005760,wraps,326.35
itm_22_005761,overflows,111.01
itm_22_005762,fits,109.91
itm_22_005763,fits,312.92
itm_22_005764,wraps,661.75
itm_22_005765,overflows,159.77
itm_22_005766,fits,69.33
itm_22_005767,wraps,220.21
itm_22_005768,wraps,119.17
itm_22_005769,wraps,65.95
itm_22_005770,fits,272.47
itm_22_005771,wraps,151.95
itm_22_005772,fits,55.96
itm_22_005773,fits,48.94
itm_22_005774,fits,65.77
itm_22_005775,fits,60.05
itm_22_005776,fits,119.17
itm_22_005777,overflows,384.02
itm_22_005778,overflows,80.57
itm_22_005779,overflows,189.18
itm_22_005780,wraps,153.52
itm_22_005781,fits,119.17
itm_22_005782,wraps,356.39
itm_22_005783,overflows,281.72
itm_22_005784,overflows,142.97
itm_22_005785,overflows,145.24
itm_22_005786,overflows,75.95
itm_22_005787,fits,73.03
itm_22_005788,fits,72.29
itm_22_005789,fits,59.4
itm_22_005790,fits,108.26
itm_22_005791,fits,40.75
itm_22_005792,wraps,334.37
itm_22_005793,fits,61.98
itm_22_005794,wraps,253.93
itm_22_005795,fits,118.38
itm_22_005796,overflows,65.83
itm_22_005797,fits,119.17
itm_22_005798,fits,119.17
itm_22_005799,fits,65.18
itm_22_005800,fits,193.34
itm_22_005801,overflows,79.71
itm_22_005802,overflows,140.36
itm_22_005803,overflows,102.56
itm_22_005804,fits,77.97
itm_22_005805,overflows,254.3
itm_22_005806,wraps,310.11
itm_22_005807,overflows,466.92
itm_22_005808,overflows,78.49
itm_22_005809,wraps,164.93
itm_22_005810,overflows,308.93
itm_22_005811,fits,85.04
itm_22_005812,overflows,164.72
itm_22_005813,wraps,260.72
itm_22_005814,fits,70.65
itm_22_005815,overflows,196.84
itm_22_005816,overflows,144.42
itm_22_005817,wraps,280.78
itm_22_005818,overflows,467.08
itm_22_005819,overflows,147.48
itm_22_005820,overflows,633.12
itm_22_005821,wraps,548.32
itm_22_005822,wraps,208.63
itm_22_005823,overflows,386.86
itm_22_005824,overflows,71.5
itm_22_005825,fits,69.63
itm_22_005826,overflows,364.18
itm_22_005827,fits,65.25
itm_22_005828,fits,119.17
itm_22_005829,fits,255.85
itm_22_005830,fits,62.63
itm_22_005831,overflows,721.29
itm_22_005832,wraps,432.96
itm_22_005833,fits,91.44
itm_22_005834,wraps,258.55
itm_22_005835,overflows,91.44
itm_22_005836,overflows,373.78
itm_22_005837,fits,91.44
itm_22_005838,overflows,95.7
itm_22_005839,overflows,314.82
itm_22_005840,overflows,68.06
itm_22_005841,fits,149.54
itm_22_005842,overflows,244.52
itm_22_005843,wraps,261.28
itm_22_005844,overflows,83.9
itm_22_005845,fits,267.79
itm_22_005846,fits,66.79
itm_22_005847,fits,66.81
itm_22_005848,wraps,443.43
itm_22_005849,wraps,347.16
itm_22_005850,fits,243.4
itm_22_005851,wraps,189.84
itm_22_005852,overflows,71.02
itm_22_005853,overflows,83.18
itm_22_005854,overflows,239.97
itm_22_005855,wraps,233.97
itm_22_005856,wraps,94.69
itm_22_005857,wraps,216.48
itm_22_005858,overflows,70.6
itm_22_005859,wraps,140.01
itm_22_005860,overflows,106.23
itm_22_005861,fits,61.98
itm_22_005862,overflows,101.11
itm_22_005863,wraps,94.2
itm_22_005864,overflows,222.16
itm_22_005865,fits,181.99
itm_22_005866,fits,172.97
itm_22_005867,overflows,80.17
itm_22_005868,overflows,116.81
itm_22_005869,overflows,261.67
itm_22_005870,overflows,103.12
itm_22_005871,overflows,157.52
itm_22_005872,fits,263.77
itm_22_005873,fits,58.51
itm_22_005874,overflows,143.41
itm_22_005875,overflows,63.7
itm_22_005876,fits,126.35
itm_22_005877,fits,40.75
itm_22_005878,overflows,367.89
itm_22_005879,overflows,236.34
itm_22_005880,fits,49.57
itm_22_005881,overflows,170.25
itm_22_005882,fits,100.15
itm_22_005883,overflows,206.52
itm_22_005884,fits,198.91
itm_22_005885,overflows,304.78
itm_22_005886,overflows,303.45
itm_22_005887,overflows,245.81
itm_22_005888,overflows,155.97
itm_22_005889,fits,168.32
itm_22_005890,fits,149.48
itm_22_005891,overflows,61.38
itm_22_005892,overflows,213.06
itm_22_005893,fits,73.26
itm_22_005894,overflows,50.2
itm_22_005895,fits,49.57
itm_22_005896,fits,74.02
itm_22_005897,overflows,60.92
itm_22_005898,overflows,195.38
itm_22_005899,fits,222.01
itm_22_005900,overflows,129.85
itm_22_005901,overflows,58.2
itm_22_005902,overflows,117.83
itm_22_005903,overflows,117.19
itm_22_005904,fits,117.83
itm_22_005905,wraps,423.49
itm_22_005906,wraps,356.27
itm_22_005907,overflows,135.31
itm_22_005908,wraps,223.96
itm_22_005909,overflows,46.39
itm_22_005910,wraps,287.71
itm_22_005911,overflows,360.77
itm_22_005912,wraps,313.32
itm_22_005913,wraps,391.16
itm_22_005914,fits,142.97
itm_22_005915,wraps,252.52
itm_22_005916,overflows,595.45
itm_22_005917,fits,212.93
itm_22_005918,wraps,191.92
itm_22_005919,fits,322.18
itm_22_005920,fits,60.45
itm_22_005921,overflows,90.4
itm_22_005922,fits,79.45
itm_22_005923,overflows,113.53
itm_22_005924,overflows,90.04
itm_22_005925,fits,77.69
itm_22_005926,overflows,224.72
itm_22_005927,overflows,365.05
itm_22_005928,overflows,327.05
itm_22_005929,wraps,99.15
itm_22_005930,fits,83.23
itm_22_005931,wraps,211.58
itm_22_005932,overflows,347.16
itm_22_005933,overflows,216.45
itm_22_005934,overflows,242.24
itm_22_005935,overflows,734.92
itm_22_005936,fits,372.12
itm_22_005937,wraps,86.93
itm_22_005938,wraps,210.16
itm_22_005939,overflows,404.28
itm_22_005940,wraps,240.04
itm_22_005941,fits,216.61
itm_22_005942,fits,115.99
itm_22_005943,fits,66.81
itm_22_005944,overflows,188.77
itm_22_005945,overflows,85.97
itm_22_005946,overflows,60.87
itm_22_005947,fits,61.82
itm_22_005948,fits,67.74
itm_22_005949,fits,184.0
itm_22_005950,fits,154.45
itm_22_005951,overflows,38.95
itm_22_005952,fits,103.07
itm_22_005953,fits,67.51
itm_22_005954,fits,63.46
itm_22_005955,fits,191.94
itm_22_005956,fits,267.34
itm_22_005957,overflows,198.45
itm_22_005958,overflows,63.46
itm_22_005959,overflows,71.5
itm_22_005960,fits,82.42
itm_22_005961,overflows,268.14
itm_22_005962,wraps,119.88
itm_22_005963,fits,175.74
itm_22_005964,fits,57.06
itm_22_005965,fits,66.06
itm_22_005966,overflows,157.63
itm_22_005967,fits,84.77
itm_22_005968,overflows,132.25
itm_22_005969,fits,88.34
itm_22_005970,overflows,85.77
itm_22_005971,fits,103.09
itm_22_005972,fits,59.27
itm_22_005973,fits,58.01
itm_22_005974,fits,64.5
itm_22_005975,overflows,70.55
itm_22_005976,fits,68.61
itm_22_005977,fits,59.86
itm_22_005978,overflows,86.38
itm_22_005979,fits,172.45
itm_23_005980,overflows,214.2
itm_23_005981,overflows,335.36
itm_23_005982,overflows,670.84
itm_23_005983,overflows,308.83
itm_23_005984,overflows,289.06
itm_23_005985,overflows,258.08
itm_23_005986,wraps,525.23
itm_23_005987,overflows,289.78
itm_23_005988,fits,97.22
itm_23_005989,overflows,495.0
itm_23_005990,overflows,199.54
itm_23_005991,overflows,369.49
itm_23_005992,overflows,228.44
itm_23_005993,overflows,269.73
itm_23_005994,overflows,184.08
itm_23_005995,overflows,403.99
itm_23_005996,fits,118.41
itm_23_005997,overflows,115.3
itm_23_005998,overflows,202.26
itm_23_005999,overflows,409.15
itm_23_006000,overflows,447.18
itm_23_006001,overflows,739.18
itm_23_006002,fits,237.9
itm_23_006003,fits,157.86
itm_23_006004,overflows,147.93
itm_23_006005,overflows,137.22
itm_23_006006,overflows,200.44
itm_23_006007,overflows,126.49
itm_23_006008,overflows,224.05
itm_23_006009,fits,244.26
itm_23_006010,overflows,110.8
itm_23_006011,overflows,434.26
itm_23_006012,overflows,118.5
itm_23_006013,fits,131.1
itm_23_006014,overflows,257.44
itm_23_006015,overflows,131.33
itm_23_006016,overflows,157.04
itm_23_006017,overflows,119.78
itm_23_006018,overflows,113.57
itm_23_006019,wraps,257.18
itm_23_006020,overflows,202.87
itm_23_006021,overflows,274.91
itm_23_006022,fits,265.15
itm_23_006023,overflows,316.12
itm_23_006024,overflows,216.19
itm_23_006025,overflows,303.84
itm_23_006026,overflows,206.23
itm_23_006027,overflows,206.23
itm_23_006028,overflows,318.42
itm_23_006029,overflows,91.07
itm_23_006030,overflows,205.25
itm_23_006031,wraps,263.87
itm_23_006032,overflows,157.86
itm_23_006033,overflows,200.29
itm_23_006034,fits,280.57
itm_23_006035,overflows,122.29
itm_23_006036,overflows,117.8
itm_23_006037,fits,170.72
itm_23_006038,overflows,117.44
itm_23_006039,overflows,74.76
itm_23_006040,overflows,111.09
itm_23_006041,overflows,94.62
itm_23_006042,fits,246.92
itm_23_006043,overflows,77.68
itm_23_006044,overflows,91.49
itm_23_006045,fits,127.42
itm_23_006046,overflows,313.24
itm_23_006047,overflows,81.93
itm_23_006048,overflows,157.86
itm_23_006049,fits,157.86
itm_23_006050,fits,87.53
itm_23_006051,fits,132.99
itm_23_006052,overflows,167.5
itm_23_006053,fits,177.23
itm_23_006054,fits,177.23
itm_23_006055,overflows,340.47
itm_23_006056,fits,88.05
itm_23_006057,overflows,74.0
itm_23_006058,overflows,314.42
itm_23_006059,overflows,139.24
itm_23_006060,overflows,130.0
itm_23_006061,overflows,124.17
itm_23_006062,overflows,294.48
itm_23_006063,overflows,248.99
itm_23_006064,wraps,364.0
itm_23_006065,overflows,302.91
itm_23_006066,overflows,275.53
itm_23_006067,overflows,111.99
itm_23_006068,overflows,96.23
itm_23_006069,fits,227.49
itm_23_006070,overflows,118.38
itm_23_006071,overflows,125.13
itm_23_006072,wraps,406.76
itm_23_006073,wraps,227.57
itm_23_006074,overflows,337.28
itm_23_006075,overflows,221.11
itm_23_006076,fits,131.95
itm_23_006077,fits,157.86
itm_23_006078,overflows,358.4
itm_23_006079,fits,100.45
itm_23_006080,overflows,97.47
itm_23_006081,overflows,234.79
itm_23_006082,overflows,196.6
itm_23_006083,overflows,139.59
itm_23_006084,overflows,110.55
itm_23_006085,wraps,242.44
itm_23_006086,overflows,125.37
itm_23_006087,overflows,125.37
itm_23_006088,overflows,354.79
itm_23_006089,overflows,355.04
itm_23_006090,overflows,305.41
itm_23_006091,overflows,120.59
itm_23_006092,wraps,231.25
itm_23_006093,wraps,666.56
itm_23_006094,overflows,215.74
itm_23_006095,overflows,118.41
itm_23_006096,overflows,118.41
itm_23_006097,overflows,62.54
itm_23_006098,overflows,119.3
itm_23_006099,overflows,118.41
itm_23_006100,overflows,358.51
itm_23_006101,overflows,276.87
itm_23_006102,overflows,422.54
itm_23_006103,overflows,157.99
itm_23_006104,fits,179.5
itm_23_006105,fits,113.45
itm_23_006106,overflows,187.73
itm_23_006107,overflows,120.02
itm_23_006108,overflows,213.78
itm_23_006109,overflows,334.4
itm_23_006110,fits,97.47
itm_23_006111,wraps,767.59
itm_23_006112,fits,133.14
itm_23_006113,overflows,206.79
itm_23_006114,overflows,131.81
itm_23_006115,overflows,67.87
itm_23_006116,overflows,186.58
itm_23_006117,overflows,114.54
itm_23_006118,overflows,79.31
itm_23_006119,fits,98.77
itm_23_006120,overflows,217.69
itm_23_006121,overflows,223.31
itm_23_006122,overflows,197.99
itm_23_006123,fits,173.62
itm_23_006124,fits,223.59
itm_23_006125,fits,324.25
itm_23_006126,overflows,90.38
itm_23_006127,overflows,188.82
itm_23_006128,overflows,105.2
itm_23_006129,overflows,179.5
itm_23_006130,overflows,76.09
itm_23_006131,overflows,116.92
itm_23_006132,overflows,150.37
itm_23_006133,overflows,182.39
itm_23_006134,overflows,245.45
itm_23_006135,fits,175.5
itm_23_006136,overflows,191.12
itm_23_006137,overflows,247.17
itm_23_006138,wraps,342.14
itm_23_006139,overflows,335.06
itm_23_006140,overflows,221.96
itm_23_006141,overflows,232.59
itm_23_006142,overflows,119.04
itm_23_006143,fits,241.45
itm_23_006144,overflows,129.27
itm_23_006145,fits,170.93
itm_23_006146,overflows,78.67
itm_23_006147,fits,108.94
itm_23_006148,overflows,46.2
itm_23_006149,overflows,92.11
itm_23_006150,overflows,78.57
itm_23_006151,overflows,206.76
itm_23_006152,fits,240.78
itm_23_006153,overflows,155.47
itm_23_006154,fits,119.1
itm_23_006155,fits,236.93
itm_23_006156,overflows,108.04
itm_23_006157,overflows,207.93
itm_23_006158,overflows,201.3
itm_23_006159,overflows,76.66
itm_23_006160,overflows,164.53
itm_23_006161,fits,196.03
itm_23_006162,overflows,124.83
itm_23_006163,fits,366.89
itm_23_006164,overflows,331.07
itm_23_006165,overflows,86.57
itm_23_006166,overflows,179.16
itm_23_006167,overflows,809.17
itm_23_006168,wraps,249.15
itm_23_006169,overflows,303.65
itm_23_006170,overflows,518.04
itm_23_006171,wraps,464.41
itm_23_006172,wraps,526.14
itm_23_006173,overflows,312.74
itm_23_006174,overflows,432.05
itm_23_006175,overflows,276.26
itm_23_006176,overflows,846.88
itm_23_006177,fits,167.07
itm_23_006178,overflows,446.58
itm_23_006179,overflows,349.75
itm_23_006180,overflows,132.43
itm_23_006181,overflows,83.01
itm_23_006182,overflows,270.79
itm_23_006183,overflows,109.87
itm_23_006184,wraps,414.98
itm_23_006185,overflows,368.02
itm_23_006186,fits,114.13
itm_23_006187,overflows,123.37
itm_23_006188,overflows,270.68
itm_23_006189,overflows,357.16
itm_23_006190,overflows,283.53
itm_23_006191,fits,133.33
itm_23_006192,wraps,151.86
itm_23_006193,fits,107.16
itm_23_006194,overflows,98.86
itm_23_006195,fits,137.96
itm_23_006196,overflows,219.28
itm_23_006197,fits,101.34
itm_23_006198,overflows,102.79
itm_23_006199,overflows,610.19
itm_23_006200,overflows,233.41
itm_23_006201,overflows,179.42
itm_23_006202,overflows,512.08
itm_23_006203,overflows,108.04
itm_23_006204,overflows,194.68
itm_23_006205,overflows,99.69
itm_23_006206,overflows,233.68
itm_23_006207,overflows,177.32
itm_23_006208,overflows,194.07
itm_23_006209,overflows,98.12
itm_23_006210,fits,179.92
itm_23_006211,overflows,205.97
itm_23_006212,overflows,205.94
itm_23_006213,fits,77.67
itm_23_006214,overflows,285.57
itm_23_006215,overflows,99.69
itm_23_006216,overflows,73.05
itm_23_006217,overflows,193.65
itm_23_006218,overflows,220.56
itm_23_006219,overflows,257.42
itm_23_006220,overflows,272.43
itm_23_006221,fits,77.67
itm_23_006222,overflows,111.11
itm_23_006223,overflows,253.31
itm_23_006224,overflows,227.64
itm_23_006225,overflows,99.69
itm_23_006226,fits,113.77
itm_23_006227,overflows,214.8
itm_23_006228,fits,77.67
itm_23_006229,overflows,103.71
itm_23_006230,wraps,247.51
itm_23_006231,overflows,335.24
itm_23_006232,overflows,355.99
itm_23_006233,fits,134.46
itm_23_006234,overflows,238.86
itm_23_006235,fits,108.73
itm_23_006236,overflows,196.71
itm_23_006237,overflows,70.14
itm_23_006238,fits,105.15
itm_23_006239,overflows,62.54
itm_24_006240,overflows,161.66
itm_24_006241,wraps,566.66
itm_24_006242,overflows,187.25
itm_24_006243,wraps,377.28
itm_24_006244,fits,136.73
itm_24_006245,overflows,97.95
itm_24_006246,overflows,113.91
itm_24_006247,overflows,119.75
itm_24_006248,fits,225.28
itm_24_006249,fits,66.45
itm_24_006250,overflows,184.35
itm_24_006251,fits,53.31
itm_24_006252,fits,312.27
itm_24_006253,overflows,87.72
itm_24_006254,fits,68.71
itm_24_006255,wraps,220.98
itm_24_006256,fits,116.37
itm_24_006257,wraps,455.47
itm_24_006258,overflows,406.96
itm_24_006259,wraps,570.22
itm_24_006260,overflows,44.74
itm_24_006261,fits,151.67
itm_24_006262,overflows,378.02
itm_24_006263,wraps,152.73
itm_24_006264,wraps,159.3
itm_24_006265,overflows,194.03
itm_24_006266,fits,154.5
itm_24_006267,fits,117.96
itm_24_006268,fits,127.07
itm_24_006269,fits,109.39
itm_24_006270,overflows,338.19
itm_24_006271,fits,101.45
itm_24_006272,fits,140.34
itm_24_006273,overflows,81.9
itm_24_006274,fits,36.64
itm_24_006275,wraps,322.76
itm_24_006276,wraps,106.37
itm_24_006277,wraps,160.88
itm_24_006278,fits,123.32
itm_24_006279,overflows,280.06
itm_24_006280,wraps,328.68
itm_24_006281,overflows,94.81
itm_24_006282,wraps,109.58
itm_24_006283,wraps,100.04
itm_24_006284,wraps,117.71
itm_24_006285,wraps,79.79
itm_24_006286,overflows,221.56
itm_24_006287,fits,36.64
itm_24_006288,wraps,73.93
itm_24_006289,wraps,472.81
itm_24_006290,fits,52.21
itm_24_006291,wraps,204.13
itm_24_006292,overflows,99.78
itm_24_006293,fits,45.45
itm_24_006294,overflows,83.79
itm_24_006295,fits,63.68
itm_24_006296,fits,56.85
itm_24_006297,overflows,55.17
itm_24_006298,fits,57.6
itm_24_006299,fits,69.57
itm_24_006300,fits,90.26
itm_24_006301,fits,152.28
itm_24_006302,wraps,133.77
itm_24_006303,fits,67.03
itm_24_006304,fits,137.05
itm_24_006305,overflows,66.51
itm_24_006306,fits,124.78
itm_24_006307,wraps,209.98
itm_24_006308,fits,41.96
itm_24_006309,fits,83.5
itm_24_006310,overflows,112.97
itm_24_006311,wraps,218.52
itm_24_006312,wraps,170.22
itm_24_006313,wraps,479.38
itm_24_006314,overflows,230.91
itm_24_006315,overflows,175.65
itm_24_006316,wraps,425.13
itm_24_006317,wraps,324.18
itm_24_006318,wraps,444.36
itm_24_006319,wraps,191.68
itm_24_006320,fits,62.55
itm_24_006321,fits,106.81
itm_24_006322,wraps,220.37
itm_24_006323,overflows,69.71
itm_24_006324,fits,64.41
itm_24_006325,fits,226.57
itm_24_006326,overflows,236.72
itm_24_006327,wraps,285.75
itm_24_006328,overflows,154.92
itm_24_006329,fits,64.0
itm_24_006330,wraps,195.56
itm_24_006331,fits,119.46
itm_24_006332,fits,111.69
itm_24_006333,fits,66.15
itm_24_006334,overflows,81.05
itm_24_006335,fits,116.37
itm_24_006336,overflows,115.42
itm_24_006337,wraps,528.61
itm_24_006338,overflows,88.34
itm_24_006339,fits,111.69
itm_24_006340,fits,119.9
itm_24_006341,overflows,66.51
itm_24_006342,overflows,86.35
itm_24_006343,overflows,170.09
itm_24_006344,fits,93.04
itm_24_006345,wraps,147.38
itm_24_006346,wraps,99.26
itm_24_006347,wraps,81.0
itm_24_006348,fits,152.73
itm_24_006349,wraps,194.66
itm_24_006350,fits,131.46
itm_24_006351,fits,79.53
itm_24_006352,fits,76.71
itm_24_006353,fits,66.45
itm_24_006354,fits,36.64
itm_24_006355,overflows,138.17
itm_24_006356,overflows,47.28
itm_24_006357,fits,45.55
itm_24_006358,overflows,59.64
itm_24_006359,fits,41.96
itm_24_006360,overflows,44.71
itm_24_006361,overflows,202.99
itm_24_006362,fits,182.33
itm_24_006363,fits,129.55
itm_24_006364,overflows,135.75
itm_24_006365,overflows,168.45
itm_24_006366,fits,221.09
itm_24_006367,wraps,271.88
itm_24_006368,wraps,138.06
itm_24_006369,wraps,145.4
itm_24_006370,fits,109.16
itm_24_006371,fits,46.33
itm_24_006372,wraps,174.53
itm_24_006373,overflows,68.39
itm_24_006374,overflows,154.03
itm_24_006375,overflows,155.54
itm_24_006376,fits,129.85
itm_24_006377,fits,56.46
itm_24_006378,fits,75.41
itm_24_006379,fits,33.1
itm_24_006380,fits,56.14
itm_24_006381,overflows,141.45
itm_24_006382,wraps,290.73
itm_24_006383,fits,140.87
itm_24_006384,fits,203.66
itm_24_006385,wraps,175.99
itm_24_006386,overflows,48.25
itm_24_006387,fits,40.78
itm_24_006388,fits,59.99
itm_24_006389,fits,189.07
itm_24_006390,fits,180.69
itm_24_006391,overflows,379.71
itm_24_006392,fits,68.71
itm_24_006393,fits,67.51
itm_24_006394,fits,146.14
itm_24_006395,fits,126.88
itm_24_006396,overflows,211.46
itm_24_006397,overflows,76.81
itm_24_006398,overflows,55.1
itm_24_006399,fits,71.12
itm_24_006400,fits,107.02
itm_24_006401,overflows,38.12
itm_24_006402,fits,48.79
itm_24_006403,fits,21.16
itm_24_006404,overflows,47.48
itm_24_006405,overflows,48.85
itm_24_006406,fits,71.96
itm_24_006407,fits,147.6
itm_24_006408,fits,66.16
itm_24_006409,fits,141.54
itm_24_006410,fits,194.11
itm_24_006411,fits,67.03
itm_24_006412,fits,182.44
itm_24_006413,overflows,165.82
itm_24_006414,fits,151.31
itm_24_006415,fits,158.04
itm_24_006416,wraps,597.74
itm_24_006417,wraps,334.29
itm_24_006418,wraps,445.84
itm_24_006419,wraps,167.83
itm_24_006420,overflows,147.9
itm_24_006421,overflows,345.96
itm_24_006422,overflows,215.15
itm_24_006423,overflows,329.46
itm_24_006424,overflows,300.31
itm_24_006425,wraps,289.68
itm_24_006426,wraps,373.39
itm_24_006427,wraps,335.18
itm_24_006428,overflows,367.63
itm_24_006429,overflows,263.25
itm_24_006430,wraps,263.84
itm_24_006431,overflows,397.35
itm_24_006432,overflows,343.46
itm_24_006433,wraps,230.84
itm_24_006434,wraps,508.86
itm_24_006435,overflows,579.89
itm_24_006436,wraps,250.91
itm_24_006437,fits,233.94
itm_24_006438,fits,177.06
itm_24_006439,fits,195.83
itm_24_006440,fits,304.06
itm_24_006441,fits,106.27
itm_24_006442,overflows,96.29
itm_24_006443,overflows,187.56
itm_24_006444,wraps,72.64
itm_24_006445,overflows,253.65
itm_24_006446,fits,66.49
itm_24_006447,wraps,191.09
itm_24_006448,overflows,131.79
itm_24_006449,wraps,183.8
itm_24_006450,wraps,259.34
itm_24_006451,overflows,86.76
itm_24_006452,wraps,87.43
itm_24_006453,fits,138.66
itm_24_006454,fits,34.72
itm_24_006455,wraps,140.88
itm_24_006456,fits,132.82
itm_24_006457,overflows,44.74
itm_24_006458,fits,56.07
itm_24_006459,wraps,157.61
itm_24_006460,wraps,505.78
itm_24_006461,overflows,139.73
itm_24_006462,overflows,96.79
itm_24_006463,wraps,403.82
itm_24_006464,fits,188.39
itm_24_006465,fits,95.02
itm_24_006466,overflows,77.74
itm_24_006467,fits,109.54
itm_24_006468,fits,51.79
itm_24_006469,fits,52.34
itm_24_006470,fits,109.7
itm_24_006471,fits,182.55
itm_24_006472,overflows,59.74
itm_24_006473,fits,152.25
itm_24_006474,fits,129.43
itm_24_006475,fits,92.74
itm_24_006476,overflows,72.18
itm_24_006477,fits,69.41
itm_24_006478,overflows,163.2
itm_24_006479,fits,154.79
itm_24_006480,overflows,77.74
itm_24_006481,fits,59.65
itm_24_006482,wraps,176.82
itm_24_006483,fits,150.46
itm_24_006484,fits,60.31
itm_24_006485,overflows,342.46
itm_24_006486,overflows,65.73
itm_24_006487,overflows,289.8
itm_24_006488,overflows,71.42
itm_24_006489,overflows,61.7
itm_24_006490,fits,36.3
itm_24_006491,fits,88.28
itm_24_006492,wraps,277.97
itm_24_006493,fits,132.77
itm_24_006494,fits,22.08
itm_24_006495,fits,49.93
itm_24_006496,overflows,66.51
itm_24_006497,fits,108.12
itm_24_006498,overflows,84.89
itm_24_006499,overflows,74.65
itm_25_006500,fits,71.14
itm_25_006501,fits,175.59
itm_25_006502,overflows,90.12
itm_25_006503,fits,185.39
itm_25_006504,overflows,54.54
itm_25_006505,fits,79.91
itm_25_006506,fits,68.13
itm_25_006507,fits,99.33
itm_25_006508,wraps,111.55
itm_25_006509,overflows,96.0
itm_25_006510,overflows,64.38
itm_25_006511,fits,93.49
itm_25_006512,fits,291.07
itm_25_006513,overflows,86.88
itm_25_006514,overflows,69.57
itm_25_006515,fits,54.16
itm_25_006516,fits,51.24
itm_25_006517,wraps,348.09
itm_25_006518,overflows,479.54
itm_25_006519,wraps,245.64
itm_25_006520,overflows,227.33
itm_25_006521,wraps,149.32
itm_25_006522,wraps,245.64
itm_25_006523,overflows,98.83
itm_25_006524,fits,50.86
itm_25_006525,fits,167.22
itm_25_006526,wraps,147.69
itm_25_006527,wraps,188.46
itm_25_006528,fits,165.88
itm_25_006529,fits,118.9
itm_25_006530,fits,147.8
itm_25_006531,wraps,172.91
itm_25_006532,wraps,245.62
itm_25_006533,wraps,181.24
itm_25_006534,fits,257.14
itm_25_006535,fits,104.83
itm_25_006536,fits,43.96
itm_25_006537,overflows,97.62
itm_25_006538,overflows,65.89
itm_25_006539,overflows,182.04
itm_25_006540,wraps,140.5
itm_25_006541,wraps,104.11
itm_25_006542,wraps,105.21
itm_25_006543,wraps,82.25
itm_25_006544,wraps,83.12
itm_25_006545,fits,165.57
itm_25_006546,fits,43.14
itm_25_006547,fits,119.18
itm_25_006548,fits,214.18
itm_25_006549,fits,198.04
itm_25_006550,overflows,621.61
itm_25_006551,overflows,162.61
itm_25_006552,overflows,96.0
itm_25_006553,overflows,165.55
itm_25_006554,wraps,78.39
itm_25_006555,wraps,63.59
itm_25_006556,fits,68.63
itm_25_006557,fits,55.18
itm_25_006558,fits,104.06
itm_25_006559,overflows,55.34
itm_25_006560,overflows,68.12
itm_25_006561,fits,101.65
itm_25_006562,wraps,213.34
itm_25_006563,overflows,657.13
itm_25_006564,wraps,110.29
itm_25_006565,fits,47.31
itm_25_006566,fits,108.52
itm_25_006567,fits,126.4
itm_25_006568,wraps,129.7
itm_25_006569,fits,115.28
itm_25_006570,wraps,291.4
itm_25_006571,overflows,51.24
itm_25_006572,overflows,52.94
itm_25_006573,fits,140.59
itm_25_006574,wraps,217.11
itm_25_006575,overflows,96.34
itm_25_006576,wraps,218.43
itm_25_006577,fits,87.8
itm_25_006578,overflows,223.07
itm_25_006579,wraps,466.84
itm_25_006580,wraps,254.81
itm_25_006581,wraps,180.12
itm_25_006582,fits,64.13
itm_25_006583,fits,133.05
itm_25_006584,wraps,217.92
itm_25_006585,fits,95.55
itm_25_006586,wraps,105.3
itm_25_006587,fits,107.55
itm_25_006588,fits,66.72
itm_25_006589,fits,64.13
itm_25_006590,fits,233.93
itm_25_006591,fits,100.49
itm_25_006592,wraps,103.94
itm_25_006593,wraps,222.0
itm_25_006594,overflows,175.03
itm_25_006595,overflows,125.46
itm_25_006596,wraps,192.44
itm_25_006597,fits,112.07
itm_25_006598,overflows,166.07
itm_25_006599,overflows,161.5
itm_25_006600,fits,108.52
itm_25_006601,wraps,231.9
itm_25_006602,overflows,147.21
itm_25_006603,wraps,155.96
itm_25_006604,fits,185.52
itm_25_006605,overflows,82.4
itm_25_006606,wraps,149.14
itm_25_006607,fits,97.74
itm_25_006608,overflows,121.05
itm_25_006609,fits,156.13
itm_25_006610,wraps,250.61
itm_25_006611,fits,229.51
itm_25_006612,fits,43.14
itm_25_006613,wraps,145.16
itm_25_006614,overflows,215.75
itm_25_006615,wraps,175.61
itm_25_006616,overflows,120.2
itm_25_006617,fits,140.14
itm_25_006618,wraps,86.53
itm_25_006619,fits,136.44
itm_25_006620,fits,160.11
itm_25_006621,overflows,267.45
itm_25_006622,fits,47.33
itm_25_006623,wraps,124.82
itm_25_006624,wraps,94.66
itm_25_006625,wraps,339.97
itm_25_006626,overflows,99.09
itm_25_006627,overflows,178.48
itm_25_006628,fits,112.61
itm_25_006629,overflows,128.56
itm_25_006630,fits,64.2
itm_25_006631,wraps,80.92
itm_25_006632,fits,80.26
itm_25_006633,fits,64.45
itm_25_006634,fits,124.68
itm_25_006635,fits,130.87
itm_25_006636,fits,72.9
itm_25_006637,fits,52.01
itm_25_006638,fits,88.89
itm_25_006639,fits,98.62
itm_25_006640,fits,124.64
itm_25_006641,fits,55.26
itm_25_006642,fits,116.3
itm_25_006643,overflows,58.93
itm_25_006644,fits,167.69
itm_25_006645,fits,166.92
itm_25_006646,fits,39.44
itm_25_006647,overflows,98.25
itm_25_006648,fits,84.97
itm_25_006649,fits,107.51
itm_25_006650,fits,132.26
itm_25_006651,fits,154.41
itm_25_006652,overflows,75.71
itm_25_006653,fits,68.62
itm_25_006654,overflows,119.34
itm_25_006655,fits,75.2
itm_25_006656,fits,84.57
itm_25_006657,fits,69.56
itm_25_006658,fits,43.01
itm_25_006659,fits,17.54
itm_25_006660,overflows,45.96
itm_25_006661,fits,33.77
itm_25_006662,fits,89.92
itm_25_006663,fits,107.99
itm_25_006664,fits,88.89
itm_25_006665,fits,149.73
itm_25_006666,fits,98.62
itm_25_006667,fits,121.3
itm_25_006668,fits,136.77
itm_25_006669,fits,36.86
itm_25_006670,fits,149.2
itm_25_006671,wraps,536.16
itm_25_006672,wraps,180.46
itm_25_006673,fits,151.93
itm_25_006674,wraps,323.74
itm_25_006675,wraps,390.78
itm_25_006676,overflows,147.12
itm_25_006677,wraps,492.1
itm_25_006678,wraps,513.88
itm_25_006679,wraps,581.8
itm_25_006680,overflows,382.02
itm_25_006681,wraps,346.5
itm_25_006682,wraps,267.25
itm_25_006683,wraps,159.66
itm_25_006684,wraps,100.81
itm_25_006685,overflows,67.62
itm_25_006686,fits,57.06
itm_25_006687,overflows,172.73
itm_25_006688,fits,70.63
itm_25_006689,overflows,90.85
itm_25_006690,overflows,368.8
itm_25_006691,wraps,123.25
itm_25_006692,fits,84.63
itm_25_006693,wraps,199.92
itm_25_006694,wraps,416.08
itm_25_006695,fits,298.45
itm_25_006696,overflows,80.28
itm_25_006697,wraps,139.14
itm_25_006698,wraps,480.86
itm_25_006699,wraps,409.15
itm_25_006700,fits,362.36
itm_25_006701,fits,73.67
itm_25_006702,overflows,62.2
itm_25_006703,overflows,71.14
itm_25_006704,wraps,447.95
itm_25_006705,fits,141.6
itm_25_006706,fits,166.06
itm_25_006707,overflows,74.42
itm_25_006708,fits,62.2
itm_25_006709,fits,187.26
itm_25_006710,fits,96.44
itm_25_006711,fits,163.71
itm_25_006712,overflows,53.97
itm_25_006713,fits,58.35
itm_25_006714,fits,106.88
itm_25_006715,fits,147.53
itm_25_006716,fits,53.53
itm_25_006717,fits,133.32
itm_25_006718,fits,50.76
itm_25_006719,fits,216.48
itm_25_006720,overflows,218.63
itm_25_006721,fits,133.75
itm_25_006722,overflows,132.77
itm_25_006723,wraps,158.12
itm_25_006724,fits,157.25
itm_25_006725,overflows,148.51
itm_25_006726,fits,97.06
itm_25_006727,fits,69.11
itm_25_006728,fits,58.85
itm_25_006729,wraps,172.74
itm_25_006730,fits,126.95
itm_25_006731,fits,158.18
itm_25_006732,fits,253.27
itm_25_006733,fits,62.2
itm_25_006734,overflows,44.25
itm_25_006735,overflows,92.84
itm_25_006736,wraps,126.62
itm_25_006737,fits,35.63
itm_25_006738,overflows,53.53
itm_25_006739,fits,60.02
itm_25_006740,fits,139.39
itm_25_006741,fits,226.62
itm_25_006742,wraps,159.9
itm_25_006743,fits,47.97
itm_25_006744,fits,54.42
itm_25_006745,wraps,196.98
itm_25_006746,overflows,276.29
itm_25_006747,fits,231.43
itm_25_006748,overflows,107.27
itm_25_006749,overflows,56.21
itm_25_006750,fits,86.18
itm_25_006751,fits,46.04
itm_25_006752,fits,20.93
itm_25_006753,fits,20.93
itm_25_006754,overflows,50.55
itm_25_006755,fits,55.93
itm_25_006756,fits,73.56
itm_25_006757,fits,46.45
itm_25_006758,wraps,140.28
itm_25_006759,fits,152.06
itm_26_006760,fits,74.82
itm_26_006761,fits,87.15
itm_26_006762,fits,333.98
itm_26_006763,overflows,79.02
itm_26_006764,overflows,272.28
itm_26_006765,wraps,521.37
itm_26_006766,overflows,155.78
itm_26_006767,wraps,478.73
itm_26_006768,overflows,477.22
itm_26_006769,overflows,184.59
itm_26_006770,wraps,140.51
itm_26_006771,fits,170.29
itm_26_006772,overflows,223.85
itm_26_006773,fits,155.78
itm_26_006774,wraps,490.89
itm_26_006775,overflows,55.13
itm_26_006776,wraps,187.8
itm_26_006777,overflows,196.94
itm_26_006778,wraps,169.78
itm_26_006779,fits,319.58
itm_26_006780,overflows,187.88
itm_26_006781,fits,201.25
itm_26_006782,fits,113.45
itm_26_006783,fits,189.47
itm_26_006784,overflows,170.83
itm_26_006785,wraps,359.36
itm_26_006786,overflows,117.74
itm_26_006787,fits,101.78
itm_26_006788,fits,310.37
itm_26_006789,overflows,103.32
itm_26_006790,overflows,165.51
itm_26_006791,fits,71.52
itm_26_006792,wraps,77.88
itm_26_006793,wraps,452.38
itm_26_006794,overflows,105.39
itm_26_006795,overflows,288.07
itm_26_006796,overflows,146.54
itm_26_006797,fits,137.56
itm_26_006798,fits,157.47
itm_26_006799,fits,98.38
itm_26_006800,overflows,73.36
itm_26_006801,fits,43.52
itm_26_006802,overflows,54.83
itm_26_006803,fits,77.37
itm_26_006804,fits,62.64
itm_26_006805,fits,53.75
itm_26_006806,overflows,62.44
itm_26_006807,overflows,184.3
itm_26_006808,fits,52.2
itm_26_006809,fits,114.23
itm_26_006810,fits,114.23
itm_26_006811,overflows,99.43
itm_26_006812,overflows,111.66
itm_26_006813,fits,114.23
itm_26_006814,fits,52.56
itm_26_006815,fits,78.43
itm_26_006816,wraps,211.21
itm_26_006817,fits,55.13
itm_26_006818,overflows,42.97
itm_26_006819,wraps,174.16
itm_26_006820,wraps,328.3
itm_26_006821,overflows,77.48
itm_26_006822,wraps,222.34
itm_26_006823,fits,90.45
itm_26_006824,fits,77.02
itm_26_006825,overflows,152.05
itm_26_006826,overflows,62.27
itm_26_006827,wraps,76.8
itm_26_006828,overflows,144.01
itm_26_006829,overflows,93.33
itm_26_006830,fits,69.79
itm_26_006831,wraps,219.76
itm_26_006832,overflows,252.54
itm_26_006833,fits,252.5
itm_26_006834,wraps,332.06
itm_26_006835,overflows,283.01
itm_26_006836,wraps,165.58
itm_26_006837,fits,64.24
itm_26_006838,wraps,95.91
itm_26_006839,wraps,70.22
itm_26_006840,fits,63.32
itm_26_006841,fits,95.21
itm_26_006842,fits,233.8
itm_26_006843,wraps,120.4
itm_26_006844,overflows,417.25
itm_26_006845,wraps,139.56
itm_26_006846,fits,114.23
itm_26_006847,fits,92.6
itm_26_006848,fits,114.23
itm_26_006849,overflows,281.81
itm_26_006850,overflows,73.82
itm_26_006851,overflows,89.31
itm_26_006852,wraps,228.69
itm_26_006853,fits,63.62
itm_26_006854,overflows,96.2
itm_26_006855,fits,215.75
itm_26_006856,fits,114.23
itm_26_006857,fits,114.23
itm_26_006858,fits,76.83
itm_26_006859,fits,79.05
itm_26_006860,wraps,115.16
itm_26_006861,overflows,372.31
itm_26_006862,overflows,357.79
itm_26_006863,wraps,517.48
itm_26_006864,wraps,245.81
itm_26_006865,overflows,135.88
itm_26_006866,overflows,83.4
itm_26_006867,overflows,339.13
itm_26_006868,overflows,66.27
itm_26_006869,overflows,74.82
itm_26_006870,overflows,53.89
itm_26_006871,wraps,412.49
itm_26_006872,overflows,383.98
itm_26_006873,wraps,219.17
itm_26_006874,overflows,157.35
itm_26_006875,overflows,79.02
itm_26_006876,overflows,259.61
itm_26_006877,overflows,262.29
itm_26_006878,fits,55.13
itm_26_006879,overflows,120.87
itm_26_006880,fits,202.6
itm_26_006881,wraps,122.79
itm_26_006882,wraps,477.15
itm_26_006883,overflows,283.58
itm_26_006884,overflows,65.46
itm_26_006885,fits,64.52
itm_26_006886,fits,63.32
itm_26_006887,overflows,98.41
itm_26_006888,fits,64.47
itm_26_006889,overflows,88.82
itm_26_006890,fits,67.44
itm_26_006891,overflows,344.88
itm_26_006892,overflows,145.9
itm_26_006893,wraps,191.38
itm_26_006894,wraps,201.23
itm_26_006895,overflows,210.92
itm_26_006896,fits,115.15
itm_26_006897,overflows,75.54
itm_26_006898,overflows,111.19
itm_26_006899,wraps,70.38
itm_26_006900,fits,52.0
itm_26_006901,overflows,122.62
itm_26_006902,overflows,202.77
itm_26_006903,fits,63.32
itm_26_006904,fits,137.08
itm_26_006905,fits,96.2
itm_26_006906,overflows,189.15
itm_26_006907,fits,189.53
itm_26_006908,wraps,152.43
itm_26_006909,overflows,93.89
itm_26_006910,fits,168.73
itm_26_006911,fits,53.97
itm_26_006912,fits,140.17
itm_26_006913,overflows,142.23
itm_26_006914,overflows,143.64
itm_26_006915,fits,115.3
itm_26_006916,overflows,181.76
itm_26_006917,fits,140.02
itm_26_006918,fits,231.55
itm_26_006919,fits,191.21
itm_26_006920,overflows,278.9
itm_26_006921,wraps,160.13
itm_26_006922,wraps,167.32
itm_26_006923,overflows,205.16
itm_26_006924,overflows,149.31
itm_26_006925,fits,69.07
itm_26_006926,overflows,78.52
itm_26_006927,overflows,63.15
itm_26_006928,fits,61.88
itm_26_006929,overflows,157.64
itm_26_006930,overflows,127.23
itm_26_006931,overflows,171.15
itm_26_006932,overflows,197.21
itm_26_006933,overflows,71.59
itm_26_006934,fits,188.44
itm_26_006935,fits,107.52
itm_26_006936,fits,84.64
itm_26_006937,wraps,185.13
itm_26_006938,overflows,172.32
itm_26_006939,overflows,164.65
itm_26_006940,wraps,240.26
itm_26_006941,fits,164.07
itm_26_006942,wraps,348.47
itm_26_006943,fits,125.27
itm_26_006944,wraps,622.86
itm_26_006945,wraps,539.61
itm_26_006946,overflows,142.47
itm_26_006947,overflows,37.93
itm_26_006948,wraps,353.54
itm_26_006949,wraps,471.79
itm_26_006950,fits,342.88
itm_26_006951,wraps,347.21
itm_26_006952,overflows,60.66
itm_26_006953,fits,128.39
itm_26_006954,wraps,165.37
itm_26_006955,wraps,596.07
itm_26_006956,fits,181.81
itm_26_006957,wraps,265.1
itm_26_006958,fits,146.16
itm_26_006959,wraps,69.64
itm_26_006960,fits,68.62
itm_26_006961,overflows,84.55
itm_26_006962,wraps,212.07
itm_26_006963,wraps,75.4
itm_26_006964,fits,71.4
itm_26_006965,overflows,88.22
itm_26_006966,overflows,119.09
itm_26_006967,overflows,414.08
itm_26_006968,fits,75.22
itm_26_006969,fits,122.93
itm_26_006970,wraps,267.04
itm_26_006971,fits,93.98
itm_26_006972,wraps,556.66
itm_26_006973,fits,34.83
itm_26_006974,overflows,54.14
itm_26_006975,overflows,249.18
itm_26_006976,overflows,191.92
itm_26_006977,fits,294.37
itm_26_006978,fits,404.39
itm_26_006979,wraps,167.37
itm_26_006980,fits,111.16
itm_26_006981,fits,210.83
itm_26_006982,overflows,112.22
itm_26_006983,overflows,141.53
itm_26_006984,overflows,58.87
itm_26_006985,fits,59.42
itm_26_006986,overflows,164.39
itm_26_006987,overflows,89.77
itm_26_006988,fits,238.37
itm_26_006989,wraps,277.84
itm_26_006990,fits,132.69
itm_26_006991,fits,141.65
itm_26_006992,overflows,166.5
itm_26_006993,fits,100.59
itm_26_006994,fits,162.52
itm_26_006995,overflows,144.76
itm_26_006996,fits,98.93
itm_26_006997,fits,77.2
itm_26_006998,overflows,207.08
itm_26_006999,overflows,122.31
itm_26_007000,fits,46.09
itm_26_007001,overflows,81.96
itm_26_007002,overflows,50.94
itm_26_007003,overflows,42.49
itm_26_007004,overflows,243.05
itm_26_007005,fits,46.09
itm_26_007006,fits,54.83
itm_26_007007,wraps,600.74
itm_26_007008,overflows,84.14
itm_26_007009,fits,45.93
itm_26_007010,overflows,469.13
itm_26_007011,overflows,172.47
itm_26_007012,overflows,152.83
itm_26_007013,fits,48.81
itm_26_007014,fits,89.51
itm_26_007015,overflows,29.77
itm_26_007016,fits,53.81
itm_26_007017,fits,121.72
itm_26_007018,fits,72.65
itm_26_007019,fits,74.32
itm_27_007020,fits,61.39
itm_27_007021,fits,49.36
itm_27_007022,wraps,517.69
itm_27_007023,fits,146.42
itm_27_007024,fits,197.85
itm_27_007025,fits,56.66
itm_27_007026,fits,70.64
itm_27_007027,fits,215.62
itm_27_007028,fits,92.56
itm_27_007029,overflows,208.33
itm_27_007030,wraps,123.89
itm_27_007031,fits,43.43
itm_27_007032,wraps,118.53
itm_27_007033,wraps,71.98
itm_27_007034,fits,47.52
itm_27_007035,fits,234.38
itm_27_007036,fits,152.44
itm_27_007037,fits,93.2
itm_27_007038,wraps,80.88
itm_27_007039,overflows,377.99
itm_27_007040,fits,171.43
itm_27_007041,wraps,254.35
itm_27_007042,overflows,115.99
itm_27_007043,overflows,101.75
itm_27_007044,wraps,170.02
itm_27_007045,overflows,84.73
itm_27_007046,overflows,220.77
itm_27_007047,overflows,78.54
itm_27_007048,wraps,83.7
itm_27_007049,overflows,197.91
itm_27_007050,fits,95.39
itm_27_007051,fits,199.61
itm_27_007052,fits,45.45
itm_27_007053,fits,171.43
itm_27_007054,wraps,189.57
itm_27_007055,fits,154.95
itm_27_007056,fits,102.53
itm_27_007057,fits,186.88
itm_27_007058,fits,180.46
itm_27_007059,fits,128.09
itm_27_007060,fits,76.98
itm_27_007061,fits,172.11
itm_27_007062,fits,295.57
itm_27_007063,fits,37.33
itm_27_007064,overflows,108.64
itm_27_007065,fits,47.52
itm_27_007066,fits,119.22
itm_27_007067,wraps,387.1
itm_27_007068,overflows,364.73
itm_27_007069,wraps,111.83
itm_27_007070,fits,195.48
itm_27_007071,overflows,70.64
itm_27_007072,wraps,190.43
itm_27_007073,overflows,159.43
itm_27_007074,wraps,81.48
itm_27_007075,wraps,70.42
itm_27_007076,wraps,60.53
itm_27_007077,fits,117.07
itm_27_007078,fits,51.72
itm_27_007079,fits,56.98
itm_27_007080,overflows,61.97
itm_27_007081,overflows,54.74
itm_27_007082,fits,69.4
itm_27_007083,wraps,47.5
itm_27_007084,fits,59.48
itm_27_007085,fits,43.93
itm_27_007086,fits,100.34
itm_27_007087,fits,194.22
itm_27_007088,fits,131.97
itm_27_007089,fits,59.42
itm_27_007090,fits,102.42
itm_27_007091,fits,109.41
itm_27_007092,fits,102.42
itm_27_007093,overflows,186.39
itm_27_007094,fits,77.34
itm_27_007095,wraps,271.77
itm_27_007096,fits,85.3
itm_27_007097,fits,88.74
itm_27_007098,wraps,72.38
itm_27_007099,fits,111.89
itm_27_007100,fits,192.33
itm_27_007101,wraps,453.08
itm_27_007102,wraps,119.36
itm_27_007103,fits,169.73
itm_27_007104,fits,57.72
itm_27_007105,overflows,69.66
itm_27_007106,fits,112.33
itm_27_007107,fits,70.96
itm_27_007108,fits,138.44
itm_27_007109,fits,75.77
itm_27_007110,overflows,89.82
itm_27_007111,fits,47.8
itm_27_007112,wraps,82.98
itm_27_007113,wraps,67.29
itm_27_007114,overflows,65.43
itm_27_007115,wraps,150.34
itm_27_007116,wraps,75.55
itm_27_007117,overflows,125.53
itm_27_007118,wraps,229.09
itm_27_007119,wraps,198.17
itm_27_007120,overflows,173.11
itm_27_007121,wraps,282.55
itm_27_007122,wraps,330.0
itm_27_007123,overflows,261.61
itm_27_007124,wraps,166.58
itm_27_007125,fits,57.82
itm_27_007126,wraps,225.67
itm_27_007127,overflows,292.57
itm_27_007128,fits,60.21
itm_27_007129,fits,71.04
itm_27_007130,overflows,121.22
itm_27_007131,overflows,71.04
itm_27_007132,fits,141.45
itm_27_007133,wraps,240.93
itm_27_007134,wraps,81.94
itm_27_007135,overflows,108.74
itm_27_007136,fits,95.87
itm_27_007137,overflows,385.38
itm_27_007138,fits,40.29
itm_27_007139,wraps,120.11
itm_27_007140,overflows,102.42
itm_27_007141,wraps,484.0
itm_27_007142,fits,55.03
itm_27_007143,wraps,212.41
itm_27_007144,fits,187.0
itm_27_007145,wraps,81.14
itm_27_007146,fits,128.22
itm_27_007147,wraps,64.62
itm_27_007148,fits,128.7
itm_27_007149,overflows,117.07
itm_27_007150,wraps,149.01
itm_27_007151,wraps,51.86
itm_27_007152,overflows,376.93
itm_27_007153,fits,102.42
itm_27_007154,fits,49.59
itm_27_007155,fits,132.33
itm_27_007156,overflows,357.85
itm_27_007157,wraps,212.98
itm_27_007158,wraps,25.73
itm_27_007159,wraps,522.92
itm_27_007160,wraps,172.56
itm_27_007161,wraps,116.62
itm_27_007162,fits,88.55
itm_27_007163,fits,139.67
itm_27_007164,wraps,179.63
itm_27_007165,wraps,155.29
itm_27_007166,overflows,81.15
itm_27_007167,fits,111.56
itm_27_007168,wraps,131.61
itm_27_007169,overflows,38.39
itm_27_007170,wraps,124.91
itm_27_007171,wraps,166.89
itm_27_007172,wraps,40.65
itm_27_007173,wraps,570.18
itm_27_007174,fits,83.41
itm_27_007175,wraps,39.97
itm_27_007176,fits,87.26
itm_27_007177,fits,57.69
itm_27_007178,fits,34.39
itm_27_007179,fits,54.03
itm_27_007180,fits,35.82
itm_27_007181,fits,24.92
itm_27_007182,overflows,178.74
itm_27_007183,overflows,128.68
itm_27_007184,wraps,429.38
itm_27_007185,fits,51.79
itm_27_007186,fits,187.54
itm_27_007187,overflows,171.07
itm_27_007188,wraps,157.23
itm_27_007189,wraps,144.33
itm_27_007190,overflows,66.22
itm_27_007191,fits,93.74
itm_27_007192,overflows,103.33
itm_27_007193,fits,189.83
itm_27_007194,fits,162.62
itm_27_007195,overflows,132.26
itm_27_007196,overflows,139.01
itm_27_007197,fits,126.96
itm_27_007198,overflows,154.75
itm_27_007199,overflows,208.76
itm_27_007200,overflows,44.19
itm_27_007201,fits,114.96
itm_27_007202,fits,208.45
itm_27_007203,overflows,185.58
itm_27_007204,wraps,248.87
itm_27_007205,fits,191.16
itm_27_007206,fits,55.77
itm_27_007207,overflows,45.51
itm_27_007208,overflows,42.97
itm_27_007209,fits,106.95
itm_27_007210,fits,70.16
itm_27_007211,fits,77.92
itm_27_007212,fits,76.87
itm_27_007213,fits,174.19
itm_27_007214,fits,152.94
itm_27_007215,overflows,160.3
itm_27_007216,fits,77.34
itm_27_007217,fits,122.04
itm_27_007218,fits,232.3
itm_27_007219,overflows,136.27
itm_27_007220,fits,40.25
itm_27_007221,wraps,117.74
itm_27_007222,wraps,576.05
itm_27_007223,wraps,200.33
itm_27_007224,overflows,451.51
itm_27_007225,wraps,346.4
itm_27_007226,wraps,545.36
itm_27_007227,overflows,616.72
itm_27_007228,overflows,69.89
itm_27_007229,overflows,69.66
itm_27_007230,wraps,174.39
itm_27_007231,wraps,299.17
itm_27_007232,wraps,585.73
itm_27_007233,wraps,476.99
itm_27_007234,overflows,406.55
itm_27_007235,overflows,553.76
itm_27_007236,wraps,339.76
itm_27_007237,fits,177.71
itm_27_007238,fits,60.64
itm_27_007239,fits,59.9
itm_27_007240,fits,61.42
itm_27_007241,fits,40.9
itm_27_007242,overflows,380.01
itm_27_007243,wraps,454.02
itm_27_007244,wraps,272.01
itm_27_007245,fits,82.54
itm_27_007246,wraps,229.54
itm_27_007247,fits,137.83
itm_27_007248,wraps,124.78
itm_27_007249,fits,102.42
itm_27_007250,fits,71.04
itm_27_007251,wraps,503.24
itm_27_007252,wraps,25.73
itm_27_007253,fits,79.66
itm_27_007254,wraps,124.65
itm_27_007255,fits,376.22
itm_27_007256,fits,130.86
itm_27_007257,overflows,79.66
itm_27_007258,fits,24.1
itm_27_007259,wraps,112.26
itm_27_007260,fits,117.08
itm_27_007261,fits,73.82
itm_27_007262,overflows,136.14
itm_27_007263,fits,70.98
itm_27_007264,fits,182.04
itm_27_007265,fits,96.05
itm_27_007266,fits,151.61
itm_27_007267,fits,49.4
itm_27_007268,fits,66.63
itm_27_007269,overflows,499.98
itm_27_007270,overflows,275.64
itm_27_007271,fits,60.49
itm_27_007272,fits,131.02
itm_27_007273,fits,217.22
itm_27_007274,fits,68.43
itm_27_007275,fits,145.0
itm_27_007276,fits,30.47
itm_27_007277,fits,65.52
itm_27_007278,overflows,88.28
itm_27_007279,wraps,156.43
itm_28_007280,overflows,240.49
itm_28_007281,overflows,91.58
itm_28_007282,overflows,493.54
itm_28_007283,overflows,248.47
itm_28_007284,overflows,80.28
itm_28_007285,overflows,159.61
itm_28_007286,overflows,121.42
itm_28_007287,fits,120.34
itm_28_007288,overflows,121.07
itm_28_007289,fits,132.47
itm_28_007290,overflows,96.63
itm_28_007291,overflows,119.22
itm_28_007292,overflows,827.92
itm_28_007293,fits,315.7
itm_28_007294,overflows,123.45
itm_28_007295,overflows,608.1
itm_28_007296,overflows,235.81
itm_28_007297,fits,285.23
itm_28_007298,overflows,63.13
itm_28_007299,wraps,51.77
itm_28_007300,overflows,218.21
itm_28_007301,overflows,674.08
itm_28_007302,overflows,124.26
itm_28_007303,overflows,150.59
itm_28_007304,overflows,260.28
itm_28_007305,overflows,250.93
itm_28_007306,overflows,549.04
itm_28_007307,overflows,185.83
itm_28_007308,overflows,306.26
itm_28_007309,overflows,213.5
itm_28_007310,fits,159.61
itm_28_007311,overflows,211.87
itm_28_007312,overflows,222.94
itm_28_007313,overflows,377.7
itm_28_007314,overflows,158.25
itm_28_007315,overflows,275.23
itm_28_007316,overflows,116.13
itm_28_007317,overflows,135.87
itm_28_007318,overflows,322.7
itm_28_007319,fits,278.2
itm_28_007320,wraps,596.92
itm_28_007321,overflows,276.79
itm_28_007322,overflows,709.06
itm_28_007323,overflows,205.53
itm_28_007324,wraps,124.52
itm_28_007325,overflows,129.24
itm_28_007326,fits,323.06
itm_28_007327,overflows,203.72
itm_28_007328,fits,115.64
itm_28_007329,overflows,116.39
itm_28_007330,fits,165.18
itm_28_007331,overflows,126.27
itm_28_007332,fits,119.65
itm_28_007333,overflows,221.05
itm_28_007334,overflows,90.36
itm_28_007335,overflows,92.04
itm_28_007336,overflows,196.78
itm_28_007337,fits,103.98
itm_28_007338,overflows,144.99
itm_28_007339,fits,148.78
itm_28_007340,fits,267.42
itm_28_007341,overflows,228.06
itm_28_007342,overflows,202.91
itm_28_007343,fits,159.61
itm_28_007344,overflows,131.26
itm_28_007345,fits,159.61
itm_28_007346,fits,324.47
itm_28_007347,overflows,108.74
itm_28_007348,overflows,263.76
itm_28_007349,fits,193.13
itm_28_007350,overflows,113.14
itm_28_007351,overflows,323.14
itm_28_007352,overflows,92.04
itm_28_007353,fits,51.93
itm_28_007354,overflows,61.92
itm_28_007355,overflows,92.04
itm_28_007356,overflows,93.46
itm_28_007357,overflows,152.23
itm_28_007358,overflows,246.04
itm_28_007359,overflows,80.28
itm_28_007360,overflows,93.4
itm_28_007361,overflows,295.89
itm_28_007362,overflows,83.17
itm_28_007363,overflows,118.55
itm_28_007364,fits,84.5
itm_28_007365,overflows,105.66
itm_28_007366,wraps,380.45
itm_28_007367,overflows,368.22
itm_28_007368,wraps,314.72
itm_28_007369,wraps,421.39
itm_28_007370,overflows,311.34
itm_28_007371,wraps,312.83
itm_28_007372,overflows,664.82
itm_28_007373,overflows,299.34
itm_28_007374,wraps,162.29
itm_28_007375,overflows,201.28
itm_28_007376,fits,103.98
itm_28_007377,overflows,149.84
itm_28_007378,fits,319.06
itm_28_007379,overflows,103.98
itm_28_007380,overflows,345.71
itm_28_007381,overflows,130.5
itm_28_007382,fits,314.6
itm_28_007383,fits,148.07
itm_28_007384,wraps,217.26
itm_28_007385,fits,117.4
itm_28_007386,overflows,294.65
itm_28_007387,wraps,192.52
itm_28_007388,overflows,256.16
itm_28_007389,overflows,453.04
itm_28_007390,overflows,305.84
itm_28_007391,overflows,255.25
itm_28_007392,overflows,143.86
itm_28_007393,overflows,124.52
itm_28_007394,overflows,237.84
itm_28_007395,overflows,305.13
itm_28_007396,overflows,313.47
itm_28_007397,overflows,306.03
itm_28_007398,fits,104.58
itm_28_007399,fits,122.22
itm_28_007400,overflows,206.63
itm_28_007401,wraps,363.73
itm_28_007402,overflows,355.94
itm_28_007403,overflows,230.03
itm_28_007404,overflows,278.81
itm_28_007405,overflows,310.49
itm_28_007406,overflows,104.72
itm_28_007407,overflows,390.31
itm_28_007408,overflows,111.0
itm_28_007409,overflows,113.71
itm_28_007410,overflows,159.61
itm_28_007411,overflows,225.47
itm_28_007412,overflows,259.52
itm_28_007413,wraps,269.92
itm_28_007414,overflows,216.41
itm_28_007415,wraps,545.95
itm_28_007416,fits,101.35
itm_28_007417,fits,106.07
itm_28_007418,fits,106.07
itm_28_007419,overflows,131.12
itm_28_007420,overflows,353.06
itm_28_007421,wraps,132.01
itm_28_007422,fits,83.15
itm_28_007423,overflows,242.85
itm_28_007424,overflows,80.94
itm_28_007425,fits,231.77
itm_28_007426,overflows,196.72
itm_28_007427,fits,254.01
itm_28_007428,overflows,157.36
itm_28_007429,overflows,81.47
itm_28_007430,overflows,88.99
itm_28_007431,overflows,161.28
itm_28_007432,wraps,203.2
itm_28_007433,fits,101.35
itm_28_007434,overflows,199.93
itm_28_007435,overflows,176.14
itm_28_007436,overflows,253.8
itm_28_007437,fits,241.46
itm_28_007438,overflows,90.13
itm_28_007439,overflows,266.61
itm_28_007440,overflows,141.31
itm_28_007441,fits,223.98
itm_28_007442,overflows,231.26
itm_28_007443,overflows,191.15
itm_28_007444,overflows,107.3
itm_28_007445,overflows,87.05
itm_28_007446,overflows,186.53
itm_28_007447,overflows,155.13
itm_28_007448,overflows,111.12
itm_28_007449,overflows,78.45
itm_28_007450,overflows,249.32
itm_28_007451,overflows,412.63
itm_28_007452,fits,122.62
itm_28_007453,fits,110.86
itm_28_007454,overflows,74.74
itm_28_007455,overflows,199.21
itm_28_007456,overflows,159.74
itm_28_007457,overflows,105.7
itm_28_007458,fits,233.56
itm_28_007459,overflows,251.48
itm_28_007460,overflows,204.48
itm_28_007461,overflows,128.56
itm_28_007462,overflows,277.29
itm_28_007463,overflows,235.43
itm_28_007464,overflows,180.97
itm_28_007465,overflows,406.65
itm_28_007466,overflows,94.58
itm_28_007467,overflows,536.2
itm_28_007468,overflows,243.24
itm_28_007469,overflows,408.66
itm_28_007470,overflows,439.81
itm_28_007471,overflows,879.86
itm_28_007472,wraps,517.78
itm_28_007473,wraps,498.82
itm_28_007474,overflows,77.41
itm_28_007475,overflows,274.24
itm_28_007476,overflows,575.4
itm_28_007477,wraps,853.34
itm_28_007478,wraps,408.2
itm_28_007479,overflows,299.81
itm_28_007480,overflows,284.87
itm_28_007481,overflows,329.14
itm_28_007482,overflows,141.45
itm_28_007483,overflows,269.61
itm_28_007484,overflows,157.88
itm_28_007485,overflows,435.21
itm_28_007486,overflows,171.97
itm_28_007487,overflows,350.64
itm_28_007488,wraps,294.6
itm_28_007489,wraps,373.54
itm_28_007490,overflows,63.68
itm_28_007491,overflows,224.99
itm_28_007492,overflows,621.92
itm_28_007493,overflows,119.6
itm_28_007494,overflows,222.98
itm_28_007495,overflows,352.16
itm_28_007496,overflows,335.55
itm_28_007497,overflows,118.62
itm_28_007498,wraps,195.58
itm_28_007499,fits,102.94
itm_28_007500,overflows,126.5
itm_28_007501,overflows,209.88
itm_28_007502,overflows,232.55
itm_28_007503,overflows,240.74
itm_28_007504,fits,114.54
itm_28_007505,overflows,82.77
itm_28_007506,wraps,95.54
itm_28_007507,fits,298.82
itm_28_007508,fits,101.35
itm_28_007509,fits,230.55
itm_28_007510,fits,186.05
itm_28_007511,fits,308.49
itm_28_007512,overflows,277.37
itm_28_007513,fits,284.8
itm_28_007514,overflows,272.0
itm_28_007515,overflows,123.39
itm_28_007516,overflows,210.65
itm_28_007517,overflows,80.38
itm_28_007518,fits,211.68
itm_28_007519,overflows,230.93
itm_28_007520,overflows,300.32
itm_28_007521,fits,114.56
itm_28_007522,overflows,190.98
itm_28_007523,overflows,206.36
itm_28_007524,fits,44.84
itm_28_007525,overflows,221.76
itm_28_007526,fits,342.08
itm_28_007527,overflows,636.59
itm_28_007528,overflows,337.7
itm_28_007529,overflows,317.77
itm_28_007530,overflows,95.88
itm_28_007531,overflows,225.42
itm_28_007532,overflows,76.99
itm_28_007533,overflows,162.19
itm_28_007534,overflows,76.25
itm_28_007535,overflows,48.25
itm_28_007536,fits,109.69
itm_28_007537,fits,124.83
itm_28_007538,overflows,251.26
itm_28_007539,fits,243.35
itm_29_007540,fits,85.89
itm_29_007541,wraps,510.77
itm_29_007542,overflows,85.81
itm_29_007543,overflows,55.56
itm_29_007544,wraps,424.71
itm_29_007545,fits,96.01
itm_29_007546,fits,71.65
itm_29_007547,fits,73.68
itm_29_007548,wraps,74.06
itm_29_007549,overflows,212.92
itm_29_007550,overflows,144.25
itm_29_007551,overflows,274.21
itm_29_007552,overflows,130.27
itm_29_007553,wraps,115.55
itm_29_007554,overflows,84.33
itm_29_007555,wraps,605.02
itm_29_007556,overflows,64.61
itm_29_007557,wraps,133.44
itm_29_007558,wraps,251.59
itm_29_007559,overflows,141.42
itm_29_007560,fits,37.74
itm_29_007561,overflows,466.16
itm_29_007562,wraps,215.18
itm_29_007563,overflows,265.72
itm_29_007564,overflows,154.98
itm_29_007565,overflows,642.29
itm_29_007566,overflows,239.3
itm_29_007567,overflows,357.07
itm_29_007568,overflows,359.36
itm_29_007569,fits,156.5
itm_29_007570,overflows,132.15
itm_29_007571,overflows,68.71
itm_29_007572,wraps,205.86
itm_29_007573,overflows,97.62
itm_29_007574,wraps,190.21
itm_29_007575,wraps,135.45
itm_29_007576,wraps,172.01
itm_29_007577,overflows,123.74
itm_29_007578,overflows,110.37
itm_29_007579,overflows,223.87
itm_29_007580,wraps,83.23
itm_29_007581,overflows,142.12
itm_29_007582,overflows,701.01
itm_29_007583,wraps,193.15
itm_29_007584,overflows,122.44
itm_29_007585,fits,114.52
itm_29_007586,overflows,55.04
itm_29_007587,fits,76.88
itm_29_007588,fits,59.05
itm_29_007589,overflows,72.14
itm_29_007590,fits,70.21
itm_29_007591,wraps,81.68
itm_29_007592,overflows,422.98
itm_29_007593,overflows,148.75
itm_29_007594,overflows,64.61
itm_29_007595,overflows,122.44
itm_29_007596,fits,82.67
itm_29_007597,fits,96.01
itm_29_007598,overflows,232.46
itm_29_007599,overflows,480.79
itm_29_007600,fits,199.47
itm_29_007601,overflows,121.28
itm_29_007602,fits,68.71
itm_29_007603,overflows,162.55
itm_29_007604,overflows,190.8
itm_29_007605,fits,69.51
itm_29_007606,fits,82.23
itm_29_007607,wraps,124.38
itm_29_007608,wraps,369.27
itm_29_007609,wraps,343.91
itm_29_007610,overflows,206.42
itm_29_007611,wraps,260.66
itm_29_007612,fits,46.67
itm_29_007613,overflows,254.42
itm_29_007614,fits,240.2
itm_29_007615,overflows,69.78
itm_29_007616,fits,102.11
itm_29_007617,overflows,96.01
itm_29_007618,overflows,126.9
itm_29_007619,overflows,57.21
itm_29_007620,wraps,95.88
itm_29_007621,fits,206.81
itm_29_007622,wraps,82.52
itm_29_007623,overflows,128.19
itm_29_007624,overflows,102.84
itm_29_007625,wraps,104.12
itm_29_007626,fits,49.09
itm_29_007627,wraps,550.03
itm_29_007628,overflows,371.84
itm_29_007629,overflows,427.22
itm_29_007630,overflows,254.6
itm_29_007631,fits,73.09
itm_29_007632,overflows,214.33
itm_29_007633,wraps,106.97
itm_29_007634,fits,243.7
itm_29_007635,fits,137.1
itm_29_007636,wraps,137.92
itm_29_007637,fits,274.04
itm_29_007638,overflows,436.01
itm_29_007639,overflows,463.99
itm_29_007640,fits,228.67
itm_29_007641,overflows,174.06
itm_29_007642,overflows,96.01
itm_29_007643,fits,118.07
itm_29_007644,overflows,276.56
itm_29_007645,fits,74.6
itm_29_007646,fits,96.86
itm_29_007647,overflows,252.15
itm_29_007648,overflows,90.3
itm_29_007649,overflows,173.7
itm_29_007650,fits,96.01
itm_29_007651,wraps,168.38
itm_29_007652,fits,65.09
itm_29_007653,overflows,62.08
itm_29_007654,fits,208.18
itm_29_007655,overflows,208.18
itm_29_007656,fits,96.01
itm_29_007657,overflows,117.33
itm_29_007658,overflows,683.2
itm_29_007659,overflows,137.98
itm_29_007660,overflows,333.67
itm_29_007661,overflows,55.19
itm_29_007662,overflows,188.81
itm_29_007663,fits,88.07
itm_29_007664,wraps,74.29
itm_29_007665,overflows,263.07
itm_29_007666,wraps,162.7
itm_29_007667,overflows,73.05
itm_29_007668,wraps,513.69
itm_29_007669,overflows,157.27
itm_29_007670,overflows,363.08
itm_29_007671,overflows,66.84
itm_29_007672,wraps,78.04
itm_29_007673,overflows,102.84
itm_29_007674,wraps,60.87
itm_29_007675,overflows,274.75
itm_29_007676,wraps,224.59
itm_29_007677,wraps,249.06
itm_29_007678,overflows,215.9
itm_29_007679,wraps,430.62
itm_29_007680,overflows,361.49
itm_29_007681,overflows,175.79
itm_29_007682,overflows,201.09
itm_29_007683,overflows,105.45
itm_29_007684,overflows,104.07
itm_29_007685,overflows,121.74
itm_29_007686,overflows,72.64
itm_29_007687,overflows,263.96
itm_29_007688,fits,69.76
itm_29_007689,fits,222.35
itm_29_007690,fits,71.1
itm_29_007691,overflows,69.78
itm_29_007692,wraps,166.97
itm_29_007693,overflows,158.93
itm_29_007694,fits,158.5
itm_29_007695,fits,212.45
itm_29_007696,fits,102.32
itm_29_007697,overflows,169.17
itm_29_007698,overflows,143.98
itm_29_007699,overflows,188.6
itm_29_007700,fits,161.07
itm_29_007701,fits,230.36
itm_29_007702,overflows,185.35
itm_29_007703,fits,236.05
itm_29_007704,fits,176.55
itm_29_007705,fits,62.41
itm_29_007706,fits,177.51
itm_29_007707,fits,71.9
itm_29_007708,overflows,157.82
itm_29_007709,fits,55.86
itm_29_007710,overflows,76.59
itm_29_007711,overflows,90.87
itm_29_007712,overflows,305.58
itm_29_007713,wraps,221.97
itm_29_007714,fits,188.59
itm_29_007715,fits,170.24
itm_29_007716,overflows,157.88
itm_29_007717,overflows,69.25
itm_29_007718,fits,38.28
itm_29_007719,fits,74.48
itm_29_007720,overflows,57.95
itm_29_007721,fits,183.45
itm_29_007722,fits,173.86
itm_29_007723,overflows,89.75
itm_29_007724,wraps,502.02
itm_29_007725,overflows,205.45
itm_29_007726,fits,175.78
itm_29_007727,overflows,56.73
itm_29_007728,fits,310.96
itm_29_007729,overflows,151.31
itm_29_007730,fits,172.13
itm_29_007731,fits,131.34
itm_29_007732,wraps,241.88
itm_29_007733,wraps,579.76
itm_29_007734,wraps,426.45
itm_29_007735,overflows,193.27
itm_29_007736,wraps,635.34
itm_29_007737,overflows,552.72
itm_29_007738,overflows,360.45
itm_29_007739,wraps,209.2
itm_29_007740,wraps,223.31
itm_29_007741,overflows,68.71
itm_29_007742,overflows,517.69
itm_29_007743,overflows,208.66
itm_29_007744,overflows,551.19
itm_29_007745,overflows,110.37
itm_29_007746,fits,86.84
itm_29_007747,overflows,82.27
itm_29_007748,overflows,414.33
itm_29_007749,wraps,534.94
itm_29_007750,overflows,328.88
itm_29_007751,fits,86.87
itm_29_007752,fits,84.09
itm_29_007753,overflows,196.87
itm_29_007754,overflows,203.74
itm_29_007755,wraps,215.13
itm_29_007756,fits,300.0
itm_29_007757,wraps,532.42
itm_29_007758,fits,65.58
itm_29_007759,overflows,87.81
itm_29_007760,wraps,150.49
itm_29_007761,wraps,219.11
itm_29_007762,overflows,282.64
itm_29_007763,overflows,170.51
itm_29_007764,overflows,419.83
itm_29_007765,overflows,120.37
itm_29_007766,overflows,85.89
itm_29_007767,wraps,90.43
itm_29_007768,overflows,136.27
itm_29_007769,fits,89.94
itm_29_007770,overflows,126.83
itm_29_007771,overflows,83.23
itm_29_007772,overflows,157.45
itm_29_007773,fits,39.06
itm_29_007774,fits,192.81
itm_29_007775,overflows,236.25
itm_29_007776,fits,108.19
itm_29_007777,overflows,218.12
itm_29_007778,overflows,194.86
itm_29_007779,fits,43.85
itm_29_007780,overflows,159.62
itm_29_007781,overflows,192.64
itm_29_007782,overflows,142.74
itm_29_007783,fits,184.76
itm_29_007784,fits,77.45
itm_29_007785,fits,43.85
itm_29_007786,overflows,113.37
itm_29_007787,wraps,225.65
itm_29_007788,fits,36.77
itm_29_007789,fits,51.62
itm_29_007790,fits,206.25
itm_29_007791,overflows,171.47
itm_29_007792,wraps,183.99
itm_29_007793,overflows,143.65
itm_29_007794,wraps,224.9
itm_29_007795,overflows,151.12
itm_29_007796,overflows,60.52
itm_29_007797,fits,22.17
itm_29_007798,overflows,83.6
itm_29_007799,overflows,180.01
itm_30_007800,wraps,378.34
itm_30_007801,fits,162.25
itm_30_007802,wraps,287.74
itm_30_007803,fits,70.84
itm_30_007804,fits,89.7
itm_30_007805,fits,94.27
itm_30_007806,fits,57.71
itm_30_007807,fits,98.16
itm_30_007808,fits,44.55
itm_30_007809,fits,43.72
itm_30_007810,fits,140.51
itm_30_007811,wraps,47.52
itm_30_007812,wraps,52.96
itm_30_007813,wraps,260.61
itm_30_007814,fits,97.85
itm_30_007815,fits,31.02
itm_30_007816,wraps,122.48
itm_30_007817,wraps,172.74
itm_30_007818,fits,149.63
itm_30_007819,wraps,255.49
itm_30_007820,fits,82.75
itm_30_007821,wraps,318.31
itm_30_007822,fits,135.61
itm_30_007823,wraps,115.39
itm_30_007824,fits,100.14
itm_30_007825,fits,130.32
itm_30_007826,wraps,92.14
itm_30_007827,wraps,252.24
itm_30_007828,fits,119.86
itm_30_007829,fits,156.67
itm_30_007830,fits,135.05
itm_30_007831,wraps,107.33
itm_30_007832,fits,89.64
itm_30_007833,fits,98.52
itm_30_007834,wraps,124.96
itm_30_007835,wraps,43.77
itm_30_007836,fits,56.06
itm_30_007837,fits,153.82
itm_30_007838,wraps,104.8
itm_30_007839,wraps,102.4
itm_30_007840,fits,117.71
itm_30_007841,wraps,118.42
itm_30_007842,wraps,403.36
itm_30_007843,fits,84.7
itm_30_007844,wraps,101.91
itm_30_007845,wraps,55.1
itm_30_007846,wraps,49.05
itm_30_007847,wraps,52.09
itm_30_007848,fits,56.69
itm_30_007849,fits,44.72
itm_30_007850,fits,37.53
itm_30_007851,fits,63.31
itm_30_007852,fits,52.58
itm_30_007853,fits,44.86
itm_30_007854,fits,52.44
itm_30_007855,fits,72.22
itm_30_007856,fits,44.12
itm_30_007857,fits,125.32
itm_30_007858,fits,111.47
itm_30_007859,fits,36.31
itm_30_007860,wraps,155.44
itm_30_007861,fits,80.02
itm_30_007862,fits,64.92
itm_30_007863,fits,70.99
itm_30_007864,wraps,105.72
itm_30_007865,wraps,184.22
itm_30_007866,wraps,99.69
itm_30_007867,fits,52.22
itm_30_007868,fits,156.15
itm_30_007869,fits,198.98
itm_30_007870,fits,53.51
itm_30_007871,fits,310.14
itm_30_007872,fits,63.22
itm_30_007873,fits,96.34
itm_30_007874,fits,70.7
itm_30_007875,fits,58.75
itm_30_007876,fits,41.26
itm_30_007877,wraps,158.58
itm_30_007878,wraps,50.1
itm_30_007879,fits,84.7
itm_30_007880,fits,42.66
itm_30_007881,fits,55.43
itm_30_007882,wraps,58.61
itm_30_007883,wraps,65.2
itm_30_007884,wraps,64.27
itm_30_007885,wraps,351.81
itm_30_007886,wraps,118.4
itm_30_007887,wraps,311.05
itm_30_007888,wraps,274.33
itm_30_007889,wraps,176.08
itm_30_007890,wraps,352.62
itm_30_007891,fits,53.14
itm_30_007892,wraps,50.78
itm_30_007893,wraps,202.97
itm_30_007894,wraps,45.13
itm_30_007895,fits,58.0
itm_30_007896,fits,104.57
itm_30_007897,fits,133.86
itm_30_007898,fits,257.03
itm_30_007899,fits,78.5
itm_30_007900,fits,110.97
itm_30_007901,wraps,158.7
itm_30_007902,wraps,180.58
itm_30_007903,wraps,137.84
itm_30_007904,fits,84.7
itm_30_007905,fits,71.12
itm_30_007906,fits,56.35
itm_30_007907,wraps,115.33
itm_30_007908,wraps,62.25
itm_30_007909,fits,76.9
itm_30_007910,fits,66.08
itm_30_007911,wraps,74.1
itm_30_007912,wraps,49.87
itm_30_007913,fits,46.96
itm_30_007914,fits,47.91
itm_30_007915,fits,59.09
itm_30_007916,fits,68.42
itm_30_007917,fits,84.7
itm_30_007918,fits,49.95
itm_30_007919,fits,48.33
itm_30_007920,fits,114.38
itm_30_007921,wraps,63.11
itm_30_007922,fits,117.72
itm_30_007923,fits,72.73
itm_30_007924,fits,59.7
itm_30_007925,fits,72.63
itm_30_007926,wraps,140.57
itm_30_007927,wraps,314.61
itm_30_007928,fits,310.18
itm_30_007929,wraps,92.31
itm_30_007930,fits,47.91
itm_30_007931,fits,132.35
itm_30_007932,fits,115.05
itm_30_007933,fits,56.35
itm_30_007934,wraps,86.19
itm_30_007935,fits,141.25
itm_30_007936,fits,35.28
itm_30_007937,fits,98.01
itm_30_007938,wraps,71.47
itm_30_007939,fits,303.03
itm_30_007940,fits,88.54
itm_30_007941,wraps,590.42
itm_30_007942,wraps,230.31
itm_30_007943,fits,87.42
itm_30_007944,wraps,51.93
itm_30_007945,wraps,57.39
itm_30_007946,fits,119.33
itm_30_007947,fits,45.19
itm_30_007948,fits,42.58
itm_30_007949,fits,39.46
itm_30_007950,fits,47.91
itm_30_007951,fits,43.11
itm_30_007952,wraps,130.13
itm_30_007953,fits,47.14
itm_30_007954,fits,55.38
itm_30_007955,fits,100.56
itm_30_007956,fits,167.62
itm_30_007957,fits,88.78
itm_30_007958,fits,43.65
itm_30_007959,fits,81.98
itm_30_007960,fits,75.28
itm_30_007961,fits,81.98
itm_30_007962,fits,130.36
itm_30_007963,fits,94.27
itm_30_007964,wraps,109.15
itm_30_007965,fits,153.71
itm_30_007966,fits,62.61
itm_30_007967,fits,183.48
itm_30_007968,fits,126.83
itm_30_007969,fits,119.56
itm_30_007970,fits,116.73
itm_30_007971,fits,159.33
itm_30_007972,fits,115.56
itm_30_007973,overflows,60.2
itm_30_007974,overflows,43.65
itm_30_007975,overflows,38.98
itm_30_007976,fits,74.88
itm_30_007977,wraps,117.77
itm_30_007978,fits,125.73
itm_30_007979,fits,103.59
itm_30_007980,fits,111.95
itm_30_007981,fits,63.2
itm_30_007982,fits,55.35
itm_30_007983,fits,67.37
itm_30_007984,fits,108.21
itm_30_007985,fits,74.82
itm_30_007986,fits,52.45
itm_30_007987,fits,75.28
itm_30_007988,wraps,111.51
itm_30_007989,fits,100.78
itm_30_007990,fits,55.73
itm_30_007991,fits,97.34
itm_30_007992,fits,86.0
itm_30_007993,wraps,150.77
itm_30_007994,fits,113.79
itm_30_007995,wraps,171.73
itm_30_007996,fits,141.11
itm_30_007997,wraps,166.0
itm_30_007998,wraps,289.5
itm_30_007999,wraps,216.85
itm_30_008000,wraps,290.84
itm_30_008001,wraps,348.77
itm_30_008002,wraps,316.3
itm_30_008003,wraps,514.39
itm_30_008004,wraps,231.17
itm_30_008005,wraps,309.47
itm_30_008006,wraps,156.41
itm_30_008007,wraps,284.4
itm_30_008008,wraps,331.68
itm_30_008009,wraps,149.97
itm_30_008010,fits,496.19
itm_30_008011,fits,100.56
itm_30_008012,fits,58.61
itm_30_008013,wraps,90.41
itm_30_008014,fits,121.76
itm_30_008015,fits,141.85
itm_30_008016,wraps,82.99
itm_30_008017,wraps,58.24
itm_30_008018,fits,163.87
itm_30_008019,fits,91.99
itm_30_008020,fits,147.07
itm_30_008021,fits,68.67
itm_30_008022,wraps,219.9
itm_30_008023,fits,123.74
itm_30_008024,fits,144.07
itm_30_008025,fits,58.0
itm_30_008026,fits,50.57
itm_30_008027,fits,84.7
itm_30_008028,wraps,86.71
itm_30_008029,fits,52.96
itm_30_008030,wraps,395.54
itm_30_008031,fits,114.78
itm_30_008032,fits,76.41
itm_30_008033,fits,57.55
itm_30_008034,fits,52.89
itm_30_008035,fits,86.39
itm_30_008036,wraps,54.43
itm_30_008037,fits,40.58
itm_30_008038,fits,109.45
itm_30_008039,fits,86.67
itm_30_008040,fits,127.62
itm_30_008041,fits,80.87
itm_30_008042,fits,84.63
itm_30_008043,fits,40.58
itm_30_008044,fits,42.95
itm_30_008045,wraps,255.74
itm_30_008046,wraps,462.82
itm_30_008047,fits,46.15
itm_30_008048,fits,119.27
itm_30_008049,fits,73.32
itm_30_008050,wraps,164.87
itm_30_008051,fits,41.29
itm_30_008052,fits,56.13
itm_30_008053,fits,113.57
itm_30_008054,fits,24.17
itm_30_008055,fits,24.17
itm_30_008056,fits,76.91
itm_30_008057,fits,66.17
itm_30_008058,fits,42.75
itm_30_008059,fits,56.05
itm_31_008060,wraps,535.82
itm_31_008061,fits,57.48
itm_31_008062,fits,201.61
itm_31_008063,overflows,189.58
itm_31_008064,fits,56.09
itm_31_008065,overflows,152.46
itm_31_008066,fits,57.88
itm_31_008067,fits,76.59
itm_31_008068,fits,132.57
itm_31_008069,overflows,110.98
itm_31_008070,overflows,134.32
itm_31_008071,fits,72.82
itm_31_008072,overflows,69.07
itm_31_008073,overflows,138.97
itm_31_008074,fits,58.57
itm_31_008075,overflows,587.08
itm_31_008076,fits,75.7
itm_31_008077,overflows,154.09
itm_31_008078,overflows,118.24
itm_31_008079,fits,98.82
itm_31_008080,fits,106.23
itm_31_008081,fits,60.73
itm_31_008082,fits,61.15
itm_31_008083,overflows,79.89
itm_31_008084,overflows,78.02
itm_31_008085,fits,172.39
itm_31_008086,fits,149.71
itm_31_008087,fits,114.24
itm_31_008088,wraps,132.28
itm_31_008089,wraps,131.42
itm_31_008090,overflows,161.38
itm_31_008091,fits,65.08
itm_31_008092,overflows,67.02
itm_31_008093,wraps,318.66
itm_31_008094,wraps,143.84
itm_31_008095,wraps,672.18
itm_31_008096,wraps,133.73
itm_31_008097,overflows,103.81
itm_31_008098,wraps,75.7
itm_31_008099,fits,181.59
itm_31_008100,wraps,81.47
itm_31_008101,fits,54.17
itm_31_008102,fits,56.8
itm_31_008103,fits,60.84
itm_31_008104,fits,71.42
itm_31_008105,fits,61.63
itm_31_008106,fits,55.14
itm_31_008107,fits,101.98
itm_31_008108,overflows,156.6
itm_31_008109,wraps,169.54
itm_31_008110,overflows,177.44
itm_31_008111,overflows,88.78
itm_31_008112,fits,63.39
itm_31_008113,overflows,51.53
itm_31_008114,fits,57.9
itm_31_008115,overflows,280.05
itm_31_008116,fits,248.06
itm_31_008117,wraps,476.82
itm_31_008118,overflows,304.64
itm_31_008119,wraps,323.85
itm_31_008120,overflows,622.38
itm_31_008121,wraps,267.94
itm_31_008122,overflows,226.62
itm_31_008123,overflows,493.15
itm_31_008124,overflows,220.62
itm_31_008125,fits,67.59
itm_31_008126,wraps,208.34
itm_31_008127,fits,102.4
itm_31_008128,fits,67.59
itm_31_008129,fits,106.23
itm_31_008130,fits,202.08
itm_31_008131,fits,73.05
itm_31_008132,overflows,162.06
itm_31_008133,wraps,67.71
itm_31_008134,fits,60.82
itm_31_008135,fits,91.95
itm_31_008136,wraps,165.43
itm_31_008137,fits,61.41
itm_31_008138,wraps,388.24
itm_31_008139,fits,81.33
itm_31_008140,wraps,459.77
itm_31_008141,wraps,74.91
itm_31_008142,overflows,95.84
itm_31_008143,wraps,360.04
itm_31_008144,fits,56.09
itm_31_008145,overflows,326.87
itm_31_008146,overflows,115.96
itm_31_008147,wraps,83.79
itm_31_008148,fits,148.76
itm_31_008149,fits,146.76
itm_31_008150,overflows,212.93
itm_31_008151,fits,191.52
itm_31_008152,overflows,146.67
itm_31_008153,fits,99.13
itm_31_008154,wraps,179.59
itm_31_008155,wraps,136.44
itm_31_008156,fits,112.35
itm_31_008157,fits,210.29
itm_31_008158,fits,120.24
itm_31_008159,overflows,103.41
itm_31_008160,fits,176.19
itm_31_008161,fits,153.54
itm_31_008162,overflows,250.27
itm_31_008163,fits,175.31
itm_31_008164,fits,225.58
itm_31_008165,fits,55.9
itm_31_008166,overflows,57.48
itm_31_008167,fits,157.85
itm_31_008168,fits,117.85
itm_31_008169,fits,35.47
itm_31_008170,wraps,154.07
itm_31_008171,fits,93.49
itm_31_008172,overflows,140.7
itm_31_008173,fits,204.92
itm_31_008174,fits,110.85
itm_31_008175,overflows,171.83
itm_31_008176,fits,126.6
itm_31_008177,overflows,186.27
itm_31_008178,fits,95.49
itm_31_008179,fits,74.95
itm_31_008180,fits,71.15
itm_31_008181,fits,174.93
itm_31_008182,overflows,362.26
itm_31_008183,overflows,215.17
itm_31_008184,wraps,210.17
itm_31_008185,fits,140.02
itm_31_008186,fits,74.98
itm_31_008187,fits,68.29
itm_31_008188,fits,177.53
itm_31_008189,fits,160.9
itm_31_008190,fits,73.94
itm_31_008191,fits,156.16
itm_31_008192,fits,68.1
itm_31_008193,overflows,53.93
itm_31_008194,fits,103.84
itm_31_008195,fits,71.66
itm_31_008196,fits,86.85
itm_31_008197,overflows,194.8
itm_31_008198,fits,90.92
itm_31_008199,wraps,164.43
itm_31_008200,fits,159.37
itm_31_008201,overflows,143.07
itm_31_008202,fits,152.25
itm_31_008203,overflows,70.82
itm_31_008204,overflows,72.84
itm_31_008205,fits,132.94
itm_31_008206,overflows,70.71
itm_31_008207,overflows,56.91
itm_31_008208,fits,110.35
itm_31_008209,fits,90.13
itm_31_008210,overflows,157.41
itm_31_008211,fits,231.26
itm_31_008212,wraps,329.57
itm_31_008213,fits,232.61
itm_31_008214,overflows,142.59
itm_31_008215,overflows,53.07
itm_31_008216,fits,157.85
itm_31_008217,fits,156.81
itm_31_008218,overflows,143.48
itm_31_008219,wraps,627.12
itm_31_008220,wraps,225.21
itm_31_008221,overflows,412.9
itm_31_008222,wraps,160.14
itm_31_008223,wraps,397.22
itm_31_008224,overflows,542.35
itm_31_008225,fits,165.02
itm_31_008226,wraps,402.23
itm_31_008227,wraps,215.37
itm_31_008228,overflows,313.12
itm_31_008229,overflows,321.25
itm_31_008230,overflows,419.2
itm_31_008231,wraps,455.15
itm_31_008232,overflows,164.33
itm_31_008233,fits,120.98
itm_31_008234,wraps,171.17
itm_31_008235,overflows,415.83
itm_31_008236,wraps,408.17
itm_31_008237,wraps,274.56
itm_31_008238,overflows,408.49
itm_31_008239,wraps,354.07
itm_31_008240,wraps,177.51
itm_31_008241,fits,115.52
itm_31_008242,fits,168.92
itm_31_008243,wraps,248.43
itm_31_008244,fits,216.51
itm_31_008245,wraps,109.33
itm_31_008246,wraps,88.78
itm_31_008247,wraps,188.18
itm_31_008248,wraps,263.18
itm_31_008249,overflows,238.85
itm_31_008250,fits,58.6
itm_31_008251,overflows,87.01
itm_31_008252,fits,69.14
itm_31_008253,wraps,141.73
itm_31_008254,overflows,330.03
itm_31_008255,wraps,273.48
itm_31_008256,wraps,120.41
itm_31_008257,overflows,69.14
itm_31_008258,fits,128.64
itm_31_008259,overflows,93.43
itm_31_008260,overflows,316.18
itm_31_008261,fits,79.87
itm_31_008262,fits,137.61
itm_31_008263,fits,137.05
itm_31_008264,fits,67.59
itm_31_008265,overflows,84.45
itm_31_008266,fits,61.34
itm_31_008267,fits,74.95
itm_31_008268,overflows,71.15
itm_31_008269,fits,74.95
itm_31_008270,overflows,71.15
itm_31_008271,overflows,101.59
itm_31_008272,wraps,409.44
itm_31_008273,overflows,547.26
itm_31_008274,fits,74.95
itm_31_008275,overflows,62.06
itm_31_008276,fits,219.39
itm_31_008277,fits,166.82
itm_31_008278,wraps,133.55
itm_31_008279,fits,97.38
itm_31_008280,fits,71.92
itm_31_008281,overflows,57.38
itm_31_008282,fits,61.37
itm_31_008283,fits,140.02
itm_31_008284,fits,156.91
itm_31_008285,fits,122.96
itm_31_008286,fits,57.73
itm_31_008287,fits,95.63
itm_31_008288,fits,211.11
itm_31_008289,overflows,214.04
itm_31_008290,overflows,177.52
itm_31_008291,fits,164.3
itm_31_008292,overflows,146.97
itm_31_008293,overflows,238.49
itm_31_008294,overflows,162.0
itm_31_008295,fits,57.73
itm_31_008296,fits,68.09
itm_31_008297,overflows,90.05
itm_31_008298,overflows,156.12
itm_31_008299,fits,182.03
itm_31_008300,overflows,368.8
itm_31_008301,fits,224.5
itm_31_008302,wraps,584.13
itm_31_008303,fits,157.96
itm_31_008304,fits,56.7
itm_31_008305,fits,124.87
itm_31_008306,overflows,138.9
itm_31_008307,wraps,274.2
itm_31_008308,fits,235.58
itm_31_008309,fits,133.11
itm_31_008310,fits,154.1
itm_31_008311,fits,56.49
itm_31_008312,fits,143.46
itm_31_008313,fits,24.93
itm_31_008314,fits,24.93
itm_31_008315,fits,24.93
itm_31_008316,overflows,80.4
itm_31_008317,fits,66.11
itm_31_008318,fits,76.63
itm_31_008319,fits,69.68
itm_32_008320,wraps,344.28
itm_32_008321,fits,213.85
itm_32_008322,fits,446.02
itm_32_008323,fits,90.19
itm_32_008324,fits,53.0
itm_32_008325,fits,53.0
itm_32_008326,overflows,150.39
itm_32_008327,fits,127.1
itm_32_008328,overflows,103.54
itm_32_008329,overflows,96.93
itm_32_008330,wraps,62.79
itm_32_008331,fits,122.91
itm_32_008332,overflows,98.18
itm_32_008333,fits,108.81
itm_32_008334,fits,364.76
itm_32_008335,fits,46.47
itm_32_008336,fits,128.88
itm_32_008337,overflows,90.09
itm_32_008338,overflows,70.42
itm_32_008339,fits,202.99
itm_32_008340,overflows,100.9
itm_32_008341,wraps,99.18
itm_32_008342,fits,81.77
itm_32_008343,wraps,232.32
itm_32_008344,overflows,70.18
itm_32_008345,wraps,350.06
itm_32_008346,overflows,586.87
itm_32_008347,fits,170.62
itm_32_008348,overflows,461.77
itm_32_008349,fits,173.31
itm_32_008350,fits,29.48
itm_32_008351,wraps,132.32
itm_32_008352,overflows,240.04
itm_32_008353,wraps,91.74
itm_32_008354,overflows,146.12
itm_32_008355,overflows,67.96
itm_32_008356,overflows,195.48
itm_32_008357,overflows,166.04
itm_32_008358,fits,142.56
itm_32_008359,wraps,80.19
itm_32_008360,overflows,284.73
itm_32_008361,fits,121.98
itm_32_008362,overflows,109.61
itm_32_008363,overflows,60.03
itm_32_008364,overflows,434.99
itm_32_008365,overflows,53.0
itm_32_008366,wraps,174.65
itm_32_008367,overflows,290.8
itm_32_008368,overflows,205.54
itm_32_008369,fits,136.27
itm_32_008370,fits,294.32
itm_32_008371,fits,202.19
itm_32_008372,overflows,200.19
itm_32_008373,overflows,142.63
itm_32_008374,overflows,64.33
itm_32_008375,overflows,67.78
itm_32_008376,fits,286.0
itm_32_008377,overflows,141.32
itm_32_008378,overflows,91.4
itm_32_008379,overflows,208.2
itm_32_008380,wraps,163.56
itm_32_008381,wraps,155.31
itm_32_008382,wraps,111.52
itm_32_008383,fits,213.04
itm_32_008384,overflows,163.09
itm_32_008385,wraps,98.07
itm_32_008386,overflows,131.56
itm_32_008387,fits,222.23
itm_32_008388,fits,205.21
itm_32_008389,wraps,150.58
itm_32_008390,overflows,53.88
itm_32_008391,fits,54.49
itm_32_008392,fits,65.05
itm_32_008393,fits,60.36
itm_32_008394,fits,55.98
itm_32_008395,overflows,69.19
itm_32_008396,overflows,69.81
itm_32_008397,fits,141.45
itm_32_008398,overflows,153.8
itm_32_008399,wraps,567.41
itm_32_008400,overflows,155.76
itm_32_008401,fits,172.07
itm_32_008402,fits,47.49
itm_32_008403,overflows,90.19
itm_32_008404,fits,80.73
itm_32_008405,fits,90.19
itm_32_008406,fits,90.19
itm_32_008407,fits,90.19
itm_32_008408,fits,90.19
itm_32_008409,overflows,363.67
itm_32_008410,fits,202.19
itm_32_008411,wraps,154.51
itm_32_008412,overflows,165.6
itm_32_008413,overflows,172.51
itm_32_008414,overflows,243.77
itm_32_008415,fits,54.45
itm_32_008416,fits,118.38
itm_32_008417,fits,120.43
itm_32_008418,wraps,447.69
itm_32_008419,fits,225.42
itm_32_008420,fits,90.19
itm_32_008421,wraps,76.98
itm_32_008422,wraps,97.61
itm_32_008423,overflows,80.38
itm_32_008424,fits,57.73
itm_32_008425,wraps,153.78
itm_32_008426,fits,147.42
itm_32_008427,overflows,240.25
itm_32_008428,wraps,368.53
itm_32_008429,wraps,434.29
itm_32_008430,wraps,372.94
itm_32_008431,wraps,144.58
itm_32_008432,overflows,472.4
itm_32_008433,wraps,171.97
itm_32_008434,overflows,193.13
itm_32_008435,fits,65.5
itm_32_008436,wraps,202.59
itm_32_008437,fits,66.97
itm_32_008438,fits,66.97
itm_32_008439,fits,119.38
itm_32_008440,overflows,92.33
itm_32_008441,wraps,251.49
itm_32_008442,wraps,168.25
itm_32_008443,wraps,173.05
itm_32_008444,wraps,73.74
itm_32_008445,overflows,173.88
itm_32_008446,wraps,168.79
itm_32_008447,overflows,81.77
itm_32_008448,fits,117.36
itm_32_008449,fits,63.33
itm_32_008450,overflows,82.48
itm_32_008451,fits,90.19
itm_32_008452,overflows,339.78
itm_32_008453,fits,64.91
itm_32_008454,overflows,373.46
itm_32_008455,wraps,142.83
itm_32_008456,fits,49.56
itm_32_008457,wraps,196.14
itm_32_008458,wraps,73.4
itm_32_008459,wraps,192.83
itm_32_008460,overflows,208.18
itm_32_008461,overflows,443.32
itm_32_008462,wraps,449.17
itm_32_008463,overflows,140.99
itm_32_008464,fits,64.33
itm_32_008465,fits,77.53
itm_32_008466,overflows,210.38
itm_32_008467,fits,63.33
itm_32_008468,overflows,66.52
itm_32_008469,fits,94.14
itm_32_008470,overflows,51.56
itm_32_008471,wraps,221.08
itm_32_008472,fits,122.29
itm_32_008473,wraps,91.9
itm_32_008474,wraps,90.33
itm_32_008475,fits,127.1
itm_32_008476,overflows,182.67
itm_32_008477,fits,63.27
itm_32_008478,overflows,109.79
itm_32_008479,fits,111.1
itm_32_008480,fits,137.71
itm_32_008481,overflows,58.01
itm_32_008482,overflows,211.16
itm_32_008483,fits,83.21
itm_32_008484,wraps,177.91
itm_32_008485,wraps,132.24
itm_32_008486,overflows,142.78
itm_32_008487,overflows,186.91
itm_32_008488,fits,110.93
itm_32_008489,overflows,74.06
itm_32_008490,overflows,121.3
itm_32_008491,wraps,125.63
itm_32_008492,fits,160.41
itm_32_008493,fits,108.92
itm_32_008494,fits,103.06
itm_32_008495,fits,76.79
itm_32_008496,fits,209.98
itm_32_008497,fits,143.87
itm_32_008498,fits,134.53
itm_32_008499,fits,171.31
itm_32_008500,wraps,226.29
itm_32_008501,fits,130.31
itm_32_008502,fits,68.18
itm_32_008503,fits,90.09
itm_32_008504,fits,66.33
itm_32_008505,overflows,153.54
itm_32_008506,fits,70.38
itm_32_008507,fits,39.3
itm_32_008508,overflows,48.07
itm_32_008509,fits,104.48
itm_32_008510,fits,97.59
itm_32_008511,overflows,74.06
itm_32_008512,overflows,113.96
itm_32_008513,fits,155.5
itm_32_008514,overflows,139.1
itm_32_008515,fits,175.28
itm_32_008516,fits,144.88
itm_32_008517,fits,117.74
itm_32_008518,wraps,138.24
itm_32_008519,fits,111.27
itm_32_008520,fits,154.07
itm_32_008521,fits,150.95
itm_32_008522,wraps,184.9
itm_32_008523,wraps,351.38
itm_32_008524,wraps,453.67
itm_32_008525,wraps,291.06
itm_32_008526,wraps,380.82
itm_32_008527,overflows,204.55
itm_32_008528,wraps,146.65
itm_32_008529,wraps,206.4
itm_32_008530,wraps,318.73
itm_32_008531,wraps,482.32
itm_32_008532,wraps,549.58
itm_32_008533,overflows,236.75
itm_32_008534,wraps,233.64
itm_32_008535,fits,294.4
itm_32_008536,overflows,131.3
itm_32_008537,wraps,195.84
itm_32_008538,wraps,177.45
itm_32_008539,overflows,361.67
itm_32_008540,wraps,80.29
itm_32_008541,overflows,145.83
itm_32_008542,wraps,220.2
itm_32_008543,wraps,278.58
itm_32_008544,fits,74.63
itm_32_008545,fits,191.02
itm_32_008546,overflows,115.84
itm_32_008547,wraps,95.36
itm_32_008548,fits,66.97
itm_32_008549,fits,29.48
itm_32_008550,wraps,133.5
itm_32_008551,wraps,459.3
itm_32_008552,overflows,117.77
itm_32_008553,overflows,116.31
itm_32_008554,fits,151.09
itm_32_008555,overflows,62.5
itm_32_008556,overflows,59.05
itm_32_008557,fits,106.8
itm_32_008558,fits,217.64
itm_32_008559,fits,101.36
itm_32_008560,fits,42.81
itm_32_008561,overflows,61.19
itm_32_008562,fits,30.9
itm_32_008563,fits,52.15
itm_32_008564,fits,215.46
itm_32_008565,fits,210.42
itm_32_008566,overflows,269.77
itm_32_008567,overflows,104.53
itm_32_008568,fits,55.71
itm_32_008569,fits,68.05
itm_32_008570,overflows,69.47
itm_32_008571,fits,53.76
itm_32_008572,fits,19.94
itm_32_008573,fits,19.94
itm_32_008574,fits,19.94
itm_32_008575,fits,19.94
itm_32_008576,fits,66.09
itm_32_008577,fits,80.72
itm_32_008578,overflows,93.92
itm_32_008579,overflows,67.25
itm_33_008580,wraps,178.43
itm_33_008581,overflows,65.14
itm_33_008582,overflows,245.08
itm_33_008583,overflows,246.85
itm_33_008584,overflows,79.95
itm_33_008585,fits,62.22
itm_33_008586,overflows,201.99
itm_33_008587,overflows,56.43
itm_33_008588,overflows,144.6
itm_33_008589,fits,89.87
itm_33_008590,fits,65.66
itm_33_008591,fits,78.51
itm_33_008592,fits,85.48
itm_33_008593,overflows,103.93
itm_33_008594,overflows,179.39
itm_33_008595,fits,87.13
itm_33_008596,overflows,110.31
itm_33_008597,overflows,184.85
itm_33_008598,overflows,87.13
itm_33_008599,fits,77.73
itm_33_008600,overflows,113.63
itm_33_008601,fits,165.7
itm_33_008602,overflows,70.76
itm_33_008603,overflows,189.11
itm_33_008604,overflows,229.92
itm_33_008605,wraps,531.04
itm_33_008606,overflows,129.36
itm_33_008607,fits,34.74
itm_33_008608,overflows,457.35
itm_33_008609,fits,102.48
itm_33_008610,overflows,74.29
itm_33_008611,overflows,109.91
itm_33_008612,fits,76.8
itm_33_008613,fits,68.38
itm_33_008614,overflows,356.81
itm_33_008615,overflows,376.6
itm_33_008616,wraps,88.96
itm_33_008617,overflows,112.05
itm_33_008618,overflows,366.6
itm_33_008619,fits,212.88
itm_33_008620,wraps,129.56
itm_33_008621,overflows,167.18
itm_33_008622,wraps,141.98
itm_33_008623,fits,280.12
itm_33_008624,overflows,201.89
itm_33_008625,overflows,80.57
itm_33_008626,overflows,119.65
itm_33_008627,wraps,124.22
itm_33_008628,overflows,123.98
itm_33_008629,wraps,184.87
itm_33_008630,fits,110.88
itm_33_008631,fits,73.99
itm_33_008632,fits,83.21
itm_33_008633,fits,67.14
itm_33_008634,fits,47.0
itm_33_008635,overflows,69.28
itm_33_008636,fits,62.96
itm_33_008637,fits,78.69
itm_33_008638,fits,69.28
itm_33_008639,overflows,75.99
itm_33_008640,overflows,70.05
itm_33_008641,fits,57.15
itm_33_008642,overflows,166.2
itm_33_008643,overflows,419.99
itm_33_008644,overflows,193.25
itm_33_008645,fits,113.95
itm_33_008646,wraps,158.68
itm_33_008647,fits,192.57
itm_33_008648,fits,54.46
itm_33_008649,fits,64.49
itm_33_008650,overflows,61.63
itm_33_008651,fits,175.88
itm_33_008652,overflows,112.91
itm_33_008653,overflows,95.35
itm_33_008654,overflows,251.69
itm_33_008655,wraps,175.49
itm_33_008656,overflows,71.75
itm_33_008657,overflows,169.6
itm_33_008658,overflows,293.64
itm_33_008659,wraps,246.8
itm_33_008660,overflows,268.89
itm_33_008661,overflows,646.42
itm_33_008662,wraps,576.18
itm_33_008663,overflows,277.4
itm_33_008664,fits,291.09
itm_33_008665,overflows,769.99
itm_33_008666,overflows,370.25
itm_33_008667,overflows,473.88
itm_33_008668,overflows,390.09
itm_33_008669,overflows,559.08
itm_33_008670,overflows,213.3
itm_33_008671,wraps,668.64
itm_33_008672,overflows,273.59
itm_33_008673,overflows,85.3
itm_33_008674,fits,65.68
itm_33_008675,fits,137.21
itm_33_008676,overflows,150.81
itm_33_008677,overflows,65.68
itm_33_008678,fits,65.68
itm_33_008679,wraps,126.89
itm_33_008680,wraps,117.09
itm_33_008681,overflows,103.11
itm_33_008682,overflows,84.58
itm_33_008683,fits,65.54
itm_33_008684,overflows,82.46
itm_33_008685,wraps,217.8
itm_33_008686,fits,68.33
itm_33_008687,fits,102.48
itm_33_008688,fits,89.82
itm_33_008689,overflows,189.84
itm_33_008690,overflows,82.16
itm_33_008691,fits,269.1
itm_33_008692,fits,68.05
itm_33_008693,overflows,105.03
itm_33_008694,overflows,248.23
itm_33_008695,fits,102.48
itm_33_008696,overflows,89.32
itm_33_008697,fits,65.72
itm_33_008698,overflows,96.8
itm_33_008699,fits,189.17
itm_33_008700,fits,62.22
itm_33_008701,fits,150.1
itm_33_008702,fits,164.01
itm_33_008703,overflows,166.24
itm_33_008704,overflows,82.46
itm_33_008705,fits,133.86
itm_33_008706,overflows,127.95
itm_33_008707,overflows,175.24
itm_33_008708,overflows,87.36
itm_33_008709,overflows,88.95
itm_33_008710,overflows,128.43
itm_33_008711,fits,47.12
itm_33_008712,fits,101.85
itm_33_008713,fits,53.29
itm_33_008714,overflows,80.74
itm_33_008715,fits,79.54
itm_33_008716,fits,61.91
itm_33_008717,fits,47.12
itm_33_008718,overflows,58.84
itm_33_008719,fits,100.08
itm_33_008720,fits,40.67
itm_33_008721,fits,50.34
itm_33_008722,overflows,56.81
itm_33_008723,fits,68.44
itm_33_008724,overflows,133.21
itm_33_008725,overflows,203.53
itm_33_008726,overflows,319.36
itm_33_008727,wraps,537.38
itm_33_008728,overflows,337.83
itm_33_008729,wraps,282.58
itm_33_008730,fits,210.27
itm_33_008731,overflows,93.18
itm_33_008732,wraps,77.21
itm_33_008733,overflows,97.38
itm_33_008734,overflows,160.2
itm_33_008735,overflows,322.97
itm_33_008736,overflows,81.35
itm_33_008737,wraps,281.0
itm_33_008738,overflows,142.93
itm_33_008739,overflows,235.94
itm_33_008740,wraps,138.99
itm_33_008741,wraps,498.17
itm_33_008742,overflows,275.78
itm_33_008743,overflows,406.57
itm_33_008744,overflows,173.78
itm_33_008745,wraps,252.97
itm_33_008746,overflows,307.08
itm_33_008747,wraps,208.23
itm_33_008748,wraps,576.73
itm_33_008749,overflows,94.63
itm_33_008750,wraps,119.22
itm_33_008751,fits,89.82
itm_33_008752,overflows,183.54
itm_33_008753,fits,120.79
itm_33_008754,overflows,281.58
itm_33_008755,fits,86.62
itm_33_008756,overflows,233.41
itm_33_008757,wraps,214.58
itm_33_008758,wraps,560.62
itm_33_008759,fits,34.74
itm_33_008760,fits,61.97
itm_33_008761,wraps,161.3
itm_33_008762,overflows,90.02
itm_33_008763,overflows,102.48
itm_33_008764,fits,83.95
itm_33_008765,overflows,90.02
itm_33_008766,overflows,184.14
itm_33_008767,wraps,359.07
itm_33_008768,overflows,261.27
itm_33_008769,overflows,121.6
itm_33_008770,overflows,408.02
itm_33_008771,fits,103.03
itm_33_008772,overflows,256.24
itm_33_008773,wraps,185.51
itm_33_008774,fits,120.12
itm_33_008775,overflows,68.93
itm_33_008776,overflows,552.24
itm_33_008777,overflows,90.02
itm_33_008778,overflows,63.23
itm_33_008779,overflows,64.28
itm_33_008780,overflows,69.13
itm_33_008781,overflows,64.33
itm_33_008782,fits,40.3
itm_33_008783,fits,236.35
itm_33_008784,overflows,266.86
itm_33_008785,fits,65.95
itm_33_008786,fits,155.35
itm_33_008787,overflows,68.93
itm_33_008788,fits,123.79
itm_33_008789,overflows,252.26
itm_33_008790,fits,48.8
itm_33_008791,fits,118.49
itm_33_008792,overflows,142.41
itm_33_008793,fits,201.94
itm_33_008794,fits,48.8
itm_33_008795,fits,41.84
itm_33_008796,fits,63.25
itm_33_008797,overflows,191.36
itm_33_008798,fits,161.11
itm_33_008799,fits,48.8
itm_33_008800,fits,41.84
itm_33_008801,overflows,82.87
itm_33_008802,fits,34.65
itm_33_008803,overflows,495.99
itm_33_008804,fits,196.71
itm_33_008805,overflows,73.44
itm_33_008806,overflows,77.3
itm_33_008807,fits,87.67
itm_33_008808,overflows,60.08
itm_33_008809,fits,182.67
itm_33_008810,overflows,64.49
itm_33_008811,overflows,70.36
itm_33_008812,fits,123.36
itm_33_008813,wraps,216.46
itm_33_008814,overflows,344.44
itm_33_008815,fits,85.08
itm_33_008816,fits,84.49
itm_33_008817,fits,144.61
itm_33_008818,overflows,177.82
itm_33_008819,overflows,63.02
itm_33_008820,overflows,131.56
itm_33_008821,fits,97.05
itm_33_008822,overflows,150.11
itm_33_008823,fits,81.99
itm_33_008824,fits,134.09
itm_33_008825,fits,104.61
itm_33_008826,fits,147.89
itm_33_008827,overflows,38.19
itm_33_008828,fits,80.65
itm_33_008829,overflows,86.6
itm_33_008830,fits,19.39
itm_33_008831,overflows,83.57
itm_33_008832,overflows,156.43
itm_33_008833,fits,69.05
itm_33_008834,overflows,77.65
itm_33_008835,overflows,61.63
itm_33_008836,overflows,95.62
itm_33_008837,fits,86.43
itm_33_008838,fits,185.29
itm_33_008839,fits,203.41
itm_34_008840,fits,85.19
itm_34_008841,fits,130.98
itm_34_008842,overflows,74.15
itm_34_008843,fits,55.5
itm_34_008844,fits,114.68
itm_34_008845,wraps,159.77
itm_34_008846,fits,41.82
itm_34_008847,wraps,121.42
itm_34_008848,wraps,133.34
itm_34_008849,fits,47.08
itm_34_008850,fits,113.73
itm_34_008851,overflows,43.5
itm_34_008852,fits,98.35
itm_34_008853,fits,84.66
itm_34_008854,fits,80.84
itm_34_008855,fits,56.59
itm_34_008856,fits,144.32
itm_34_008857,fits,57.03
itm_34_008858,fits,36.25
itm_34_008859,wraps,323.02
itm_34_008860,wraps,146.58
itm_34_008861,fits,39.4
itm_34_008862,fits,48.73
itm_34_008863,fits,150.99
itm_34_008864,fits,77.33
itm_34_008865,fits,68.76
itm_34_008866,wraps,36.25
itm_34_008867,wraps,104.59
itm_34_008868,wraps,85.1
itm_34_008869,wraps,98.96
itm_34_008870,wraps,128.01
itm_34_008871,wraps,43.76
itm_34_008872,wraps,91.37
itm_34_008873,fits,38.33
itm_34_008874,wraps,59.51
itm_34_008875,fits,49.39
itm_34_008876,fits,74.79
itm_34_008877,fits,45.05
itm_34_008878,fits,63.71
itm_34_008879,fits,36.77
itm_34_008880,fits,67.76
itm_34_008881,fits,67.13
itm_34_008882,fits,63.53
itm_34_008883,overflows,45.74
itm_34_008884,fits,80.38
itm_34_008885,fits,65.1
itm_34_008886,fits,56.21
itm_34_008887,fits,45.1
itm_34_008888,fits,49.1
itm_34_008889,overflows,109.87
itm_34_008890,fits,67.76
itm_34_008891,fits,71.24
itm_34_008892,wraps,115.33
itm_34_008893,fits,146.08
itm_34_008894,fits,47.08
itm_34_008895,fits,43.5
itm_34_008896,fits,145.39
itm_34_008897,wraps,64.56
itm_34_008898,wraps,63.39
itm_34_008899,wraps,156.63
itm_34_008900,wraps,73.78
itm_34_008901,fits,99.94
itm_34_008902,fits,40.82
itm_34_008903,fits,52.66
itm_34_008904,fits,84.21
itm_34_008905,wraps,243.48
itm_34_008906,wraps,397.16
itm_34_008907,wraps,42.53
itm_34_008908,fits,57.14
itm_34_008909,fits,88.43
itm_34_008910,fits,173.56
itm_34_008911,fits,127.27
itm_34_008912,fits,57.14
itm_34_008913,fits,85.19
itm_34_008914,fits,82.59
itm_34_008915,fits,74.63
itm_34_008916,wraps,150.49
itm_34_008917,fits,93.82
itm_34_008918,fits,50.02
itm_34_008919,fits,85.19
itm_34_008920,fits,60.3
itm_34_008921,wraps,129.84
itm_34_008922,wraps,59.51
itm_34_008923,wraps,71.54
itm_34_008924,fits,56.9
itm_34_008925,fits,85.19
itm_34_008926,fits,85.19
itm_34_008927,wraps,53.33
itm_34_008928,wraps,295.37
itm_34_008929,fits,58.13
itm_34_008930,wraps,39.66
itm_34_008931,fits,157.77
itm_34_008932,wraps,67.85
itm_34_008933,fits,64.81
itm_34_008934,wraps,72.1
itm_34_008935,fits,83.61
itm_34_008936,fits,112.04
itm_34_008937,fits,125.82
itm_34_008938,fits,183.46
itm_34_008939,fits,127.9
itm_34_008940,fits,90.23
itm_34_008941,overflows,119.57
itm_34_008942,fits,72.47
itm_34_008943,fits,43.56
itm_34_008944,fits,138.48
itm_34_008945,fits,101.21
itm_34_008946,fits,101.99
itm_34_008947,fits,97.97
itm_34_008948,fits,109.95
itm_34_008949,fits,161.92
itm_34_008950,overflows,66.81
itm_34_008951,fits,48.32
itm_34_008952,fits,45.56
itm_34_008953,fits,91.91
itm_34_008954,fits,98.35
itm_34_008955,fits,130.21
itm_34_008956,overflows,158.46
itm_34_008957,fits,122.32
itm_34_008958,fits,143.3
itm_34_008959,fits,123.25
itm_34_008960,fits,136.91
itm_34_008961,fits,95.48
itm_34_008962,fits,55.95
itm_34_008963,fits,98.49
itm_34_008964,fits,39.52
itm_34_008965,fits,219.29
itm_34_008966,fits,131.03
itm_34_008967,fits,92.31
itm_34_008968,fits,56.77
itm_34_008969,fits,126.88
itm_34_008970,fits,109.18
itm_34_008971,fits,113.68
itm_34_008972,fits,118.14
itm_34_008973,fits,205.31
itm_34_008974,wraps,213.07
itm_34_008975,fits,206.37
itm_34_008976,fits,186.1
itm_34_008977,fits,117.42
itm_34_008978,wraps,127.35
itm_34_008979,overflows,48.32
itm_34_008980,fits,62.43
itm_34_008981,fits,80.45
itm_34_008982,fits,117.64
itm_34_008983,fits,178.54
itm_34_008984,fits,39.94
itm_34_008985,fits,56.67
itm_34_008986,fits,89.91
itm_34_008987,wraps,360.7
itm_34_008988,overflows,71.35
itm_34_008989,fits,26.86
itm_34_008990,fits,26.96
itm_34_008991,fits,39.8
itm_34_008992,fits,58.2
itm_34_008993,fits,49.49
itm_34_008994,overflows,38.46
itm_34_008995,fits,30.1
itm_34_008996,fits,83.13
itm_34_008997,fits,65.06
itm_34_008998,fits,71.72
itm_34_008999,fits,101.04
itm_34_009000,overflows,85.05
itm_34_009001,fits,145.78
itm_34_009002,fits,142.95
itm_34_009003,fits,102.73
itm_34_009004,fits,61.78
itm_34_009005,fits,141.04
itm_34_009006,fits,39.94
itm_34_009007,fits,43.56
itm_34_009008,fits,61.78
itm_34_009009,fits,55.13
itm_34_009010,fits,91.2
itm_34_009011,fits,54.83
itm_34_009012,overflows,90.21
itm_34_009013,fits,186.36
itm_34_009014,fits,46.54
itm_34_009015,fits,124.42
itm_34_009016,fits,118.59
itm_34_009017,fits,160.7
itm_34_009018,wraps,163.31
itm_34_009019,wraps,182.78
itm_34_009020,wraps,185.65
itm_34_009021,wraps,315.95
itm_34_009022,fits,273.04
itm_34_009023,wraps,291.56
itm_34_009024,fits,374.19
itm_34_009025,wraps,283.88
itm_34_009026,fits,134.26
itm_34_009027,wraps,346.24
itm_34_009028,wraps,182.45
itm_34_009029,fits,114.28
itm_34_009030,wraps,455.32
itm_34_009031,wraps,167.88
itm_34_009032,wraps,317.08
itm_34_009033,overflows,170.88
itm_34_009034,wraps,224.35
itm_34_009035,wraps,120.84
itm_34_009036,fits,147.2
itm_34_009037,wraps,418.74
itm_34_009038,wraps,205.1
itm_34_009039,wraps,193.6
itm_34_009040,wraps,298.75
itm_34_009041,wraps,119.49
itm_34_009042,fits,226.41
itm_34_009043,fits,77.11
itm_34_009044,overflows,54.29
itm_34_009045,fits,49.33
itm_34_009046,wraps,241.14
itm_34_009047,wraps,65.3
itm_34_009048,fits,53.97
itm_34_009049,fits,136.45
itm_34_009050,wraps,137.1
itm_34_009051,wraps,61.05
itm_34_009052,wraps,51.98
itm_34_009053,wraps,219.26
itm_34_009054,fits,68.0
itm_34_009055,wraps,370.01
itm_34_009056,wraps,74.15
itm_34_009057,fits,64.52
itm_34_009058,wraps,273.73
itm_34_009059,fits,114.91
itm_34_009060,fits,95.9
itm_34_009061,wraps,223.72
itm_34_009062,fits,160.23
itm_34_009063,fits,126.08
itm_34_009064,fits,61.76
itm_34_009065,fits,186.0
itm_34_009066,fits,126.08
itm_34_009067,wraps,70.78
itm_34_009068,fits,25.1
itm_34_009069,fits,49.37
itm_34_009070,wraps,393.66
itm_34_009071,fits,53.78
itm_34_009072,fits,184.15
itm_34_009073,fits,161.54
itm_34_009074,wraps,510.96
itm_34_009075,fits,110.32
itm_34_009076,fits,149.26
itm_34_009077,fits,46.76
itm_34_009078,fits,71.56
itm_34_009079,fits,41.1
itm_34_009080,fits,61.78
itm_34_009081,fits,55.92
itm_34_009082,fits,52.16
itm_34_009083,wraps,185.11
itm_34_009084,fits,211.93
itm_34_009085,fits,113.3
itm_34_009086,overflows,31.59
itm_34_009087,fits,56.58
itm_34_009088,overflows,72.73
itm_34_009089,fits,152.88
itm_34_009090,fits,84.39
itm_34_009091,fits,60.96
itm_34_009092,fits,65.06
itm_34_009093,fits,54.81
itm_34_009094,fits,40.77
itm_34_009095,fits,153.97
itm_34_009096,fits,57.36
itm_34_009097,fits,27.7
itm_34_009098,fits,45.2
itm_34_009099,fits,54.1
itm_35_009100,overflows,531.66
itm_35_009101,wraps,595.1
itm_35_009102,wraps,522.53
itm_35_009103,fits,51.64
itm_35_009104,wraps,337.6
itm_35_009105,overflows,198.98
itm_35_009106,fits,167.34
itm_35_009107,overflows,113.34
itm_35_009108,fits,167.0
itm_35_009109,overflows,180.1
itm_35_009110,fits,215.74
itm_35_009111,fits,148.41
itm_35_009112,fits,194.25
itm_35_009113,overflows,183.72
itm_35_009114,fits,198.28
itm_35_009115,fits,117.94
itm_35_009116,fits,245.03
itm_35_009117,wraps,527.28
itm_35_009118,wraps,197.89
itm_35_009119,fits,50.5
itm_35_009120,overflows,105.68
itm_35_009121,fits,263.21
itm_35_009122,fits,373.73
itm_35_009123,overflows,67.83
itm_35_009124,overflows,58.43
itm_35_009125,overflows,170.11
itm_35_009126,fits,342.0
itm_35_009127,overflows,78.56
itm_35_009128,wraps,98.53
itm_35_009129,fits,55.38
itm_35_009130,fits,113.34
itm_35_009131,fits,46.32
itm_35_009132,overflows,595.3
itm_35_009133,fits,39.24
itm_35_009134,wraps,140.89
itm_35_009135,overflows,200.71
itm_35_009136,overflows,148.28
itm_35_009137,fits,202.84
itm_35_009138,overflows,212.52
itm_35_009139,overflows,335.0
itm_35_009140,fits,99.77
itm_35_009141,fits,37.14
itm_35_009142,wraps,455.91
itm_35_009143,overflows,394.32
itm_35_009144,overflows,101.4
itm_35_009145,overflows,513.06
itm_35_009146,overflows,161.38
itm_35_009147,overflows,61.82
itm_35_009148,fits,147.91
itm_35_009149,fits,130.45
itm_35_009150,fits,197.87
itm_35_009151,overflows,180.83
itm_35_009152,fits,123.78
itm_35_009153,fits,418.1
itm_35_009154,overflows,85.45
itm_35_009155,fits,130.88
itm_35_009156,wraps,124.86
itm_35_009157,wraps,121.81
itm_35_009158,wraps,118.87
itm_35_009159,wraps,165.47
itm_35_009160,fits,193.72
itm_35_009161,overflows,185.92
itm_35_009162,fits,107.35
itm_35_009163,overflows,153.49
itm_35_009164,fits,248.49
itm_35_009165,fits,182.56
itm_35_009166,overflows,184.36
itm_35_009167,overflows,110.23
itm_35_009168,wraps,122.17
itm_35_009169,wraps,82.81
itm_35_009170,fits,87.45
itm_35_009171,overflows,72.28
itm_35_009172,fits,68.21
itm_35_009173,fits,66.73
itm_35_009174,overflows,83.53
itm_35_009175,fits,51.69
itm_35_009176,overflows,72.07
itm_35_009177,overflows,92.7
itm_35_009178,fits,59.33
itm_35_009179,fits,57.41
itm_35_009180,fits,62.34
itm_35_009181,overflows,163.65
itm_35_009182,wraps,151.47
itm_35_009183,fits,87.6
itm_35_009184,fits,36.8
itm_35_009185,fits,51.64
itm_35_009186,fits,74.78
itm_35_009187,overflows,46.32
itm_35_009188,fits,168.82
itm_35_009189,wraps,94.91
itm_35_009190,fits,40.1
itm_35_009191,wraps,151.31
itm_35_009192,wraps,166.05
itm_35_009193,overflows,735.84
itm_35_009194,wraps,325.5
itm_35_009195,fits,62.58
itm_35_009196,fits,64.89
itm_35_009197,fits,101.89
itm_35_009198,wraps,91.53
itm_35_009199,fits,64.89
itm_35_009200,fits,113.34
itm_35_009201,wraps,235.43
itm_35_009202,wraps,177.59
itm_35_009203,overflows,101.91
itm_35_009204,fits,110.46
itm_35_009205,fits,113.34
itm_35_009206,wraps,132.61
itm_35_009207,fits,75.06
itm_35_009208,overflows,330.08
itm_35_009209,wraps,140.11
itm_35_009210,fits,49.9
itm_35_009211,fits,49.78
itm_35_009212,overflows,80.1
itm_35_009213,overflows,399.96
itm_35_009214,fits,150.85
itm_35_009215,overflows,113.34
itm_35_009216,fits,68.1
itm_35_009217,fits,60.1
itm_35_009218,wraps,119.41
itm_35_009219,wraps,140.27
itm_35_009220,fits,60.52
itm_35_009221,overflows,187.06
itm_35_009222,fits,184.31
itm_35_009223,overflows,104.02
itm_35_009224,fits,141.95
itm_35_009225,wraps,84.79
itm_35_009226,fits,39.24
itm_35_009227,fits,114.73
itm_35_009228,fits,89.13
itm_35_009229,fits,41.35
itm_35_009230,fits,123.69
itm_35_009231,overflows,139.19
itm_35_009232,overflows,119.88
itm_35_009233,fits,91.44
itm_35_009234,fits,108.85
itm_35_009235,wraps,192.03
itm_35_009236,fits,81.61
itm_35_009237,wraps,179.21
itm_35_009238,fits,45.72
itm_35_009239,overflows,141.48
itm_35_009240,overflows,60.17
itm_35_009241,overflows,61.3
itm_35_009242,fits,167.89
itm_35_009243,fits,137.26
itm_35_009244,fits,178.92
itm_35_009245,overflows,137.62
itm_35_009246,fits,161.5
itm_35_009247,overflows,197.87
itm_35_009248,fits,126.61
itm_35_009249,fits,203.13
itm_35_009250,fits,33.4
itm_35_009251,fits,45.99
itm_35_009252,fits,103.08
itm_35_009253,overflows,197.55
itm_35_009254,fits,198.58
itm_35_009255,wraps,290.12
itm_35_009256,overflows,72.69
itm_35_009257,fits,138.15
itm_35_009258,wraps,164.33
itm_35_009259,overflows,49.9
itm_35_009260,overflows,80.08
itm_35_009261,fits,74.9
itm_35_009262,fits,106.44
itm_35_009263,fits,76.48
itm_35_009264,fits,64.67
itm_35_009265,fits,69.12
itm_35_009266,fits,17.06
itm_35_009267,fits,62.74
itm_35_009268,fits,31.58
itm_35_009269,fits,64.58
itm_35_009270,overflows,126.13
itm_35_009271,fits,70.89
itm_35_009272,fits,91.35
itm_35_009273,overflows,185.79
itm_35_009274,fits,111.05
itm_35_009275,fits,81.61
itm_35_009276,fits,84.77
itm_35_009277,fits,63.0
itm_35_009278,overflows,142.74
itm_35_009279,fits,141.26
itm_35_009280,overflows,151.1
itm_35_009281,fits,104.97
itm_35_009282,fits,219.82
itm_35_009283,wraps,167.55
itm_35_009284,fits,152.42
itm_35_009285,fits,165.98
itm_35_009286,wraps,492.6
itm_35_009287,wraps,189.76
itm_35_009288,wraps,243.09
itm_35_009289,overflows,119.89
itm_35_009290,fits,24.5
itm_35_009291,wraps,441.19
itm_35_009292,wraps,498.62
itm_35_009293,wraps,351.82
itm_35_009294,fits,229.92
itm_35_009295,overflows,316.64
itm_35_009296,wraps,275.35
itm_35_009297,wraps,154.95
itm_35_009298,overflows,411.63
itm_35_009299,wraps,370.63
itm_35_009300,overflows,642.13
itm_35_009301,wraps,594.6
itm_35_009302,wraps,524.82
itm_35_009303,overflows,359.05
itm_35_009304,wraps,160.63
itm_35_009305,fits,154.92
itm_35_009306,overflows,536.03
itm_35_009307,fits,151.73
itm_35_009308,fits,290.99
itm_35_009309,overflows,328.13
itm_35_009310,overflows,84.14
itm_35_009311,fits,53.5
itm_35_009312,wraps,74.68
itm_35_009313,wraps,74.02
itm_35_009314,wraps,88.23
itm_35_009315,fits,53.73
itm_35_009316,wraps,510.79
itm_35_009317,overflows,93.18
itm_35_009318,overflows,72.34
itm_35_009319,fits,257.53
itm_35_009320,overflows,389.3
itm_35_009321,wraps,93.5
itm_35_009322,overflows,132.12
itm_35_009323,wraps,209.54
itm_35_009324,wraps,448.5
itm_35_009325,overflows,208.8
itm_35_009326,wraps,37.14
itm_35_009327,fits,60.99
itm_35_009328,wraps,197.57
itm_35_009329,wraps,494.19
itm_35_009330,overflows,135.81
itm_35_009331,fits,261.57
itm_35_009332,fits,154.45
itm_35_009333,fits,50.97
itm_35_009334,overflows,137.41
itm_35_009335,overflows,54.44
itm_35_009336,fits,68.86
itm_35_009337,fits,61.86
itm_35_009338,overflows,58.26
itm_35_009339,overflows,321.69
itm_35_009340,fits,112.99
itm_35_009341,overflows,216.52
itm_35_009342,fits,97.15
itm_35_009343,overflows,127.96
itm_35_009344,fits,63.2
itm_35_009345,overflows,69.22
itm_35_009346,fits,42.38
itm_35_009347,fits,62.01
itm_35_009348,fits,55.4
itm_35_009349,fits,70.2
itm_35_009350,overflows,56.69
itm_35_009351,fits,59.25
itm_35_009352,fits,56.69
itm_35_009353,fits,73.3
itm_35_009354,overflows,223.69
itm_35_009355,fits,28.78
itm_35_009356,fits,56.69
itm_35_009357,overflows,45.72
itm_35_009358,fits,24.41
itm_35_009359,fits,154.45
itm_36_009360,fits,180.63
itm_36_009361,wraps,484.84
itm_36_009362,overflows,92.34
itm_36_009363,overflows,123.77
itm_36_009364,fits,54.97
itm_36_009365,wraps,368.03
itm_36_009366,fits,71.93
itm_36_009367,overflows,141.88
itm_36_009368,fits,166.87
itm_36_009369,wraps,118.46
itm_36_009370,overflows,148.27
itm_36_009371,fits,193.6
itm_36_009372,fits,296.22
itm_36_009373,fits,65.06
itm_36_009374,wraps,84.05
itm_36_009375,fits,121.2
itm_36_009376,wraps,434.39
itm_36_009377,overflows,474.75
itm_36_009378,wraps,221.17
itm_36_009379,wraps,218.11
itm_36_009380,overflows,123.71
itm_36_009381,overflows,73.02
itm_36_009382,overflows,83.22
itm_36_009383,wraps,154.92
itm_36_009384,fits,44.48
itm_36_009385,fits,236.85
itm_36_009386,fits,113.93
itm_36_009387,fits,93.04
itm_36_009388,fits,136.57
itm_36_009389,overflows,42.79
itm_36_009390,overflows,86.58
itm_36_009391,wraps,88.44
itm_36_009392,wraps,153.59
itm_36_009393,wraps,133.57
itm_36_009394,fits,247.06
itm_36_009395,wraps,160.54
itm_36_009396,fits,139.73
itm_36_009397,wraps,105.45
itm_36_009398,fits,109.04
itm_36_009399,fits,268.85
itm_36_009400,wraps,126.9
itm_36_009401,overflows,65.09
itm_36_009402,wraps,557.05
itm_36_009403,overflows,147.63
itm_36_009404,overflows,607.67
itm_36_009405,overflows,77.53
itm_36_009406,fits,182.13
itm_36_009407,wraps,174.5
itm_36_009408,wraps,61.32
itm_36_009409,overflows,91.06
itm_36_009410,fits,261.82
itm_36_009411,fits,66.58
itm_36_009412,overflows,52.39
itm_36_009413,fits,65.21
itm_36_009414,overflows,67.88
itm_36_009415,fits,104.0
itm_36_009416,overflows,386.61
itm_36_009417,fits,132.9
itm_36_009418,fits,117.91
itm_36_009419,fits,87.08
itm_36_009420,fits,166.65
itm_36_009421,wraps,71.73
itm_36_009422,wraps,222.98
itm_36_009423,fits,139.23
itm_36_009424,fits,142.17
itm_36_009425,overflows,110.87
itm_36_009426,overflows,117.08
itm_36_009427,fits,112.29
itm_36_009428,fits,65.34
itm_36_009429,wraps,276.1
itm_36_009430,fits,117.67
itm_36_009431,fits,52.68
itm_36_009432,fits,35.51
itm_36_009433,wraps,154.36
itm_36_009434,wraps,285.36
itm_36_009435,fits,213.44
itm_36_009436,wraps,81.65
itm_36_009437,wraps,213.33
itm_36_009438,overflows,73.15
itm_36_009439,wraps,68.34
itm_36_009440,wraps,113.96
itm_36_009441,wraps,482.92
itm_36_009442,wraps,157.31
itm_36_009443,fits,237.59
itm_36_009444,wraps,269.96
itm_36_009445,wraps,443.78
itm_36_009446,overflows,188.84
itm_36_009447,overflows,182.6
itm_36_009448,wraps,417.59
itm_36_009449,overflows,86.22
itm_36_009450,overflows,137.17
itm_36_009451,fits,137.17
itm_36_009452,fits,63.33
itm_36_009453,fits,66.36
itm_36_009454,fits,240.02
itm_36_009455,overflows,115.73
itm_36_009456,wraps,169.59
itm_36_009457,fits,132.18
itm_36_009458,overflows,109.6
itm_36_009459,overflows,371.6
itm_36_009460,wraps,174.74
itm_36_009461,overflows,485.75
itm_36_009462,overflows,120.86
itm_36_009463,fits,85.65
itm_36_009464,fits,69.99
itm_36_009465,wraps,89.5
itm_36_009466,fits,128.74
itm_36_009467,wraps,89.98
itm_36_009468,fits,183.03
itm_36_009469,fits,57.34
itm_36_009470,wraps,211.53
itm_36_009471,fits,64.08
itm_36_009472,fits,77.33
itm_36_009473,wraps,78.88
itm_36_009474,fits,64.84
itm_36_009475,fits,68.42
itm_36_009476,overflows,403.98
itm_36_009477,fits,118.82
itm_36_009478,overflows,305.06
itm_36_009479,wraps,265.18
itm_36_009480,fits,146.45
itm_36_009481,overflows,32.05
itm_36_009482,overflows,94.13
itm_36_009483,fits,43.17
itm_36_009484,fits,32.04
itm_36_009485,fits,219.86
itm_36_009486,fits,54.85
itm_36_009487,fits,115.68
itm_36_009488,wraps,118.89
itm_36_009489,wraps,452.11
itm_36_009490,fits,63.73
itm_36_009491,fits,77.33
itm_36_009492,overflows,45.19
itm_36_009493,overflows,148.45
itm_36_009494,fits,68.42
itm_36_009495,wraps,77.79
itm_36_009496,overflows,209.07
itm_36_009497,fits,120.68
itm_36_009498,fits,97.72
itm_36_009499,fits,141.94
itm_36_009500,overflows,143.03
itm_36_009501,wraps,59.83
itm_36_009502,fits,77.3
itm_36_009503,fits,59.87
itm_36_009504,overflows,226.76
itm_36_009505,wraps,115.36
itm_36_009506,fits,167.6
itm_36_009507,fits,31.63
itm_36_009508,overflows,53.06
itm_36_009509,wraps,136.88
itm_36_009510,fits,200.76
itm_36_009511,fits,63.61
itm_36_009512,fits,119.9
itm_36_009513,fits,127.01
itm_36_009514,overflows,150.29
itm_36_009515,fits,79.72
itm_36_009516,fits,141.15
itm_36_009517,fits,47.45
itm_36_009518,overflows,145.34
itm_36_009519,fits,100.11
itm_36_009520,fits,133.39
itm_36_009521,overflows,46.3
itm_36_009522,fits,187.15
itm_36_009523,fits,106.54
itm_36_009524,fits,119.34
itm_36_009525,fits,148.81
itm_36_009526,overflows,118.89
itm_36_009527,overflows,150.04
itm_36_009528,fits,65.78
itm_36_009529,overflows,159.22
itm_36_009530,overflows,122.37
itm_36_009531,fits,186.26
itm_36_009532,fits,110.54
itm_36_009533,fits,124.94
itm_36_009534,overflows,85.07
itm_36_009535,fits,79.04
itm_36_009536,fits,99.77
itm_36_009537,fits,29.05
itm_36_009538,overflows,43.03
itm_36_009539,fits,65.11
itm_36_009540,fits,104.37
itm_36_009541,overflows,42.83
itm_36_009542,fits,164.5
itm_36_009543,fits,139.26
itm_36_009544,fits,159.42
itm_36_009545,fits,23.7
itm_36_009546,overflows,74.37
itm_36_009547,fits,106.41
itm_36_009548,fits,213.55
itm_36_009549,fits,130.28
itm_36_009550,wraps,190.11
itm_36_009551,wraps,147.46
itm_36_009552,wraps,334.05
itm_36_009553,wraps,440.1
itm_36_009554,overflows,372.16
itm_36_009555,wraps,340.62
itm_36_009556,wraps,356.15
itm_36_009557,wraps,512.59
itm_36_009558,wraps,272.1
itm_36_009559,wraps,259.99
itm_36_009560,overflows,488.02
itm_36_009561,wraps,159.75
itm_36_009562,wraps,470.41
itm_36_009563,fits,161.86
itm_36_009564,fits,130.44
itm_36_009565,fits,178.38
itm_36_009566,wraps,93.15
itm_36_009567,fits,56.64
itm_36_009568,overflows,134.85
itm_36_009569,wraps,72.89
itm_36_009570,wraps,275.6
itm_36_009571,overflows,89.21
itm_36_009572,wraps,177.5
itm_36_009573,wraps,249.81
itm_36_009574,fits,75.69
itm_36_009575,wraps,228.4
itm_36_009576,fits,63.33
itm_36_009577,wraps,194.12
itm_36_009578,overflows,60.7
itm_36_009579,overflows,140.65
itm_36_009580,wraps,156.83
itm_36_009581,wraps,482.79
itm_36_009582,fits,66.59
itm_36_009583,fits,73.21
itm_36_009584,overflows,60.7
itm_36_009585,fits,196.36
itm_36_009586,fits,45.23
itm_36_009587,fits,70.66
itm_36_009588,fits,54.77
itm_36_009589,fits,121.86
itm_36_009590,fits,54.97
itm_36_009591,fits,128.05
itm_36_009592,fits,151.61
itm_36_009593,fits,125.67
itm_36_009594,fits,151.07
itm_36_009595,overflows,147.65
itm_36_009596,fits,110.2
itm_36_009597,overflows,34.08
itm_36_009598,fits,93.53
itm_36_009599,fits,206.98
itm_36_009600,fits,96.5
itm_36_009601,fits,45.23
itm_36_009602,wraps,131.71
itm_36_009603,fits,77.23
itm_36_009604,fits,102.13
itm_36_009605,overflows,136.79
itm_36_009606,fits,232.05
itm_36_009607,wraps,136.22
itm_36_009608,overflows,77.07
itm_36_009609,overflows,205.78
itm_36_009610,overflows,42.83
itm_36_009611,fits,42.83
itm_36_009612,wraps,125.67
itm_36_009613,fits,36.13
itm_36_009614,fits,149.87
itm_36_009615,overflows,423.53
itm_36_009616,fits,39.88
itm_36_009617,fits,59.96
itm_36_009618,fits,134.59
itm_36_009619,fits,22.48
itm_37_009620,wraps,166.61
itm_37_009621,overflows,271.69
itm_37_009622,overflows,548.84
itm_37_009623,wraps,499.58
itm_37_009624,overflows,167.92
itm_37_009625,overflows,69.01
itm_37_009626,overflows,112.46
itm_37_009627,overflows,242.39
itm_37_009628,fits,375.88
itm_37_009629,overflows,98.53
itm_37_009630,fits,117.14
itm_37_009631,overflows,82.97
itm_37_009632,overflows,175.95
itm_37_009633,fits,288.11
itm_37_009634,wraps,644.8
itm_37_009635,overflows,73.69
itm_37_009636,overflows,80.69
itm_37_009637,wraps,445.72
itm_37_009638,overflows,451.42
itm_37_009639,overflows,172.5
itm_37_009640,overflows,212.69
itm_37_009641,wraps,177.08
itm_37_009642,fits,66.19
itm_37_009643,fits,116.31
itm_37_009644,overflows,166.78
itm_37_009645,overflows,129.74
itm_37_009646,wraps,160.65
itm_37_009647,overflows,360.0
itm_37_009648,wraps,134.81
itm_37_009649,overflows,124.89
itm_37_009650,fits,42.33
itm_37_009651,fits,119.81
itm_37_009652,overflows,218.07
itm_37_009653,overflows,166.45
itm_37_009654,overflows,57.99
itm_37_009655,overflows,107.35
itm_37_009656,overflows,74.7
itm_37_009657,wraps,214.16
itm_37_009658,wraps,79.46
itm_37_009659,fits,276.71
itm_37_009660,overflows,662.47
itm_37_009661,overflows,235.05
itm_37_009662,wraps,185.34
itm_37_009663,overflows,88.14
itm_37_009664,fits,145.45
itm_37_009665,overflows,77.74
itm_37_009666,fits,82.22
itm_37_009667,fits,66.24
itm_37_009668,overflows,69.46
itm_37_009669,fits,64.81
itm_37_009670,wraps,87.83
itm_37_009671,wraps,167.32
itm_37_009672,overflows,85.7
itm_37_009673,overflows,121.32
itm_37_009674,overflows,89.69
itm_37_009675,overflows,91.06
itm_37_009676,fits,88.43
itm_37_009677,overflows,416.21
itm_37_009678,overflows,282.03
itm_37_009679,fits,88.43
itm_37_009680,overflows,124.01
itm_37_009681,fits,84.02
itm_37_009682,overflows,156.32
itm_37_009683,fits,84.02
itm_37_009684,fits,77.64
itm_37_009685,fits,200.36
itm_37_009686,wraps,221.87
itm_37_009687,wraps,241.48
itm_37_009688,fits,213.25
itm_37_009689,overflows,60.01
itm_37_009690,overflows,69.56
itm_37_009691,overflows,54.92
itm_37_009692,wraps,233.19
itm_37_009693,overflows,208.66
itm_37_009694,overflows,88.61
itm_37_009695,overflows,85.44
itm_37_009696,overflows,164.49
itm_37_009697,overflows,221.89
itm_37_009698,wraps,300.95
itm_37_009699,wraps,335.86
itm_37_009700,wraps,154.06
itm_37_009701,fits,273.39
itm_37_009702,wraps,264.89
itm_37_009703,fits,232.66
itm_37_009704,fits,232.66
itm_37_009705,overflows,101.84
itm_37_009706,overflows,463.08
itm_37_009707,wraps,185.7
itm_37_009708,wraps,499.46
itm_37_009709,overflows,369.26
itm_37_009710,fits,125.8
itm_37_009711,fits,212.05
itm_37_009712,overflows,201.09
itm_37_009713,fits,134.87
itm_37_009714,wraps,113.14
itm_37_009715,fits,251.83
itm_37_009716,fits,87.98
itm_37_009717,overflows,118.41
itm_37_009718,overflows,118.41
itm_37_009719,overflows,345.56
itm_37_009720,wraps,175.58
itm_37_009721,overflows,145.78
itm_37_009722,overflows,380.69
itm_37_009723,overflows,226.9
itm_37_009724,overflows,91.34
itm_37_009725,overflows,459.49
itm_37_009726,wraps,365.25
itm_37_009727,overflows,199.46
itm_37_009728,wraps,172.81
itm_37_009729,overflows,74.64
itm_37_009730,overflows,273.66
itm_37_009731,overflows,104.53
itm_37_009732,wraps,205.17
itm_37_009733,wraps,133.61
itm_37_009734,fits,193.7
itm_37_009735,overflows,288.02
itm_37_009736,wraps,311.01
itm_37_009737,wraps,171.98
itm_37_009738,fits,64.88
itm_37_009739,overflows,77.24
itm_37_009740,fits,88.4
itm_37_009741,overflows,132.78
itm_37_009742,wraps,174.39
itm_37_009743,wraps,118.41
itm_37_009744,overflows,90.03
itm_37_009745,overflows,176.4
itm_37_009746,overflows,187.07
itm_37_009747,wraps,472.3
itm_37_009748,wraps,71.81
itm_37_009749,fits,188.75
itm_37_009750,overflows,109.37
itm_37_009751,overflows,145.85
itm_37_009752,overflows,180.96
itm_37_009753,overflows,66.19
itm_37_009754,overflows,96.37
itm_37_009755,wraps,105.63
itm_37_009756,wraps,93.67
itm_37_009757,wraps,105.27
itm_37_009758,fits,59.85
itm_37_009759,fits,60.31
itm_37_009760,overflows,44.73
itm_37_009761,overflows,128.5
itm_37_009762,overflows,149.13
itm_37_009763,fits,99.75
itm_37_009764,fits,115.11
itm_37_009765,overflows,145.07
itm_37_009766,fits,88.33
itm_37_009767,fits,97.23
itm_37_009768,overflows,157.86
itm_37_009769,overflows,161.34
itm_37_009770,wraps,333.98
itm_37_009771,fits,258.72
itm_37_009772,overflows,124.43
itm_37_009773,fits,129.32
itm_37_009774,fits,116.28
itm_37_009775,wraps,319.83
itm_37_009776,overflows,154.92
itm_37_009777,fits,171.45
itm_37_009778,overflows,238.38
itm_37_009779,fits,218.53
itm_37_009780,fits,232.02
itm_37_009781,fits,196.45
itm_37_009782,fits,165.1
itm_37_009783,overflows,304.43
itm_37_009784,overflows,207.05
itm_37_009785,wraps,147.1
itm_37_009786,wraps,185.01
itm_37_009787,fits,74.41
itm_37_009788,fits,73.6
itm_37_009789,wraps,179.86
itm_37_009790,overflows,142.53
itm_37_009791,fits,113.19
itm_37_009792,fits,32.18
itm_37_009793,fits,161.51
itm_37_009794,overflows,154.32
itm_37_009795,fits,47.27
itm_37_009796,fits,120.01
itm_37_009797,overflows,56.09
itm_37_009798,overflows,84.63
itm_37_009799,wraps,485.64
itm_37_009800,overflows,65.82
itm_37_009801,wraps,187.12
itm_37_009802,overflows,84.02
itm_37_009803,fits,178.19
itm_37_009804,overflows,111.06
itm_37_009805,fits,106.46
itm_37_009806,fits,149.94
itm_37_009807,wraps,237.11
itm_37_009808,wraps,345.39
itm_37_009809,fits,163.99
itm_37_009810,wraps,214.42
itm_37_009811,overflows,225.03
itm_37_009812,wraps,185.29
itm_37_009813,overflows,317.34
itm_37_009814,fits,177.62
itm_37_009815,overflows,224.63
itm_37_009816,wraps,275.87
itm_37_009817,overflows,296.11
itm_37_009818,wraps,468.03
itm_37_009819,overflows,69.01
itm_37_009820,wraps,275.3
itm_37_009821,fits,201.09
itm_37_009822,fits,200.74
itm_37_009823,fits,61.88
itm_37_009824,overflows,165.59
itm_37_009825,fits,83.96
itm_37_009826,fits,66.14
itm_37_009827,overflows,140.46
itm_37_009828,overflows,124.24
itm_37_009829,overflows,101.13
itm_37_009830,overflows,258.85
itm_37_009831,wraps,337.1
itm_37_009832,wraps,153.11
itm_37_009833,wraps,76.81
itm_37_009834,overflows,106.13
itm_37_009835,overflows,280.85
itm_37_009836,wraps,232.22
itm_37_009837,overflows,165.34
itm_37_009838,fits,88.43
itm_37_009839,overflows,59.04
itm_37_009840,overflows,144.52
itm_37_009841,fits,187.58
itm_37_009842,fits,112.65
itm_37_009843,overflows,74.39
itm_37_009844,overflows,162.35
itm_37_009845,fits,88.14
itm_37_009846,overflows,180.06
itm_37_009847,fits,65.58
itm_37_009848,fits,166.87
itm_37_009849,overflows,195.27
itm_37_009850,overflows,169.03
itm_37_009851,overflows,77.49
itm_37_009852,overflows,185.81
itm_37_009853,fits,104.86
itm_37_009854,fits,77.31
itm_37_009855,overflows,53.8
itm_37_009856,overflows,209.48
itm_37_009857,overflows,103.08
itm_37_009858,overflows,44.81
itm_37_009859,overflows,214.83
itm_37_009860,fits,138.57
itm_37_009861,fits,74.28
itm_37_009862,overflows,266.74
itm_37_009863,fits,53.8
itm_37_009864,overflows,88.4
itm_37_009865,overflows,329.88
itm_37_009866,overflows,277.91
itm_37_009867,overflows,201.9
itm_37_009868,overflows,60.31
itm_37_009869,overflows,135.11
itm_37_009870,overflows,145.52
itm_37_009871,fits,95.33
itm_37_009872,fits,89.18
itm_37_009873,overflows,172.3
itm_37_009874,fits,23.1
itm_37_009875,fits,30.07
itm_37_009876,fits,92.79
itm_37_009877,fits,68.02
itm_37_009878,fits,173.19
itm_37_009879,fits,159.08
itm_38_009880,fits,45.43
itm_38_009881,overflows,250.71
itm_38_009882,fits,87.19
itm_38_009883,wraps,683.97
itm_38_009884,fits,71.85
itm_38_009885,overflows,106.34
itm_38_009886,fits,85.63
itm_38_009887,wraps,175.51
itm_38_009888,overflows,134.63
itm_38_009889,wraps,111.37
itm_38_009890,fits,68.62
itm_38_009891,overflows,246.24
itm_38_009892,overflows,254.23
itm_38_009893,wraps,275.93
itm_38_009894,fits,40.27
itm_38_009895,fits,183.3
itm_38_009896,fits,69.11
itm_38_009897,wraps,177.84
itm_38_009898,wraps,524.32
itm_38_009899,overflows,220.05
itm_38_009900,overflows,73.65
itm_38_009901,overflows,186.33
itm_38_009902,overflows,531.48
itm_38_009903,overflows,89.17
itm_38_009904,overflows,228.94
itm_38_009905,overflows,226.75
itm_38_009906,overflows,166.87
itm_38_009907,fits,45.78
itm_38_009908,wraps,208.36
itm_38_009909,fits,95.74
itm_38_009910,fits,169.89
itm_38_009911,fits,83.85
itm_38_009912,fits,45.78
itm_38_009913,fits,160.08
itm_38_009914,wraps,182.72
itm_38_009915,wraps,81.32
itm_38_009916,overflows,78.61
itm_38_009917,overflows,174.96
itm_38_009918,fits,61.76
itm_38_009919,overflows,103.07
itm_38_009920,wraps,90.32
itm_38_009921,overflows,678.43
itm_38_009922,wraps,428.59
itm_38_009923,overflows,245.05
itm_38_009924,overflows,467.2
itm_38_009925,wraps,176.47
itm_38_009926,fits,108.92
itm_38_009927,wraps,74.22
itm_38_009928,fits,68.61
itm_38_009929,fits,56.01
itm_38_009930,fits,48.61
itm_38_009931,fits,61.89
itm_38_009932,overflows,70.29
itm_38_009933,overflows,107.51
itm_38_009934,overflows,80.06
itm_38_009935,fits,137.23
itm_38_009936,wraps,354.29
itm_38_009937,overflows,658.91
itm_38_009938,fits,99.82
itm_38_009939,fits,55.79
itm_38_009940,wraps,315.47
itm_38_009941,fits,95.22
itm_38_009942,overflows,119.3
itm_38_009943,fits,119.3
itm_38_009944,fits,67.99
itm_38_009945,fits,57.0
itm_38_009946,overflows,83.21
itm_38_009947,fits,137.84
itm_38_009948,overflows,70.47
itm_38_009949,overflows,174.67
itm_38_009950,fits,75.66
itm_38_009951,overflows,48.21
itm_38_009952,fits,91.93
itm_38_009953,overflows,78.61
itm_38_009954,wraps,323.21
itm_38_009955,wraps,260.91
itm_38_009956,overflows,256.55
itm_38_009957,overflows,97.57
itm_38_009958,fits,49.75
itm_38_009959,fits,95.22
itm_38_009960,wraps,65.69
itm_38_009961,overflows,102.41
itm_38_009962,overflows,112.09
itm_38_009963,wraps,149.28
itm_38_009964,overflows,470.74
itm_38_009965,wraps,235.86
itm_38_009966,overflows,213.83
itm_38_009967,wraps,616.04
itm_38_009968,wraps,233.38
itm_38_009969,overflows,205.07
itm_38_009970,fits,220.03
itm_38_009971,overflows,192.75
itm_38_009972,overflows,65.8
itm_38_009973,overflows,172.25
itm_38_009974,overflows,146.39
itm_38_009975,wraps,109.37
itm_38_009976,fits,66.66
itm_38_009977,wraps,101.95
itm_38_009978,fits,159.78
itm_38_009979,overflows,536.87
itm_38_009980,fits,82.01
itm_38_009981,overflows,423.65
itm_38_009982,overflows,156.21
itm_38_009983,wraps,89.29
itm_38_009984,wraps,206.75
itm_38_009985,fits,156.53
itm_38_009986,wraps,86.61
itm_38_009987,fits,108.92
itm_38_009988,wraps,245.45
itm_38_009989,wraps,103.06
itm_38_009990,fits,135.66
itm_38_009991,wraps,256.18
itm_38_009992,fits,84.22
itm_38_009993,fits,186.67
itm_38_009994,wraps,104.31
itm_38_009995,overflows,310.22
itm_38_009996,wraps,148.09
itm_38_009997,overflows,481.11
itm_38_009998,overflows,82.8
itm_38_009999,wraps,357.19
itm_38_010000,overflows,312.01
itm_38_010001,wraps,83.76
itm_38_010002,overflows,31.91
itm_38_010003,overflows,353.44
itm_38_010004,overflows,415.01
itm_38_010005,overflows,92.14
itm_38_010006,fits,238.32
itm_38_010007,wraps,180.57
itm_38_010008,overflows,74.12
itm_38_010009,fits,60.34
itm_38_010010,fits,61.58
itm_38_010011,overflows,57.62
itm_38_010012,fits,95.31
itm_38_010013,fits,60.58
itm_38_010014,overflows,473.5
itm_38_010015,overflows,160.98
itm_38_010016,overflows,192.12
itm_38_010017,fits,103.07
itm_38_010018,fits,139.19
itm_38_010019,fits,60.71
itm_38_010020,wraps,102.26
itm_38_010021,overflows,94.28
itm_38_010022,fits,60.34
itm_38_010023,overflows,57.52
itm_38_010024,wraps,383.75
itm_38_010025,fits,66.07
itm_38_010026,overflows,248.32
itm_38_010027,fits,66.86
itm_38_010028,fits,140.76
itm_38_010029,fits,143.13
itm_38_010030,fits,192.88
itm_38_010031,fits,97.77
itm_38_010032,wraps,205.5
itm_38_010033,overflows,177.59
itm_38_010034,fits,95.77
itm_38_010035,overflows,203.67
itm_38_010036,fits,197.69
itm_38_010037,wraps,160.06
itm_38_010038,overflows,154.05
itm_38_010039,fits,203.81
itm_38_010040,overflows,228.09
itm_38_010041,fits,243.72
itm_38_010042,overflows,194.26
itm_38_010043,fits,117.91
itm_38_010044,fits,65.02
itm_38_010045,fits,97.73
itm_38_010046,fits,135.67
itm_38_010047,fits,216.95
itm_38_010048,overflows,108.01
itm_38_010049,fits,109.01
itm_38_010050,overflows,61.83
itm_38_010051,fits,212.48
itm_38_010052,overflows,186.22
itm_38_010053,overflows,178.51
itm_38_010054,fits,78.3
itm_38_010055,overflows,70.36
itm_38_010056,fits,85.56
itm_38_010057,fits,216.07
itm_38_010058,fits,97.32
itm_38_010059,overflows,49.96
itm_38_010060,fits,44.92
itm_38_010061,fits,165.33
itm_38_010062,overflows,147.2
itm_38_010063,overflows,163.16
itm_38_010064,fits,220.45
itm_38_010065,fits,115.09
itm_38_010066,fits,161.89
itm_38_010067,fits,88.03
itm_38_010068,overflows,294.07
itm_38_010069,wraps,200.36
itm_38_010070,overflows,131.19
itm_38_010071,wraps,239.36
itm_38_010072,overflows,384.39
itm_38_010073,wraps,415.88
itm_38_010074,fits,36.94
itm_38_010075,wraps,423.03
itm_38_010076,overflows,370.71
itm_38_010077,wraps,469.63
itm_38_010078,wraps,375.9
itm_38_010079,overflows,365.17
itm_38_010080,wraps,411.12
itm_38_010081,wraps,578.27
itm_38_010082,wraps,362.22
itm_38_010083,overflows,320.64
itm_38_010084,overflows,472.16
itm_38_010085,overflows,446.31
itm_38_010086,overflows,243.54
itm_38_010087,overflows,195.28
itm_38_010088,fits,63.32
itm_38_010089,overflows,264.76
itm_38_010090,wraps,96.66
itm_38_010091,wraps,232.84
itm_38_010092,wraps,610.85
itm_38_010093,fits,84.22
itm_38_010094,wraps,93.73
itm_38_010095,fits,144.08
itm_38_010096,wraps,233.21
itm_38_010097,overflows,214.44
itm_38_010098,fits,63.57
itm_38_010099,overflows,95.22
itm_38_010100,wraps,236.95
itm_38_010101,fits,204.16
itm_38_010102,fits,82.01
itm_38_010103,fits,88.87
itm_38_010104,fits,66.67
itm_38_010105,fits,51.52
itm_38_010106,fits,156.76
itm_38_010107,fits,109.33
itm_38_010108,overflows,62.64
itm_38_010109,fits,125.34
itm_38_010110,fits,87.57
itm_38_010111,overflows,63.22
itm_38_010112,overflows,152.86
itm_38_010113,overflows,166.26
itm_38_010114,fits,57.52
itm_38_010115,overflows,218.18
itm_38_010116,fits,40.33
itm_38_010117,fits,198.49
itm_38_010118,overflows,153.65
itm_38_010119,fits,82.48
itm_38_010120,overflows,240.39
itm_38_010121,fits,173.13
itm_38_010122,overflows,151.02
itm_38_010123,overflows,212.72
itm_38_010124,fits,57.52
itm_38_010125,fits,193.08
itm_38_010126,fits,55.23
itm_38_010127,fits,57.52
itm_38_010128,fits,27.49
itm_38_010129,fits,57.52
itm_38_010130,wraps,119.36
itm_38_010131,overflows,68.39
itm_38_010132,overflows,146.3
itm_38_010133,overflows,62.63
itm_38_010134,fits,99.98
itm_38_010135,overflows,57.0
itm_38_010136,fits,59.44
itm_38_010137,overflows,48.21
itm_38_010138,overflows,86.43
itm_38_010139,overflows,57.16
itm_39_010140,overflows,212.49
itm_39_010141,overflows,196.64
itm_39_010142,fits,70.63
itm_39_010143,overflows,258.85
itm_39_010144,overflows,232.36
itm_39_010145,overflows,146.79
itm_39_010146,fits,220.33
itm_39_010147,overflows,109.38
itm_39_010148,fits,99.51
itm_39_010149,fits,161.51
itm_39_010150,overflows,270.5
itm_39_010151,fits,86.0
itm_39_010152,wraps,107.52
itm_39_010153,overflows,329.46
itm_39_010154,overflows,97.89
itm_39_010155,overflows,123.55
itm_39_010156,overflows,223.2
itm_39_010157,wraps,144.77
itm_39_010158,wraps,268.78
itm_39_010159,overflows,180.69
itm_39_010160,overflows,82.34
itm_39_010161,fits,187.12
itm_39_010162,overflows,93.61
itm_39_010163,overflows,83.94
itm_39_010164,overflows,109.15
itm_39_010165,overflows,139.02
itm_39_010166,overflows,107.2
itm_39_010167,fits,191.24
itm_39_010168,overflows,110.26
itm_39_010169,overflows,221.32
itm_39_010170,wraps,160.75
itm_39_010171,overflows,93.15
itm_39_010172,wraps,80.49
itm_39_010173,wraps,138.32
itm_39_010174,fits,204.83
itm_39_010175,overflows,169.14
itm_39_010176,fits,152.95
itm_39_010177,fits,106.96
itm_39_010178,fits,165.54
itm_39_010179,fits,52.92
itm_39_010180,wraps,297.08
itm_39_010181,overflows,148.72
itm_39_010182,fits,304.15
itm_39_010183,overflows,180.14
itm_39_010184,overflows,234.48
itm_39_010185,overflows,109.38
itm_39_010186,wraps,73.71
itm_39_010187,wraps,61.12
itm_39_010188,wraps,79.24
itm_39_010189,overflows,86.79
itm_39_010190,fits,64.88
itm_39_010191,fits,63.66
itm_39_010192,overflows,106.28
itm_39_010193,overflows,57.12
itm_39_010194,wraps,331.64
itm_39_010195,overflows,97.88
itm_39_010196,overflows,368.19
itm_39_010197,fits,80.6
itm_39_010198,overflows,93.63
itm_39_010199,overflows,270.19
itm_39_010200,overflows,100.79
itm_39_010201,overflows,100.79
itm_39_010202,overflows,194.38
itm_39_010203,wraps,133.46
itm_39_010204,fits,328.29
itm_39_010205,fits,57.38
itm_39_010206,fits,73.39
itm_39_010207,wraps,171.32
itm_39_010208,wraps,207.09
itm_39_010209,overflows,67.36
itm_39_010210,fits,63.09
itm_39_010211,fits,86.3
itm_39_010212,fits,83.7
itm_39_010213,wraps,112.11
itm_39_010214,fits,176.74
itm_39_010215,fits,130.97
itm_39_010216,wraps,223.77
itm_39_010217,fits,57.43
itm_39_010218,fits,151.95
itm_39_010219,fits,72.17
itm_39_010220,fits,77.73
itm_39_010221,fits,43.54
itm_39_010222,overflows,72.02
itm_39_010223,wraps,64.34
itm_39_010224,overflows,135.65
itm_39_010225,wraps,80.41
itm_39_010226,overflows,95.52
itm_39_010227,wraps,142.5
itm_39_010228,overflows,80.04
itm_39_010229,wraps,243.22
itm_39_010230,wraps,175.09
itm_39_010231,wraps,469.58
itm_39_010232,wraps,225.22
itm_39_010233,wraps,319.88
itm_39_010234,wraps,309.15
itm_39_010235,overflows,594.23
itm_39_010236,wraps,193.28
itm_39_010237,overflows,81.85
itm_39_010238,overflows,74.62
itm_39_010239,overflows,67.78
itm_39_010240,fits,64.84
itm_39_010241,overflows,174.09
itm_39_010242,overflows,222.54
itm_39_010243,fits,238.26
itm_39_010244,fits,91.69
itm_39_010245,overflows,144.17
itm_39_010246,fits,102.29
itm_39_010247,overflows,333.14
itm_39_010248,overflows,86.03
itm_39_010249,overflows,143.04
itm_39_010250,wraps,230.09
itm_39_010251,fits,77.8
itm_39_010252,wraps,83.17
itm_39_010253,overflows,101.24
itm_39_010254,fits,82.45
itm_39_010255,overflows,278.48
itm_39_010256,fits,53.9
itm_39_010257,overflows,683.79
itm_39_010258,wraps,551.01
itm_39_010259,overflows,126.15
itm_39_010260,wraps,486.8
itm_39_010261,fits,150.43
itm_39_010262,overflows,165.7
itm_39_010263,overflows,202.64
itm_39_010264,fits,91.69
itm_39_010265,wraps,384.38
itm_39_010266,wraps,222.43
itm_39_010267,fits,248.03
itm_39_010268,overflows,309.08
itm_39_010269,overflows,63.45
itm_39_010270,fits,63.01
itm_39_010271,fits,88.61
itm_39_010272,wraps,74.66
itm_39_010273,fits,102.29
itm_39_010274,wraps,386.22
itm_39_010275,overflows,629.45
itm_39_010276,wraps,91.28
itm_39_010277,overflows,52.33
itm_39_010278,overflows,146.69
itm_39_010279,overflows,198.16
itm_39_010280,fits,52.33
itm_39_010281,overflows,88.45
itm_39_010282,overflows,61.85
itm_39_010283,fits,44.28
itm_39_010284,fits,174.29
itm_39_010285,overflows,49.98
itm_39_010286,fits,110.22
itm_39_010287,overflows,172.35
itm_39_010288,fits,63.94
itm_39_010289,fits,63.94
itm_39_010290,overflows,189.97
itm_39_010291,fits,154.44
itm_39_010292,fits,130.41
itm_39_010293,overflows,186.67
itm_39_010294,overflows,70.25
itm_39_010295,fits,227.04
itm_39_010296,overflows,184.21
itm_39_010297,overflows,89.75
itm_39_010298,fits,206.44
itm_39_010299,overflows,74.96
itm_39_010300,overflows,81.99
itm_39_010301,overflows,58.65
itm_39_010302,overflows,104.84
itm_39_010303,fits,147.34
itm_39_010304,overflows,269.69
itm_39_010305,fits,177.53
itm_39_010306,overflows,110.41
itm_39_010307,overflows,77.58
itm_39_010308,fits,158.56
itm_39_010309,overflows,148.27
itm_39_010310,fits,171.45
itm_39_010311,fits,138.52
itm_39_010312,overflows,93.61
itm_39_010313,fits,126.65
itm_39_010314,fits,52.41
itm_39_010315,fits,91.77
itm_39_010316,fits,129.85
itm_39_010317,fits,76.2
itm_39_010318,fits,157.35
itm_39_010319,fits,86.82
itm_39_010320,overflows,148.32
itm_39_010321,fits,75.04
itm_39_010322,overflows,46.97
itm_39_010323,fits,49.82
itm_39_010324,overflows,54.83
itm_39_010325,fits,65.67
itm_39_010326,overflows,202.7
itm_39_010327,overflows,188.31
itm_39_010328,overflows,36.08
itm_39_010329,fits,139.92
itm_39_010330,overflows,162.1
itm_39_010331,fits,193.43
itm_39_010332,fits,148.59
itm_39_010333,fits,133.54
itm_39_010334,fits,154.73
itm_39_010335,wraps,340.23
itm_39_010336,wraps,195.42
itm_39_010337,wraps,324.06
itm_39_010338,wraps,502.95
itm_39_010339,wraps,327.55
itm_39_010340,wraps,576.23
itm_39_010341,wraps,232.73
itm_39_010342,wraps,343.59
itm_39_010343,wraps,377.8
itm_39_010344,wraps,587.05
itm_39_010345,wraps,543.1
itm_39_010346,overflows,416.33
itm_39_010347,wraps,394.49
itm_39_010348,wraps,370.35
itm_39_010349,wraps,552.5
itm_39_010350,fits,149.78
itm_39_010351,wraps,510.34
itm_39_010352,wraps,479.17
itm_39_010353,fits,295.94
itm_39_010354,wraps,83.09
itm_39_010355,wraps,92.18
itm_39_010356,overflows,51.27
itm_39_010357,wraps,140.94
itm_39_010358,overflows,203.53
itm_39_010359,fits,80.37
itm_39_010360,fits,91.69
itm_39_010361,overflows,646.83
itm_39_010362,fits,65.95
itm_39_010363,overflows,49.09
itm_39_010364,fits,59.37
itm_39_010365,fits,64.91
itm_39_010366,wraps,140.19
itm_39_010367,fits,269.91
itm_39_010368,fits,80.16
itm_39_010369,fits,80.16
itm_39_010370,overflows,250.99
itm_39_010371,fits,146.26
itm_39_010372,fits,150.08
itm_39_010373,fits,139.25
itm_39_010374,overflows,45.91
itm_39_010375,fits,100.82
itm_39_010376,overflows,112.99
itm_39_010377,fits,89.06
itm_39_010378,fits,103.41
itm_39_010379,fits,174.45
itm_39_010380,overflows,72.27
itm_39_010381,fits,158.1
itm_39_010382,fits,50.84
itm_39_010383,fits,51.06
itm_39_010384,fits,50.84
itm_39_010385,overflows,81.8
itm_39_010386,overflows,339.81
itm_39_010387,fits,45.9
itm_39_010388,wraps,109.02
itm_39_010389,wraps,69.86
itm_39_010390,overflows,103.72
itm_39_010391,fits,55.05
itm_39_010392,overflows,120.16
itm_39_010393,fits,148.36
itm_39_010394,fits,58.69
itm_39_010395,fits,20.88
itm_39_010396,fits,57.72
itm_39_010397,overflows,103.19
itm_39_010398,fits,53.46
itm_39_010399,overflows,49.07
itm_40_010400,wraps,516.55
itm_40_010401,wraps,505.45
itm_40_010402,overflows,103.0
itm_40_010403,fits,63.61
itm_40_010404,fits,63.61
itm_40_010405,fits,126.42
itm_40_010406,fits,64.87
itm_40_010407,fits,80.53
itm_40_010408,fits,312.48
itm_40_010409,wraps,106.78
itm_40_010410,fits,77.51
itm_40_010411,fits,64.13
itm_40_010412,overflows,67.35
itm_40_010413,wraps,433.31
itm_40_010414,wraps,87.09
itm_40_010415,wraps,221.05
itm_40_010416,fits,184.85
itm_40_010417,fits,191.26
itm_40_010418,fits,52.74
itm_40_010419,fits,55.57
itm_40_010420,fits,67.14
itm_40_010421,overflows,244.3
itm_40_010422,overflows,79.15
itm_40_010423,overflows,204.18
itm_40_010424,overflows,63.61
itm_40_010425,overflows,361.62
itm_40_010426,overflows,96.21
itm_40_010427,overflows,285.2
itm_40_010428,overflows,113.22
itm_40_010429,wraps,109.21
itm_40_010430,wraps,189.93
itm_40_010431,wraps,143.92
itm_40_010432,fits,111.67
itm_40_010433,overflows,111.66
itm_40_010434,fits,53.41
itm_40_010435,wraps,118.62
itm_40_010436,fits,69.16
itm_40_010437,overflows,110.94
itm_40_010438,fits,159.62
itm_40_010439,wraps,304.33
itm_40_010440,fits,150.41
itm_40_010441,wraps,142.72
itm_40_010442,wraps,402.68
itm_40_010443,wraps,399.28
itm_40_010444,wraps,426.65
itm_40_010445,wraps,179.06
itm_40_010446,wraps,344.03
itm_40_010447,overflows,548.37
itm_40_010448,overflows,203.84
itm_40_010449,fits,117.68
itm_40_010450,wraps,64.38
itm_40_010451,overflows,72.0
itm_40_010452,fits,100.6
itm_40_010453,fits,105.07
itm_40_010454,overflows,72.08
itm_40_010455,fits,77.08
itm_40_010456,fits,56.01
itm_40_010457,overflows,138.46
itm_40_010458,wraps,327.59
itm_40_010459,overflows,606.2
itm_40_010460,fits,249.79
itm_40_010461,overflows,111.88
itm_40_010462,overflows,63.61
itm_40_010463,overflows,118.72
itm_40_010464,fits,69.45
itm_40_010465,fits,154.7
itm_40_010466,fits,188.68
itm_40_010467,overflows,228.15
itm_40_010468,fits,136.29
itm_40_010469,fits,86.4
itm_40_010470,wraps,307.52
itm_40_010471,overflows,168.79
itm_40_010472,wraps,203.48
itm_40_010473,overflows,187.0
itm_40_010474,fits,75.99
itm_40_010475,overflows,86.03
itm_40_010476,overflows,55.06
itm_40_010477,wraps,238.42
itm_40_010478,overflows,230.18
itm_40_010479,overflows,129.64
itm_40_010480,wraps,242.74
itm_40_010481,wraps,179.41
itm_40_010482,fits,273.34
itm_40_010483,wraps,291.41
itm_40_010484,wraps,247.69
itm_40_010485,overflows,236.03
itm_40_010486,wraps,194.67
itm_40_010487,fits,69.83
itm_40_010488,overflows,221.64
itm_40_010489,fits,70.34
itm_40_010490,fits,66.37
itm_40_010491,wraps,207.31
itm_40_010492,fits,100.39
itm_40_010493,overflows,181.16
itm_40_010494,wraps,95.36
itm_40_010495,wraps,228.42
itm_40_010496,fits,192.82
itm_40_010497,overflows,178.38
itm_40_010498,overflows,174.39
itm_40_010499,fits,111.67
itm_40_010500,overflows,375.88
itm_40_010501,overflows,95.98
itm_40_010502,wraps,152.55
itm_40_010503,overflows,150.23
itm_40_010504,overflows,159.54
itm_40_010505,overflows,178.26
itm_40_010506,wraps,154.49
itm_40_010507,wraps,218.06
itm_40_010508,fits,63.15
itm_40_010509,fits,128.63
itm_40_010510,fits,168.14
itm_40_010511,fits,19.27
itm_40_010512,overflows,104.44
itm_40_010513,overflows,104.44
itm_40_010514,fits,111.67
itm_40_010515,overflows,149.07
itm_40_010516,wraps,162.21
itm_40_010517,fits,232.82
itm_40_010518,wraps,562.37
itm_40_010519,overflows,363.9
itm_40_010520,overflows,294.76
itm_40_010521,wraps,146.22
itm_40_010522,overflows,151.29
itm_40_010523,overflows,350.03
itm_40_010524,overflows,96.53
itm_40_010525,overflows,216.08
itm_40_010526,overflows,66.7
itm_40_010527,overflows,73.42
itm_40_010528,fits,57.61
itm_40_010529,wraps,500.25
itm_40_010530,wraps,152.75
itm_40_010531,fits,63.65
itm_40_010532,fits,63.65
itm_40_010533,wraps,138.53
itm_40_010534,wraps,107.42
itm_40_010535,wraps,173.34
itm_40_010536,overflows,234.79
itm_40_010537,overflows,149.12
itm_40_010538,fits,52.47
itm_40_010539,overflows,59.56
itm_40_010540,fits,51.12
itm_40_010541,fits,116.17
itm_40_010542,overflows,149.91
itm_40_010543,fits,63.65
itm_40_010544,overflows,261.99
itm_40_010545,overflows,141.58
itm_40_010546,fits,180.38
itm_40_010547,fits,103.45
itm_40_010548,wraps,185.18
itm_40_010549,fits,85.64
itm_40_010550,overflows,164.04
itm_40_010551,overflows,163.67
itm_40_010552,overflows,194.33
itm_40_010553,overflows,224.49
itm_40_010554,wraps,153.98
itm_40_010555,overflows,150.25
itm_40_010556,overflows,74.61
itm_40_010557,overflows,158.59
itm_40_010558,overflows,180.52
itm_40_010559,fits,165.78
itm_40_010560,overflows,224.08
itm_40_010561,fits,121.43
itm_40_010562,overflows,47.01
itm_40_010563,fits,132.46
itm_40_010564,fits,114.88
itm_40_010565,fits,44.09
itm_40_010566,overflows,152.25
itm_40_010567,wraps,150.63
itm_40_010568,fits,128.92
itm_40_010569,overflows,90.55
itm_40_010570,fits,129.1
itm_40_010571,wraps,258.49
itm_40_010572,overflows,365.99
itm_40_010573,overflows,98.87
itm_40_010574,fits,72.92
itm_40_010575,overflows,53.82
itm_40_010576,fits,44.09
itm_40_010577,fits,17.68
itm_40_010578,fits,71.4
itm_40_010579,wraps,168.87
itm_40_010580,overflows,134.2
itm_40_010581,fits,169.79
itm_40_010582,overflows,53.65
itm_40_010583,overflows,172.76
itm_40_010584,fits,145.29
itm_40_010585,fits,227.48
itm_40_010586,wraps,378.61
itm_40_010587,fits,158.62
itm_40_010588,wraps,337.99
itm_40_010589,fits,64.69
itm_40_010590,wraps,267.4
itm_40_010591,wraps,204.96
itm_40_010592,wraps,413.51
itm_40_010593,wraps,249.94
itm_40_010594,wraps,424.64
itm_40_010595,wraps,342.49
itm_40_010596,wraps,400.93
itm_40_010597,wraps,351.71
itm_40_010598,wraps,256.2
itm_40_010599,wraps,391.24
itm_40_010600,overflows,248.05
itm_40_010601,fits,51.34
itm_40_010602,wraps,342.15
itm_40_010603,wraps,151.68
itm_40_010604,overflows,470.94
itm_40_010605,wraps,294.66
itm_40_010606,fits,172.92
itm_40_010607,fits,181.63
itm_40_010608,overflows,153.64
itm_40_010609,wraps,93.06
itm_40_010610,wraps,260.28
itm_40_010611,overflows,270.59
itm_40_010612,fits,57.81
itm_40_010613,wraps,567.94
itm_40_010614,overflows,394.78
itm_40_010615,wraps,157.98
itm_40_010616,overflows,364.52
itm_40_010617,wraps,228.41
itm_40_010618,overflows,129.84
itm_40_010619,fits,136.79
itm_40_010620,fits,183.5
itm_40_010621,fits,199.74
itm_40_010622,fits,130.8
itm_40_010623,fits,111.67
itm_40_010624,overflows,647.06
itm_40_010625,fits,64.2
itm_40_010626,wraps,517.53
itm_40_010627,overflows,84.63
itm_40_010628,fits,66.53
itm_40_010629,wraps,550.5
itm_40_010630,overflows,72.53
itm_40_010631,fits,72.53
itm_40_010632,fits,110.05
itm_40_010633,fits,72.53
itm_40_010634,fits,101.62
itm_40_010635,fits,197.49
itm_40_010636,overflows,228.98
itm_40_010637,wraps,254.86
itm_40_010638,fits,164.75
itm_40_010639,overflows,166.05
itm_40_010640,fits,35.54
itm_40_010641,overflows,169.23
itm_40_010642,fits,60.38
itm_40_010643,fits,53.42
itm_40_010644,fits,88.61
itm_40_010645,overflows,156.36
itm_40_010646,fits,53.42
itm_40_010647,overflows,62.04
itm_40_010648,fits,63.4
itm_40_010649,overflows,79.06
itm_40_010650,fits,53.42
itm_40_010651,fits,30.37
itm_40_010652,fits,41.68
itm_40_010653,fits,142.85
itm_40_010654,overflows,77.2
itm_40_010655,fits,163.29
itm_40_010656,overflows,63.61
itm_40_010657,fits,52.33
itm_40_010658,fits,121.75
itm_40_010659,fits,72.68
itm_41_010660,wraps,603.75
itm_41_010661,fits,232.02
itm_41_010662,overflows,147.71
itm_41_010663,overflows,143.77
itm_41_010664,overflows,130.43
itm_41_010665,fits,156.79
itm_41_010666,fits,175.29
itm_41_010667,overflows,254.97
itm_41_010668,overflows,83.83
itm_41_010669,overflows,81.36
itm_41_010670,wraps,603.43
itm_41_010671,wraps,483.89
itm_41_010672,overflows,109.19
itm_41_010673,overflows,643.2
itm_41_010674,overflows,249.35
itm_41_010675,overflows,168.17
itm_41_010676,wraps,137.68
itm_41_010677,fits,196.44
itm_41_010678,overflows,158.09
itm_41_010679,wraps,255.08
itm_41_010680,overflows,112.86
itm_41_010681,wraps,308.84
itm_41_010682,fits,195.19
itm_41_010683,overflows,223.68
itm_41_010684,overflows,166.35
itm_41_010685,overflows,180.57
itm_41_010686,fits,220.01
itm_41_010687,fits,149.4
itm_41_010688,overflows,373.27
itm_41_010689,overflows,131.28
itm_41_010690,overflows,142.85
itm_41_010691,overflows,105.81
itm_41_010692,fits,210.42
itm_41_010693,overflows,180.79
itm_41_010694,wraps,129.44
itm_41_010695,overflows,169.72
itm_41_010696,overflows,106.27
itm_41_010697,overflows,166.25
itm_41_010698,wraps,142.16
itm_41_010699,fits,124.22
itm_41_010700,wraps,371.71
itm_41_010701,overflows,105.81
itm_41_010702,overflows,93.1
itm_41_010703,overflows,233.2
itm_41_010704,overflows,76.39
itm_41_010705,overflows,682.02
itm_41_010706,overflows,489.86
itm_41_010707,overflows,518.36
itm_41_010708,overflows,245.7
itm_41_010709,overflows,245.7
itm_41_010710,overflows,245.59
itm_41_010711,overflows,283.86
itm_41_010712,wraps,121.02
itm_41_010713,overflows,80.85
itm_41_010714,overflows,102.01
itm_41_010715,fits,185.56
itm_41_010716,fits,57.35
itm_41_010717,overflows,94.82
itm_41_010718,overflows,71.23
itm_41_010719,overflows,77.41
itm_41_010720,fits,66.9
itm_41_010721,fits,256.38
itm_41_010722,wraps,201.83
itm_41_010723,overflows,137.42
itm_41_010724,overflows,73.54
itm_41_010725,fits,79.76
itm_41_010726,fits,154.77
itm_41_010727,overflows,430.44
itm_41_010728,wraps,153.31
itm_41_010729,fits,271.47
itm_41_010730,fits,72.51
itm_41_010731,overflows,151.03
itm_41_010732,overflows,171.75
itm_41_010733,overflows,231.94
itm_41_010734,overflows,88.27
itm_41_010735,wraps,92.94
itm_41_010736,fits,226.16
itm_41_010737,fits,46.43
itm_41_010738,fits,167.38
itm_41_010739,wraps,441.04
itm_41_010740,overflows,150.65
itm_41_010741,wraps,270.67
itm_41_010742,overflows,72.51
itm_41_010743,fits,64.63
itm_41_010744,overflows,148.57
itm_41_010745,overflows,191.11
itm_41_010746,fits,144.16
itm_41_010747,fits,90.29
itm_41_010748,fits,48.79
itm_41_010749,overflows,198.73
itm_41_010750,wraps,191.35
itm_41_010751,wraps,143.41
itm_41_010752,overflows,285.74
itm_41_010753,overflows,384.54
itm_41_010754,overflows,692.07
itm_41_010755,wraps,183.59
itm_41_010756,wraps,125.06
itm_41_010757,overflows,92.27
itm_41_010758,overflows,215.93
itm_41_010759,wraps,139.68
itm_41_010760,wraps,152.89
itm_41_010761,fits,64.38
itm_41_010762,wraps,138.54
itm_41_010763,wraps,63.61
itm_41_010764,fits,103.31
itm_41_010765,wraps,142.95
itm_41_010766,fits,103.31
itm_41_010767,fits,68.78
itm_41_010768,overflows,85.48
itm_41_010769,wraps,94.6
itm_41_010770,fits,103.31
itm_41_010771,overflows,223.74
itm_41_010772,overflows,209.55
itm_41_010773,fits,86.38
itm_41_010774,overflows,94.84
itm_41_010775,wraps,114.13
itm_41_010776,fits,235.79
itm_41_010777,overflows,100.57
itm_41_010778,fits,103.31
itm_41_010779,overflows,155.95
itm_41_010780,wraps,596.58
itm_41_010781,overflows,168.73
itm_41_010782,fits,78.57
itm_41_010783,overflows,87.47
itm_41_010784,overflows,193.0
itm_41_010785,overflows,214.55
itm_41_010786,overflows,104.11
itm_41_010787,wraps,322.46
itm_41_010788,overflows,172.7
itm_41_010789,overflows,128.35
itm_41_010790,overflows,88.85
itm_41_010791,fits,63.61
itm_41_010792,overflows,97.91
itm_41_010793,fits,184.22
itm_41_010794,overflows,148.08
itm_41_010795,overflows,256.85
itm_41_010796,overflows,258.46
itm_41_010797,overflows,256.24
itm_41_010798,overflows,347.78
itm_41_010799,overflows,160.16
itm_41_010800,overflows,247.99
itm_41_010801,overflows,211.72
itm_41_010802,overflows,66.77
itm_41_010803,overflows,133.04
itm_41_010804,wraps,140.68
itm_41_010805,overflows,117.95
itm_41_010806,overflows,75.9
itm_41_010807,overflows,87.02
itm_41_010808,overflows,70.97
itm_41_010809,overflows,125.62
itm_41_010810,overflows,726.49
itm_41_010811,fits,64.63
itm_41_010812,overflows,129.13
itm_41_010813,overflows,70.14
itm_41_010814,fits,87.91
itm_41_010815,overflows,176.27
itm_41_010816,overflows,160.57
itm_41_010817,wraps,374.75
itm_41_010818,overflows,235.95
itm_41_010819,overflows,295.98
itm_41_010820,overflows,260.49
itm_41_010821,overflows,220.72
itm_41_010822,fits,208.3
itm_41_010823,fits,305.83
itm_41_010824,overflows,170.53
itm_41_010825,overflows,149.4
itm_41_010826,fits,74.8
itm_41_010827,fits,143.58
itm_41_010828,overflows,103.82
itm_41_010829,overflows,186.76
itm_41_010830,fits,148.64
itm_41_010831,fits,108.39
itm_41_010832,overflows,194.97
itm_41_010833,overflows,256.01
itm_41_010834,overflows,224.15
itm_41_010835,fits,128.42
itm_41_010836,overflows,104.11
itm_41_010837,overflows,157.13
itm_41_010838,fits,166.97
itm_41_010839,overflows,70.14
itm_41_010840,overflows,94.41
itm_41_010841,fits,44.41
itm_41_010842,overflows,173.7
itm_41_010843,overflows,91.33
itm_41_010844,overflows,82.27
itm_41_010845,fits,172.24
itm_41_010846,overflows,96.54
itm_41_010847,fits,87.91
itm_41_010848,fits,92.74
itm_41_010849,overflows,154.8
itm_41_010850,fits,167.67
itm_41_010851,overflows,209.29
itm_41_010852,fits,133.82
itm_41_010853,overflows,52.16
itm_41_010854,wraps,139.53
itm_41_010855,overflows,375.73
itm_41_010856,wraps,512.91
itm_41_010857,overflows,563.35
itm_41_010858,wraps,176.53
itm_41_010859,overflows,633.69
itm_41_010860,wraps,637.46
itm_41_010861,wraps,610.5
itm_41_010862,wraps,428.36
itm_41_010863,wraps,452.34
itm_41_010864,overflows,288.45
itm_41_010865,overflows,346.18
itm_41_010866,overflows,245.58
itm_41_010867,overflows,106.53
itm_41_010868,overflows,108.51
itm_41_010869,fits,90.45
itm_41_010870,overflows,153.69
itm_41_010871,wraps,243.24
itm_41_010872,overflows,118.14
itm_41_010873,wraps,292.44
itm_41_010874,overflows,90.45
itm_41_010875,overflows,304.31
itm_41_010876,overflows,103.59
itm_41_010877,wraps,216.51
itm_41_010878,fits,94.84
itm_41_010879,fits,175.36
itm_41_010880,overflows,188.31
itm_41_010881,overflows,74.8
itm_41_010882,fits,167.38
itm_41_010883,wraps,387.94
itm_41_010884,overflows,218.89
itm_41_010885,overflows,179.32
itm_41_010886,fits,64.38
itm_41_010887,overflows,304.32
itm_41_010888,fits,81.04
itm_41_010889,overflows,264.85
itm_41_010890,overflows,179.81
itm_41_010891,overflows,93.74
itm_41_010892,wraps,425.77
itm_41_010893,overflows,568.89
itm_41_010894,overflows,169.67
itm_41_010895,overflows,43.0
itm_41_010896,overflows,285.3
itm_41_010897,fits,128.92
itm_41_010898,overflows,186.45
itm_41_010899,fits,45.74
itm_41_010900,overflows,134.51
itm_41_010901,overflows,78.71
itm_41_010902,fits,70.44
itm_41_010903,wraps,223.21
itm_41_010904,wraps,238.7
itm_41_010905,overflows,205.08
itm_41_010906,overflows,101.76
itm_41_010907,fits,74.8
itm_41_010908,fits,45.74
itm_41_010909,overflows,257.84
itm_41_010910,wraps,228.53
itm_41_010911,overflows,137.49
itm_41_010912,overflows,143.0
itm_41_010913,fits,23.95
itm_41_010914,fits,23.95
itm_41_010915,fits,23.95
itm_41_010916,fits,23.95
itm_41_010917,fits,92.59
itm_41_010918,overflows,107.42
itm_41_010919,fits,104.01
itm_42_010920,overflows,145.96
itm_42_010921,fits,56.11
itm_42_010922,wraps,351.17
itm_42_010923,overflows,94.52
itm_42_010924,overflows,62.96
itm_42_010925,overflows,140.07
itm_42_010926,fits,87.11
itm_42_010927,overflows,104.55
itm_42_010928,overflows,59.46
itm_42_010929,overflows,168.32
itm_42_010930,fits,317.36
itm_42_010931,overflows,235.2
itm_42_010932,overflows,74.11
itm_42_010933,wraps,468.92
itm_42_010934,overflows,375.09
itm_42_010935,fits,191.27
itm_42_010936,overflows,224.72
itm_42_010937,fits,207.54
itm_42_010938,fits,156.19
itm_42_010939,fits,137.16
itm_42_010940,overflows,342.17
itm_42_010941,overflows,115.27
itm_42_010942,overflows,302.94
itm_42_010943,wraps,107.01
itm_42_010944,fits,345.56
itm_42_010945,fits,94.52
itm_42_010946,fits,243.85
itm_42_010947,fits,114.1
itm_42_010948,overflows,52.36
itm_42_010949,overflows,121.84
itm_42_010950,overflows,104.17
itm_42_010951,fits,163.19
itm_42_010952,wraps,200.27
itm_42_010953,wraps,179.6
itm_42_010954,wraps,177.25
itm_42_010955,overflows,132.98
itm_42_010956,overflows,56.85
itm_42_010957,overflows,167.71
itm_42_010958,overflows,99.59
itm_42_010959,overflows,266.0
itm_42_010960,overflows,158.59
itm_42_010961,overflows,171.68
itm_42_010962,overflows,68.14
itm_42_010963,fits,224.64
itm_42_010964,wraps,176.8
itm_42_010965,overflows,75.65
itm_42_010966,fits,54.59
itm_42_010967,fits,77.78
itm_42_010968,overflows,70.2
itm_42_010969,fits,52.13
itm_42_010970,fits,98.24
itm_42_010971,fits,89.12
itm_42_010972,fits,80.81
itm_42_010973,wraps,337.19
itm_42_010974,overflows,261.14
itm_42_010975,fits,94.52
itm_42_010976,overflows,73.26
itm_42_010977,overflows,208.98
itm_42_010978,fits,123.37
itm_42_010979,fits,131.64
itm_42_010980,wraps,103.57
itm_42_010981,overflows,62.96
itm_42_010982,overflows,40.56
itm_42_010983,fits,132.42
itm_42_010984,wraps,173.77
itm_42_010985,fits,58.71
itm_42_010986,fits,111.23
itm_42_010987,overflows,56.11
itm_42_010988,overflows,169.87
itm_42_010989,overflows,78.98
itm_42_010990,overflows,109.43
itm_42_010991,fits,137.87
itm_42_010992,wraps,226.21
itm_42_010993,overflows,52.91
itm_42_010994,overflows,89.36
itm_42_010995,fits,56.04
itm_42_010996,fits,65.29
itm_42_010997,wraps,293.61
itm_42_010998,wraps,316.52
itm_42_010999,overflows,518.68
itm_42_011000,overflows,220.5
itm_42_011001,overflows,69.31
itm_42_011002,wraps,240.93
itm_42_011003,fits,67.49
itm_42_011004,overflows,150.85
itm_42_011005,wraps,96.97
itm_42_011006,wraps,241.03
itm_42_011007,fits,162.62
itm_42_011008,overflows,221.03
itm_42_011009,overflows,296.48
itm_42_011010,overflows,253.3
itm_42_011011,wraps,294.77
itm_42_011012,fits,204.76
itm_42_011013,fits,75.23
itm_42_011014,fits,94.52
itm_42_011015,wraps,86.76
itm_42_011016,overflows,95.85
itm_42_011017,fits,116.08
itm_42_011018,overflows,86.3
itm_42_011019,overflows,220.99
itm_42_011020,fits,67.3
itm_42_011021,wraps,95.35
itm_42_011022,overflows,79.02
itm_42_011023,fits,94.52
itm_42_011024,overflows,366.66
itm_42_011025,fits,60.5
itm_42_011026,overflows,143.42
itm_42_011027,wraps,165.51
itm_42_011028,wraps,89.21
itm_42_011029,wraps,143.58
itm_42_011030,overflows,130.92
itm_42_011031,overflows,429.06
itm_42_011032,wraps,274.52
itm_42_011033,overflows,396.63
itm_42_011034,wraps,338.13
itm_42_011035,overflows,107.6
itm_42_011036,wraps,179.38
itm_42_011037,overflows,249.31
itm_42_011038,overflows,337.91
itm_42_011039,wraps,319.12
itm_42_011040,overflows,315.61
itm_42_011041,overflows,34.25
itm_42_011042,fits,65.17
itm_42_011043,overflows,139.33
itm_42_011044,wraps,360.61
itm_42_011045,wraps,224.21
itm_42_011046,wraps,304.43
itm_42_011047,overflows,60.83
itm_42_011048,overflows,152.73
itm_42_011049,wraps,131.1
itm_42_011050,wraps,597.09
itm_42_011051,wraps,160.19
itm_42_011052,overflows,89.62
itm_42_011053,fits,67.91
itm_42_011054,fits,89.33
itm_42_011055,wraps,103.16
itm_42_011056,fits,142.04
itm_42_011057,wraps,87.36
itm_42_011058,overflows,123.39
itm_42_011059,fits,160.75
itm_42_011060,overflows,161.17
itm_42_011061,fits,158.59
itm_42_011062,overflows,297.83
itm_42_011063,fits,52.36
itm_42_011064,overflows,106.14
itm_42_011065,overflows,152.39
itm_42_011066,overflows,163.22
itm_42_011067,fits,42.83
itm_42_011068,overflows,62.19
itm_42_011069,fits,58.38
itm_42_011070,fits,177.66
itm_42_011071,fits,116.89
itm_42_011072,overflows,62.96
itm_42_011073,fits,381.71
itm_42_011074,fits,67.67
itm_42_011075,fits,97.96
itm_42_011076,overflows,243.38
itm_42_011077,overflows,161.64
itm_42_011078,fits,111.56
itm_42_011079,overflows,162.35
itm_42_011080,fits,135.06
itm_42_011081,fits,159.34
itm_42_011082,fits,202.7
itm_42_011083,overflows,123.57
itm_42_011084,fits,180.9
itm_42_011085,overflows,195.7
itm_42_011086,fits,39.26
itm_42_011087,overflows,76.88
itm_42_011088,fits,121.13
itm_42_011089,overflows,137.83
itm_42_011090,overflows,172.23
itm_42_011091,fits,64.82
itm_42_011092,overflows,77.34
itm_42_011093,fits,221.45
itm_42_011094,wraps,281.7
itm_42_011095,overflows,121.23
itm_42_011096,fits,106.37
itm_42_011097,fits,56.87
itm_42_011098,fits,198.28
itm_42_011099,fits,155.29
itm_42_011100,fits,178.51
itm_42_011101,overflows,369.1
itm_42_011102,overflows,179.61
itm_42_011103,fits,137.81
itm_42_011104,overflows,78.3
itm_42_011105,overflows,169.65
itm_42_011106,overflows,93.55
itm_42_011107,fits,17.42
itm_42_011108,fits,87.61
itm_42_011109,fits,63.34
itm_42_011110,overflows,179.38
itm_42_011111,overflows,78.3
itm_42_011112,overflows,163.02
itm_42_011113,fits,172.67
itm_42_011114,overflows,57.37
itm_42_011115,fits,86.51
itm_42_011116,wraps,344.2
itm_42_011117,fits,191.95
itm_42_011118,wraps,332.25
itm_42_011119,wraps,500.75
itm_42_011120,overflows,399.63
itm_42_011121,wraps,166.76
itm_42_011122,fits,63.69
itm_42_011123,wraps,381.14
itm_42_011124,wraps,354.57
itm_42_011125,overflows,474.21
itm_42_011126,wraps,407.68
itm_42_011127,wraps,587.07
itm_42_011128,wraps,364.6
itm_42_011129,wraps,352.45
itm_42_011130,wraps,390.57
itm_42_011131,wraps,267.02
itm_42_011132,wraps,397.28
itm_42_011133,wraps,472.04
itm_42_011134,wraps,172.29
itm_42_011135,wraps,464.01
itm_42_011136,wraps,184.8
itm_42_011137,fits,59.75
itm_42_011138,overflows,190.77
itm_42_011139,wraps,77.0
itm_42_011140,overflows,269.1
itm_42_011141,wraps,330.31
itm_42_011142,fits,123.17
itm_42_011143,overflows,319.55
itm_42_011144,overflows,242.38
itm_42_011145,overflows,114.87
itm_42_011146,wraps,256.36
itm_42_011147,fits,76.49
itm_42_011148,overflows,83.43
itm_42_011149,overflows,172.4
itm_42_011150,overflows,174.34
itm_42_011151,wraps,577.06
itm_42_011152,fits,78.85
itm_42_011153,wraps,412.63
itm_42_011154,fits,64.67
itm_42_011155,overflows,81.39
itm_42_011156,overflows,60.32
itm_42_011157,fits,143.2
itm_42_011158,overflows,136.65
itm_42_011159,overflows,154.36
itm_42_011160,fits,38.4
itm_42_011161,overflows,170.42
itm_42_011162,fits,121.33
itm_42_011163,wraps,145.84
itm_42_011164,overflows,61.92
itm_42_011165,overflows,240.88
itm_42_011166,wraps,249.4
itm_42_011167,overflows,83.43
itm_42_011168,fits,39.85
itm_42_011169,fits,57.28
itm_42_011170,overflows,198.07
itm_42_011171,fits,56.11
itm_42_011172,fits,90.04
itm_42_011173,fits,85.46
itm_42_011174,overflows,114.64
itm_42_011175,overflows,83.16
itm_42_011176,fits,97.08
itm_42_011177,fits,141.98
itm_42_011178,fits,71.79
itm_42_011179,fits,158.85
itm_43_011180,fits,180.74
itm_43_011181,fits,49.57
itm_43_011182,overflows,201.01
itm_43_011183,fits,63.19
itm_43_011184,wraps,373.58
itm_43_011185,overflows,165.42
itm_43_011186,fits,109.65
itm_43_011187,fits,78.18
itm_43_011188,fits,117.83
itm_43_011189,wraps,125.23
itm_43_011190,fits,227.0
itm_43_011191,overflows,54.11
itm_43_011192,fits,287.6
itm_43_011193,overflows,264.47
itm_43_011194,wraps,378.77
itm_43_011195,overflows,247.91
itm_43_011196,fits,164.91
itm_43_011197,fits,164.31
itm_43_011198,overflows,40.42
itm_43_011199,fits,200.98
itm_43_011200,fits,47.64
itm_43_011201,wraps,130.67
itm_43_011202,overflows,234.77
itm_43_011203,wraps,104.66
itm_43_011204,overflows,565.79
itm_43_011205,overflows,80.43
itm_43_011206,overflows,323.58
itm_43_011207,overflows,104.91
itm_43_011208,fits,53.96
itm_43_011209,overflows,196.72
itm_43_011210,overflows,96.17
itm_43_011211,wraps,194.39
itm_43_011212,wraps,174.82
itm_43_011213,fits,195.89
itm_43_011214,wraps,144.97
itm_43_011215,fits,82.04
itm_43_011216,overflows,290.5
itm_43_011217,wraps,306.74
itm_43_011218,overflows,138.3
itm_43_011219,overflows,47.17
itm_43_011220,wraps,150.13
itm_43_011221,overflows,99.88
itm_43_011222,wraps,82.02
itm_43_011223,overflows,74.42
itm_43_011224,fits,155.75
itm_43_011225,fits,62.8
itm_43_011226,fits,47.17
itm_43_011227,wraps,74.59
itm_43_011228,overflows,199.49
itm_43_011229,wraps,398.06
itm_43_011230,overflows,203.95
itm_43_011231,wraps,164.1
itm_43_011232,overflows,187.66
itm_43_011233,wraps,57.98
itm_43_011234,fits,149.81
itm_43_011235,overflows,52.66
itm_43_011236,fits,68.45
itm_43_011237,fits,54.25
itm_43_011238,overflows,84.0
itm_43_011239,fits,57.51
itm_43_011240,overflows,67.88
itm_43_011241,overflows,98.48
itm_43_011242,overflows,153.25
itm_43_011243,wraps,599.63
itm_43_011244,fits,90.33
itm_43_011245,fits,82.04
itm_43_011246,fits,202.86
itm_43_011247,fits,124.21
itm_43_011248,fits,75.61
itm_43_011249,wraps,465.99
itm_43_011250,overflows,57.08
itm_43_011251,fits,50.18
itm_43_011252,wraps,104.67
itm_43_011253,wraps,218.87
itm_43_011254,fits,106.43
itm_43_011255,fits,98.48
itm_43_011256,fits,45.85
itm_43_011257,wraps,78.29
itm_43_011258,wraps,207.06
itm_43_011259,overflows,133.03
itm_43_011260,wraps,250.83
itm_43_011261,overflows,195.01
itm_43_011262,overflows,233.65
itm_43_011263,overflows,679.76
itm_43_011264,wraps,198.94
itm_43_011265,wraps,199.26
itm_43_011266,wraps,432.74
itm_43_011267,fits,95.18
itm_43_011268,fits,65.87
itm_43_011269,fits,206.37
itm_43_011270,wraps,104.52
itm_43_011271,fits,110.46
itm_43_011272,wraps,336.04
itm_43_011273,wraps,106.41
itm_43_011274,wraps,93.8
itm_43_011275,wraps,257.46
itm_43_011276,overflows,78.2
itm_43_011277,wraps,181.4
itm_43_011278,fits,82.04
itm_43_011279,overflows,139.96
itm_43_011280,wraps,114.35
itm_43_011281,overflows,381.3
itm_43_011282,overflows,62.8
itm_43_011283,wraps,95.99
itm_43_011284,fits,70.58
itm_43_011285,fits,53.51
itm_43_011286,fits,89.01
itm_43_011287,fits,50.41
itm_43_011288,overflows,393.91
itm_43_011289,wraps,224.77
itm_43_011290,fits,72.03
itm_43_011291,overflows,40.22
itm_43_011292,wraps,228.79
itm_43_011293,wraps,75.12
itm_43_011294,overflows,120.75
itm_43_011295,fits,148.16
itm_43_011296,fits,58.4
itm_43_011297,overflows,82.56
itm_43_011298,wraps,249.75
itm_43_011299,wraps,169.07
itm_43_011300,fits,108.43
itm_43_011301,wraps,153.31
itm_43_011302,overflows,66.03
itm_43_011303,overflows,68.06
itm_43_011304,wraps,103.83
itm_43_011305,fits,66.77
itm_43_011306,fits,164.77
itm_43_011307,overflows,65.47
itm_43_011308,overflows,218.8
itm_43_011309,fits,82.21
itm_43_011310,fits,89.01
itm_43_011311,overflows,73.96
itm_43_011312,overflows,116.76
itm_43_011313,fits,256.63
itm_43_011314,overflows,117.26
itm_43_011315,fits,108.87
itm_43_011316,fits,68.85
itm_43_011317,fits,170.32
itm_43_011318,fits,62.8
itm_43_011319,overflows,66.77
itm_43_011320,overflows,111.0
itm_43_011321,overflows,145.7
itm_43_011322,wraps,106.66
itm_43_011323,overflows,55.03
itm_43_011324,overflows,598.81
itm_43_011325,overflows,176.92
itm_43_011326,fits,144.96
itm_43_011327,overflows,140.46
itm_43_011328,fits,138.43
itm_43_011329,fits,230.74
itm_43_011330,overflows,183.44
itm_43_011331,overflows,211.67
itm_43_011332,fits,128.7
itm_43_011333,overflows,250.38
itm_43_011334,overflows,46.67
itm_43_011335,overflows,152.22
itm_43_011336,overflows,114.0
itm_43_011337,overflows,157.8
itm_43_011338,fits,189.04
itm_43_011339,overflows,158.96
itm_43_011340,overflows,163.69
itm_43_011341,fits,175.75
itm_43_011342,fits,182.65
itm_43_011343,fits,45.52
itm_43_011344,fits,58.2
itm_43_011345,fits,118.17
itm_43_011346,fits,115.33
itm_43_011347,overflows,83.47
itm_43_011348,overflows,138.06
itm_43_011349,overflows,217.38
itm_43_011350,wraps,265.02
itm_43_011351,overflows,54.33
itm_43_011352,overflows,121.87
itm_43_011353,fits,118.51
itm_43_011354,fits,124.5
itm_43_011355,wraps,427.08
itm_43_011356,fits,74.09
itm_43_011357,fits,88.56
itm_43_011358,fits,134.61
itm_43_011359,overflows,190.96
itm_43_011360,fits,69.83
itm_43_011361,fits,21.17
itm_43_011362,overflows,47.58
itm_43_011363,fits,71.16
itm_43_011364,fits,77.66
itm_43_011365,fits,54.19
itm_43_011366,fits,89.84
itm_43_011367,overflows,168.35
itm_43_011368,fits,161.46
itm_43_011369,fits,142.12
itm_43_011370,overflows,56.26
itm_43_011371,overflows,111.73
itm_43_011372,fits,118.09
itm_43_011373,overflows,108.26
itm_43_011374,overflows,152.67
itm_43_011375,wraps,235.94
itm_43_011376,overflows,354.03
itm_43_011377,wraps,444.47
itm_43_011378,wraps,313.03
itm_43_011379,wraps,334.95
itm_43_011380,wraps,343.0
itm_43_011381,wraps,614.21
itm_43_011382,overflows,320.51
itm_43_011383,overflows,211.42
itm_43_011384,wraps,554.32
itm_43_011385,wraps,208.7
itm_43_011386,wraps,252.08
itm_43_011387,overflows,173.13
itm_43_011388,fits,178.51
itm_43_011389,fits,281.93
itm_43_011390,wraps,179.11
itm_43_011391,wraps,75.95
itm_43_011392,wraps,117.25
itm_43_011393,wraps,80.8
itm_43_011394,wraps,490.74
itm_43_011395,wraps,125.47
itm_43_011396,overflows,152.51
itm_43_011397,fits,79.95
itm_43_011398,fits,131.56
itm_43_011399,overflows,75.15
itm_43_011400,fits,62.17
itm_43_011401,fits,63.05
itm_43_011402,wraps,187.58
itm_43_011403,fits,85.56
itm_43_011404,wraps,224.59
itm_43_011405,overflows,111.27
itm_43_011406,fits,79.01
itm_43_011407,overflows,317.9
itm_43_011408,overflows,162.71
itm_43_011409,overflows,82.25
itm_43_011410,overflows,200.17
itm_43_011411,overflows,56.37
itm_43_011412,overflows,58.35
itm_43_011413,fits,40.49
itm_43_011414,overflows,532.1
itm_43_011415,fits,58.4
itm_43_011416,fits,165.05
itm_43_011417,overflows,214.5
itm_43_011418,wraps,133.24
itm_43_011419,fits,69.4
itm_43_011420,fits,134.04
itm_43_011421,fits,51.52
itm_43_011422,fits,234.53
itm_43_011423,fits,59.56
itm_43_011424,fits,51.52
itm_43_011425,fits,62.3
itm_43_011426,fits,40.49
itm_43_011427,overflows,232.27
itm_43_011428,overflows,62.8
itm_43_011429,fits,247.53
itm_43_011430,overflows,54.07
itm_43_011431,wraps,194.51
itm_43_011432,fits,244.36
itm_43_011433,overflows,116.21
itm_43_011434,overflows,84.23
itm_43_011435,fits,92.66
itm_43_011436,overflows,86.17
itm_43_011437,overflows,81.6
itm_43_011438,fits,47.21
itm_43_011439,overflows,40.22
itm_44_011440,fits,56.81
itm_44_011441,fits,58.6
itm_44_011442,fits,203.29
itm_44_011443,overflows,181.38
itm_44_011444,fits,161.43
itm_44_011445,wraps,507.02
itm_44_011446,overflows,78.24
itm_44_011447,fits,53.96
itm_44_011448,wraps,393.35
itm_44_011449,fits,141.31
itm_44_011450,fits,120.53
itm_44_011451,overflows,131.61
itm_44_011452,fits,95.07
itm_44_011453,fits,82.48
itm_44_011454,wraps,455.72
itm_44_011455,overflows,176.24
itm_44_011456,fits,56.68
itm_44_011457,wraps,79.89
itm_44_011458,fits,55.06
itm_44_011459,fits,174.63
itm_44_011460,wraps,216.43
itm_44_011461,overflows,161.48
itm_44_011462,fits,195.3
itm_44_011463,overflows,313.65
itm_44_011464,fits,120.37
itm_44_011465,fits,179.41
itm_44_011466,fits,124.04
itm_44_011467,wraps,125.97
itm_44_011468,overflows,138.63
itm_44_011469,fits,102.67
itm_44_011470,overflows,168.29
itm_44_011471,fits,115.28
itm_44_011472,overflows,280.58
itm_44_011473,overflows,105.78
itm_44_011474,fits,86.3
itm_44_011475,fits,299.9
itm_44_011476,wraps,162.16
itm_44_011477,wraps,154.07
itm_44_011478,overflows,57.98
itm_44_011479,overflows,442.29
itm_44_011480,overflows,237.92
itm_44_011481,overflows,133.7
itm_44_011482,overflows,52.88
itm_44_011483,wraps,101.98
itm_44_011484,wraps,67.86
itm_44_011485,overflows,73.14
itm_44_011486,fits,78.28
itm_44_011487,overflows,91.53
itm_44_011488,fits,78.05
itm_44_011489,fits,72.14
itm_44_011490,fits,59.5
itm_44_011491,wraps,121.06
itm_44_011492,wraps,132.37
itm_44_011493,fits,319.26
itm_44_011494,fits,60.23
itm_44_011495,overflows,207.46
itm_44_011496,fits,32.3
itm_44_011497,fits,82.72
itm_44_011498,fits,97.1
itm_44_011499,fits,147.98
itm_44_011500,overflows,175.65
itm_44_011501,overflows,80.22
itm_44_011502,fits,76.82
itm_44_011503,overflows,120.8
itm_44_011504,overflows,79.58
itm_44_011505,overflows,134.54
itm_44_011506,wraps,74.77
itm_44_011507,overflows,223.41
itm_44_011508,fits,268.25
itm_44_011509,overflows,435.83
itm_44_011510,wraps,304.14
itm_44_011511,wraps,289.61
itm_44_011512,overflows,648.61
itm_44_011513,wraps,257.11
itm_44_011514,wraps,205.01
itm_44_011515,overflows,68.88
itm_44_011516,wraps,205.15
itm_44_011517,fits,258.01
itm_44_011518,overflows,203.32
itm_44_011519,fits,65.98
itm_44_011520,fits,222.7
itm_44_011521,wraps,98.84
itm_44_011522,wraps,311.82
itm_44_011523,fits,67.71
itm_44_011524,fits,76.61
itm_44_011525,wraps,91.49
itm_44_011526,overflows,102.48
itm_44_011527,overflows,90.32
itm_44_011528,overflows,147.81
itm_44_011529,overflows,80.25
itm_44_011530,overflows,88.15
itm_44_011531,fits,200.99
itm_44_011532,overflows,624.16
itm_44_011533,wraps,384.38
itm_44_011534,overflows,368.99
itm_44_011535,wraps,154.81
itm_44_011536,overflows,88.25
itm_44_011537,overflows,43.27
itm_44_011538,overflows,192.41
itm_44_011539,wraps,147.87
itm_44_011540,fits,50.65
itm_44_011541,overflows,57.46
itm_44_011542,overflows,116.51
itm_44_011543,fits,133.65
itm_44_011544,wraps,201.55
itm_44_011545,overflows,86.67
itm_44_011546,wraps,358.18
itm_44_011547,wraps,402.5
itm_44_011548,wraps,245.61
itm_44_011549,wraps,362.59
itm_44_011550,wraps,179.23
itm_44_011551,overflows,98.16
itm_44_011552,fits,65.51
itm_44_011553,fits,46.15
itm_44_011554,fits,65.03
itm_44_011555,fits,92.57
itm_44_011556,wraps,97.76
itm_44_011557,overflows,210.91
itm_44_011558,overflows,163.86
itm_44_011559,overflows,180.27
itm_44_011560,overflows,202.04
itm_44_011561,fits,95.42
itm_44_011562,fits,195.64
itm_44_011563,wraps,61.61
itm_44_011564,overflows,61.01
itm_44_011565,fits,70.54
itm_44_011566,overflows,184.23
itm_44_011567,fits,137.88
itm_44_011568,overflows,53.88
itm_44_011569,fits,65.51
itm_44_011570,overflows,263.22
itm_44_011571,wraps,184.41
itm_44_011572,wraps,357.73
itm_44_011573,wraps,171.63
itm_44_011574,wraps,337.37
itm_44_011575,fits,179.05
itm_44_011576,overflows,122.37
itm_44_011577,overflows,180.57
itm_44_011578,fits,107.08
itm_44_011579,overflows,108.41
itm_44_011580,overflows,156.59
itm_44_011581,fits,202.1
itm_44_011582,overflows,119.14
itm_44_011583,fits,146.71
itm_44_011584,fits,165.96
itm_44_011585,overflows,135.1
itm_44_011586,fits,151.39
itm_44_011587,fits,61.09
itm_44_011588,fits,46.97
itm_44_011589,fits,66.68
itm_44_011590,fits,85.14
itm_44_011591,fits,57.66
itm_44_011592,fits,78.22
itm_44_011593,fits,102.23
itm_44_011594,fits,55.43
itm_44_011595,wraps,155.69
itm_44_011596,fits,86.99
itm_44_011597,fits,82.89
itm_44_011598,fits,132.76
itm_44_011599,overflows,262.53
itm_44_011600,wraps,209.29
itm_44_011601,fits,132.44
itm_44_011602,fits,62.86
itm_44_011603,fits,151.86
itm_44_011604,fits,108.85
itm_44_011605,fits,92.76
itm_44_011606,fits,154.43
itm_44_011607,fits,150.61
itm_44_011608,fits,68.8
itm_44_011609,fits,41.69
itm_44_011610,fits,74.23
itm_44_011611,overflows,72.7
itm_44_011612,overflows,115.15
itm_44_011613,overflows,53.62
itm_44_011614,overflows,176.13
itm_44_011615,fits,112.78
itm_44_011616,fits,154.39
itm_44_011617,overflows,152.02
itm_44_011618,wraps,345.34
itm_44_011619,overflows,130.07
itm_44_011620,wraps,482.4
itm_44_011621,overflows,284.04
itm_44_011622,wraps,567.72
itm_44_011623,overflows,375.74
itm_44_011624,overflows,71.85
itm_44_011625,wraps,241.82
itm_44_011626,wraps,422.58
itm_44_011627,wraps,443.06
itm_44_011628,wraps,326.19
itm_44_011629,wraps,509.11
itm_44_011630,fits,160.46
itm_44_011631,wraps,398.86
itm_44_011632,wraps,152.78
itm_44_011633,wraps,372.35
itm_44_011634,overflows,282.86
itm_44_011635,wraps,393.12
itm_44_011636,wraps,595.95
itm_44_011637,overflows,391.95
itm_44_011638,wraps,339.86
itm_44_011639,wraps,270.24
itm_44_011640,wraps,405.34
itm_44_011641,wraps,160.87
itm_44_011642,wraps,91.9
itm_44_011643,wraps,79.44
itm_44_011644,wraps,73.5
itm_44_011645,wraps,86.92
itm_44_011646,wraps,80.33
itm_44_011647,wraps,296.11
itm_44_011648,wraps,446.03
itm_44_011649,wraps,212.01
itm_44_011650,wraps,190.72
itm_44_011651,wraps,188.96
itm_44_011652,overflows,193.52
itm_44_011653,overflows,43.27
itm_44_011654,fits,141.61
itm_44_011655,overflows,165.98
itm_44_011656,fits,299.17
itm_44_011657,wraps,194.16
itm_44_011658,overflows,82.89
itm_44_011659,overflows,136.35
itm_44_011660,wraps,347.18
itm_44_011661,overflows,138.53
itm_44_011662,fits,77.69
itm_44_011663,wraps,551.85
itm_44_011664,fits,56.81
itm_44_011665,fits,113.85
itm_44_011666,fits,82.89
itm_44_011667,overflows,149.39
itm_44_011668,overflows,170.12
itm_44_011669,fits,84.05
itm_44_011670,overflows,117.7
itm_44_011671,fits,106.21
itm_44_011672,overflows,73.9
itm_44_011673,fits,226.96
itm_44_011674,fits,141.1
itm_44_011675,overflows,145.36
itm_44_011676,fits,138.17
itm_44_011677,fits,61.79
itm_44_011678,fits,98.61
itm_44_011679,overflows,229.15
itm_44_011680,fits,98.01
itm_44_011681,overflows,88.25
itm_44_011682,overflows,63.5
itm_44_011683,fits,38.51
itm_44_011684,wraps,181.24
itm_44_011685,wraps,194.85
itm_44_011686,overflows,242.33
itm_44_011687,fits,30.52
itm_44_011688,overflows,52.91
itm_44_011689,fits,174.23
itm_44_011690,overflows,265.03
itm_44_011691,wraps,199.59
itm_44_011692,overflows,313.14
itm_44_011693,overflows,268.32
itm_44_011694,fits,71.83
itm_44_011695,fits,165.27
itm_44_011696,overflows,93.76
itm_44_011697,fits,52.28
itm_44_011698,fits,170.47
itm_44_011699,overflows,43.27
itm_45_011700,fits,208.68
itm_45_011701,overflows,149.91
itm_45_011702,fits,177.41
itm_45_011703,fits,91.39
itm_45_011704,fits,103.63
itm_45_011705,overflows,162.56
itm_45_011706,overflows,172.54
itm_45_011707,overflows,190.09
itm_45_011708,overflows,73.96
itm_45_011709,overflows,651.37
itm_45_011710,fits,132.37
itm_45_011711,wraps,479.54
itm_45_011712,overflows,235.13
itm_45_011713,wraps,249.06
itm_45_011714,wraps,321.86
itm_45_011715,overflows,100.26
itm_45_011716,fits,69.13
itm_45_011717,overflows,219.58
itm_45_011718,wraps,148.62
itm_45_011719,wraps,490.93
itm_45_011720,fits,106.96
itm_45_011721,fits,173.15
itm_45_011722,overflows,227.97
itm_45_011723,fits,112.68
itm_45_011724,overflows,219.78
itm_45_011725,overflows,63.02
itm_45_011726,wraps,73.36
itm_45_011727,overflows,339.57
itm_45_011728,overflows,200.9
itm_45_011729,fits,199.76
itm_45_011730,wraps,137.45
itm_45_011731,overflows,146.22
itm_45_011732,fits,207.46
itm_45_011733,wraps,167.51
itm_45_011734,wraps,152.82
itm_45_011735,overflows,82.3
itm_45_011736,overflows,166.26
itm_45_011737,fits,91.07
itm_45_011738,fits,315.96
itm_45_011739,fits,312.65
itm_45_011740,overflows,90.38
itm_45_011741,overflows,115.75
itm_45_011742,overflows,161.0
itm_45_011743,overflows,72.18
itm_45_011744,overflows,264.36
itm_45_011745,overflows,132.94
itm_45_011746,wraps,421.69
itm_45_011747,wraps,166.27
itm_45_011748,wraps,365.76
itm_45_011749,wraps,189.05
itm_45_011750,fits,98.64
itm_45_011751,overflows,68.46
itm_45_011752,overflows,223.54
itm_45_011753,fits,71.67
itm_45_011754,fits,82.0
itm_45_011755,fits,76.74
itm_45_011756,fits,33.33
itm_45_011757,wraps,169.67
itm_45_011758,overflows,87.58
itm_45_011759,wraps,71.0
itm_45_011760,wraps,209.02
itm_45_011761,wraps,360.95
itm_45_011762,overflows,385.33
itm_45_011763,wraps,370.63
itm_45_011764,overflows,215.14
itm_45_011765,overflows,63.02
itm_45_011766,fits,109.99
itm_45_011767,fits,123.6
itm_45_011768,wraps,251.73
itm_45_011769,overflows,158.94
itm_45_011770,overflows,49.98
itm_45_011771,fits,174.72
itm_45_011772,wraps,449.44
itm_45_011773,wraps,175.46
itm_45_011774,overflows,212.31
itm_45_011775,overflows,65.53
itm_45_011776,overflows,256.09
itm_45_011777,fits,49.65
itm_45_011778,wraps,293.47
itm_45_011779,overflows,204.35
itm_45_011780,wraps,309.42
itm_45_011781,overflows,537.7
itm_45_011782,overflows,512.64
itm_45_011783,fits,66.09
itm_45_011784,fits,139.16
itm_45_011785,fits,66.09
itm_45_011786,overflows,252.99
itm_45_011787,overflows,401.48
itm_45_011788,overflows,211.99
itm_45_011789,overflows,286.18
itm_45_011790,fits,98.64
itm_45_011791,overflows,256.38
itm_45_011792,overflows,178.89
itm_45_011793,wraps,164.66
itm_45_011794,overflows,274.22
itm_45_011795,fits,71.09
itm_45_011796,overflows,183.82
itm_45_011797,fits,223.54
itm_45_011798,overflows,90.59
itm_45_011799,overflows,94.51
itm_45_011800,wraps,255.59
itm_45_011801,wraps,118.88
itm_45_011802,overflows,84.79
itm_45_011803,fits,186.45
itm_45_011804,overflows,77.54
itm_45_011805,fits,63.02
itm_45_011806,fits,61.49
itm_45_011807,overflows,263.97
itm_45_011808,wraps,482.92
itm_45_011809,overflows,135.34
itm_45_011810,overflows,54.25
itm_45_011811,overflows,365.99
itm_45_011812,overflows,89.51
itm_45_011813,overflows,74.45
itm_45_011814,fits,167.38
itm_45_011815,overflows,72.35
itm_45_011816,fits,34.7
itm_45_011817,overflows,356.53
itm_45_011818,wraps,162.37
itm_45_011819,fits,47.02
itm_45_011820,fits,81.31
itm_45_011821,wraps,228.62
itm_45_011822,wraps,300.95
itm_45_011823,overflows,180.68
itm_45_011824,overflows,254.22
itm_45_011825,wraps,475.35
itm_45_011826,wraps,118.96
itm_45_011827,overflows,212.89
itm_45_011828,fits,65.08
itm_45_011829,fits,64.74
itm_45_011830,wraps,111.9
itm_45_011831,overflows,233.86
itm_45_011832,overflows,78.96
itm_45_011833,overflows,215.74
itm_45_011834,overflows,187.94
itm_45_011835,wraps,498.03
itm_45_011836,wraps,360.4
itm_45_011837,overflows,224.65
itm_45_011838,overflows,204.8
itm_45_011839,overflows,126.65
itm_45_011840,overflows,78.32
itm_45_011841,fits,208.74
itm_45_011842,overflows,111.88
itm_45_011843,fits,52.91
itm_45_011844,overflows,95.79
itm_45_011845,overflows,57.51
itm_45_011846,overflows,68.18
itm_45_011847,overflows,663.38
itm_45_011848,fits,131.17
itm_45_011849,fits,124.62
itm_45_011850,fits,235.4
itm_45_011851,fits,124.66
itm_45_011852,overflows,62.63
itm_45_011853,overflows,121.68
itm_45_011854,overflows,202.4
itm_45_011855,fits,185.19
itm_45_011856,overflows,110.31
itm_45_011857,overflows,160.13
itm_45_011858,fits,135.34
itm_45_011859,overflows,148.58
itm_45_011860,fits,77.14
itm_45_011861,fits,85.95
itm_45_011862,overflows,193.87
itm_45_011863,overflows,202.4
itm_45_011864,fits,69.97
itm_45_011865,overflows,69.6
itm_45_011866,fits,94.75
itm_45_011867,fits,115.03
itm_45_011868,fits,18.95
itm_45_011869,overflows,169.24
itm_45_011870,fits,161.41
itm_45_011871,fits,172.31
itm_45_011872,fits,114.6
itm_45_011873,overflows,56.55
itm_45_011874,overflows,84.91
itm_45_011875,overflows,85.75
itm_45_011876,overflows,54.74
itm_45_011877,overflows,63.53
itm_45_011878,overflows,175.99
itm_45_011879,overflows,108.6
itm_45_011880,overflows,165.78
itm_45_011881,wraps,313.96
itm_45_011882,wraps,219.92
itm_45_011883,wraps,320.1
itm_45_011884,fits,236.63
itm_45_011885,overflows,598.29
itm_45_011886,wraps,417.71
itm_45_011887,wraps,212.66
itm_45_011888,overflows,69.29
itm_45_011889,overflows,274.5
itm_45_011890,wraps,311.06
itm_45_011891,overflows,182.11
itm_45_011892,overflows,699.56
itm_45_011893,wraps,339.08
itm_45_011894,wraps,373.61
itm_45_011895,wraps,477.42
itm_45_011896,wraps,181.31
itm_45_011897,wraps,184.31
itm_45_011898,overflows,89.05
itm_45_011899,overflows,92.27
itm_45_011900,wraps,197.88
itm_45_011901,overflows,74.45
itm_45_011902,fits,66.86
itm_45_011903,overflows,401.21
itm_45_011904,wraps,110.05
itm_45_011905,wraps,273.51
itm_45_011906,wraps,175.62
itm_45_011907,overflows,233.89
itm_45_011908,wraps,135.74
itm_45_011909,wraps,126.56
itm_45_011910,overflows,286.17
itm_45_011911,overflows,182.28
itm_45_011912,fits,141.96
itm_45_011913,overflows,170.79
itm_45_011914,wraps,201.78
itm_45_011915,overflows,639.12
itm_45_011916,fits,66.09
itm_45_011917,fits,77.14
itm_45_011918,fits,266.36
itm_45_011919,fits,83.79
itm_45_011920,overflows,374.52
itm_45_011921,wraps,557.43
itm_45_011922,wraps,167.67
itm_45_011923,fits,65.45
itm_45_011924,overflows,76.64
itm_45_011925,overflows,87.83
itm_45_011926,fits,141.86
itm_45_011927,fits,114.17
itm_45_011928,fits,205.49
itm_45_011929,fits,62.63
itm_45_011930,fits,247.73
itm_45_011931,fits,130.93
itm_45_011932,overflows,174.81
itm_45_011933,overflows,260.6
itm_45_011934,overflows,244.48
itm_45_011935,overflows,123.17
itm_45_011936,fits,160.29
itm_45_011937,fits,62.06
itm_45_011938,wraps,217.5
itm_45_011939,fits,35.96
itm_45_011940,fits,39.77
itm_45_011941,overflows,77.38
itm_45_011942,overflows,281.09
itm_45_011943,overflows,303.21
itm_45_011944,wraps,87.22
itm_45_011945,fits,56.19
itm_45_011946,wraps,215.71
itm_45_011947,fits,82.03
itm_45_011948,fits,83.89
itm_45_011949,fits,62.33
itm_45_011950,fits,132.05
itm_45_011951,overflows,109.07
itm_45_011952,overflows,102.11
itm_45_011953,overflows,30.19
itm_45_011954,overflows,94.44
itm_45_011955,fits,148.75
itm_45_011956,fits,126.21
itm_45_011957,overflows,116.17
itm_45_011958,overflows,70.35
itm_45_011959,overflows,82.35
itm_46_011960,overflows,186.38
itm_46_011961,wraps,472.35
itm_46_011962,wraps,330.99
itm_46_011963,fits,49.26
itm_46_011964,overflows,145.52
itm_46_011965,overflows,156.9
itm_46_011966,wraps,648.05
itm_46_011967,overflows,351.82
itm_46_011968,overflows,84.65
itm_46_011969,fits,113.17
itm_46_011970,overflows,153.23
itm_46_011971,fits,69.42
itm_46_011972,fits,64.54
itm_46_011973,fits,72.42
itm_46_011974,overflows,65.18
itm_46_011975,overflows,578.26
itm_46_011976,fits,122.06
itm_46_011977,wraps,403.05
itm_46_011978,wraps,69.59
itm_46_011979,fits,184.88
itm_46_011980,wraps,249.7
itm_46_011981,wraps,317.44
itm_46_011982,overflows,112.35
itm_46_011983,wraps,68.75
itm_46_011984,wraps,121.06
itm_46_011985,overflows,211.88
itm_46_011986,fits,58.36
itm_46_011987,overflows,164.16
itm_46_011988,overflows,99.96
itm_46_011989,wraps,92.62
itm_46_011990,fits,103.91
itm_46_011991,fits,102.77
itm_46_011992,wraps,177.82
itm_46_011993,wraps,142.68
itm_46_011994,fits,128.41
itm_46_011995,wraps,108.11
itm_46_011996,overflows,91.96
itm_46_011997,wraps,155.02
itm_46_011998,fits,210.76
itm_46_011999,fits,123.97
itm_46_012000,fits,56.42
itm_46_012001,wraps,117.16
itm_46_012002,wraps,92.62
itm_46_012003,overflows,90.85
itm_46_012004,wraps,168.49
itm_46_012005,wraps,151.21
itm_46_012006,wraps,81.01
itm_46_012007,wraps,87.21
itm_46_012008,wraps,114.36
itm_46_012009,fits,47.09
itm_46_012010,overflows,93.41
itm_46_012011,overflows,169.57
itm_46_012012,wraps,372.02
itm_46_012013,wraps,167.72
itm_46_012014,overflows,83.77
itm_46_012015,fits,99.64
itm_46_012016,overflows,177.95
itm_46_012017,wraps,88.82
itm_46_012018,fits,105.03
itm_46_012019,fits,65.16
itm_46_012020,overflows,55.81
itm_46_012021,overflows,91.32
itm_46_012022,overflows,73.08
itm_46_012023,fits,85.08
itm_46_012024,overflows,342.0
itm_46_012025,overflows,88.85
itm_46_012026,overflows,365.08
itm_46_012027,fits,78.94
itm_46_012028,fits,78.94
itm_46_012029,overflows,290.49
itm_46_012030,fits,99.16
itm_46_012031,overflows,266.08
itm_46_012032,fits,72.26
itm_46_012033,wraps,388.66
itm_46_012034,wraps,167.8
itm_46_012035,fits,94.07
itm_46_012036,wraps,107.57
itm_46_012037,wraps,162.25
itm_46_012038,wraps,211.51
itm_46_012039,fits,78.94
itm_46_012040,fits,74.93
itm_46_012041,fits,111.98
itm_46_012042,fits,78.94
itm_46_012043,fits,72.79
itm_46_012044,fits,73.08
itm_46_012045,wraps,209.8
itm_46_012046,fits,50.89
itm_46_012047,wraps,78.91
itm_46_012048,overflows,92.0
itm_46_012049,wraps,198.42
itm_46_012050,wraps,294.9
itm_46_012051,wraps,236.43
itm_46_012052,wraps,226.69
itm_46_012053,wraps,78.36
itm_46_012054,fits,64.36
itm_46_012055,fits,212.39
itm_46_012056,overflows,335.38
itm_46_012057,overflows,221.64
itm_46_012058,overflows,247.64
itm_46_012059,wraps,295.48
itm_46_012060,wraps,480.81
itm_46_012061,wraps,236.22
itm_46_012062,wraps,198.16
itm_46_012063,overflows,47.03
itm_46_012064,wraps,206.24
itm_46_012065,fits,67.59
itm_46_012066,overflows,390.57
itm_46_012067,wraps,472.01
itm_46_012068,fits,75.52
itm_46_012069,wraps,229.4
itm_46_012070,fits,77.08
itm_46_012071,overflows,90.85
itm_46_012072,overflows,123.73
itm_46_012073,fits,50.08
itm_46_012074,wraps,368.01
itm_46_012075,wraps,240.92
itm_46_012076,wraps,166.73
itm_46_012077,overflows,67.47
itm_46_012078,wraps,393.33
itm_46_012079,overflows,96.6
itm_46_012080,wraps,73.64
itm_46_012081,fits,182.08
itm_46_012082,overflows,267.2
itm_46_012083,fits,77.84
itm_46_012084,fits,51.38
itm_46_012085,overflows,138.38
itm_46_012086,wraps,55.1
itm_46_012087,fits,85.97
itm_46_012088,wraps,302.97
itm_46_012089,wraps,105.89
itm_46_012090,fits,131.43
itm_46_012091,fits,137.88
itm_46_012092,fits,149.42
itm_46_012093,fits,143.19
itm_46_012094,overflows,63.17
itm_46_012095,overflows,74.83
itm_46_012096,overflows,92.21
itm_46_012097,fits,44.42
itm_46_012098,fits,48.14
itm_46_012099,overflows,46.85
itm_46_012100,fits,109.54
itm_46_012101,fits,43.52
itm_46_012102,overflows,121.25
itm_46_012103,overflows,165.02
itm_46_012104,fits,53.58
itm_46_012105,fits,216.82
itm_46_012106,fits,78.49
itm_46_012107,fits,37.18
itm_46_012108,fits,108.49
itm_46_012109,fits,180.94
itm_46_012110,overflows,97.14
itm_46_012111,fits,37.08
itm_46_012112,wraps,283.9
itm_46_012113,fits,149.61
itm_46_012114,fits,67.25
itm_46_012115,overflows,204.01
itm_46_012116,fits,69.08
itm_46_012117,fits,198.76
itm_46_012118,fits,96.07
itm_46_012119,fits,53.7
itm_46_012120,fits,40.97
itm_46_012121,fits,92.97
itm_46_012122,fits,164.64
itm_46_012123,fits,67.8
itm_46_012124,wraps,162.62
itm_46_012125,overflows,204.27
itm_46_012126,wraps,170.09
itm_46_012127,fits,138.04
itm_46_012128,overflows,206.83
itm_46_012129,overflows,185.75
itm_46_012130,fits,23.79
itm_46_012131,fits,19.18
itm_46_012132,fits,64.95
itm_46_012133,fits,69.46
itm_46_012134,fits,61.89
itm_46_012135,fits,47.03
itm_46_012136,fits,67.25
itm_46_012137,fits,70.76
itm_46_012138,fits,149.94
itm_46_012139,wraps,170.28
itm_46_012140,overflows,65.67
itm_46_012141,wraps,305.38
itm_46_012142,fits,305.62
itm_46_012143,wraps,408.64
itm_46_012144,overflows,166.64
itm_46_012145,overflows,255.64
itm_46_012146,fits,151.73
itm_46_012147,wraps,294.98
itm_46_012148,wraps,370.25
itm_46_012149,fits,224.22
itm_46_012150,wraps,622.03
itm_46_012151,wraps,301.4
itm_46_012152,overflows,253.27
itm_46_012153,wraps,344.95
itm_46_012154,overflows,248.09
itm_46_012155,fits,110.79
itm_46_012156,overflows,378.0
itm_46_012157,overflows,110.34
itm_46_012158,wraps,198.14
itm_46_012159,overflows,179.57
itm_46_012160,wraps,99.6
itm_46_012161,wraps,90.31
itm_46_012162,wraps,232.6
itm_46_012163,wraps,119.97
itm_46_012164,fits,39.36
itm_46_012165,wraps,95.66
itm_46_012166,fits,111.38
itm_46_012167,wraps,196.77
itm_46_012168,wraps,243.07
itm_46_012169,wraps,84.6
itm_46_012170,wraps,169.14
itm_46_012171,overflows,61.44
itm_46_012172,fits,213.05
itm_46_012173,wraps,143.64
itm_46_012174,fits,195.65
itm_46_012175,wraps,479.34
itm_46_012176,fits,126.07
itm_46_012177,fits,182.07
itm_46_012178,wraps,270.2
itm_46_012179,fits,144.47
itm_46_012180,fits,35.79
itm_46_012181,fits,137.96
itm_46_012182,fits,160.75
itm_46_012183,fits,76.63
itm_46_012184,fits,130.53
itm_46_012185,fits,38.65
itm_46_012186,overflows,514.42
itm_46_012187,fits,50.08
itm_46_012188,fits,131.68
itm_46_012189,fits,142.77
itm_46_012190,fits,225.3
itm_46_012191,fits,61.44
itm_46_012192,fits,212.61
itm_46_012193,wraps,198.88
itm_46_012194,overflows,69.11
itm_46_012195,overflows,93.87
itm_46_012196,fits,128.43
itm_46_012197,fits,96.68
itm_46_012198,overflows,146.2
itm_46_012199,overflows,201.32
itm_46_012200,overflows,108.94
itm_46_012201,fits,50.19
itm_46_012202,fits,33.3
itm_46_012203,fits,62.96
itm_46_012204,overflows,189.7
itm_46_012205,fits,50.19
itm_46_012206,fits,162.72
itm_46_012207,fits,81.83
itm_46_012208,fits,76.0
itm_46_012209,fits,153.31
itm_46_012210,fits,80.76
itm_46_012211,fits,60.04
itm_46_012212,overflows,116.81
itm_46_012213,fits,41.99
itm_46_012214,overflows,78.62
itm_46_012215,fits,134.78
itm_46_012216,fits,49.87
itm_46_012217,fits,56.77
itm_46_012218,overflows,56.81
itm_46_012219,overflows,41.4
itm_47_012220,fits,70.23
itm_47_012221,overflows,593.61
itm_47_012222,overflows,92.05
itm_47_012223,overflows,84.56
itm_47_012224,overflows,197.77
itm_47_012225,overflows,198.25
itm_47_012226,overflows,307.14
itm_47_012227,overflows,346.7
itm_47_012228,overflows,114.47
itm_47_012229,overflows,272.27
itm_47_012230,overflows,95.07
itm_47_012231,fits,96.38
itm_47_012232,fits,183.72
itm_47_012233,overflows,78.89
itm_47_012234,overflows,232.49
itm_47_012235,fits,102.19
itm_47_012236,overflows,344.61
itm_47_012237,overflows,184.89
itm_47_012238,fits,73.7
itm_47_012239,fits,200.98
itm_47_012240,overflows,97.8
itm_47_012241,overflows,125.42
itm_47_012242,overflows,292.21
itm_47_012243,overflows,355.22
itm_47_012244,overflows,184.4
itm_47_012245,wraps,547.31
itm_47_012246,overflows,88.15
itm_47_012247,overflows,98.36
itm_47_012248,overflows,135.82
itm_47_012249,overflows,247.02
itm_47_012250,overflows,470.95
itm_47_012251,overflows,197.96
itm_47_012252,overflows,174.28
itm_47_012253,overflows,275.7
itm_47_012254,overflows,87.24
itm_47_012255,wraps,150.21
itm_47_012256,overflows,188.21
itm_47_012257,wraps,171.26
itm_47_012258,overflows,146.53
itm_47_012259,overflows,251.92
itm_47_012260,overflows,239.41
itm_47_012261,overflows,188.49
itm_47_012262,overflows,146.69
itm_47_012263,overflows,113.02
itm_47_012264,overflows,141.35
itm_47_012265,overflows,118.31
itm_47_012266,overflows,160.89
itm_47_012267,overflows,111.19
itm_47_012268,overflows,98.55
itm_47_012269,overflows,64.59
itm_47_012270,overflows,94.29
itm_47_012271,overflows,72.45
itm_47_012272,overflows,138.2
itm_47_012273,overflows,88.5
itm_47_012274,overflows,194.75
itm_47_012275,overflows,146.35
itm_47_012276,overflows,232.86
itm_47_012277,overflows,172.54
itm_47_012278,overflows,72.35
itm_47_012279,fits,95.07
itm_47_012280,overflows,124.99
itm_47_012281,fits,211.08
itm_47_012282,overflows,137.24
itm_47_012283,overflows,147.15
itm_47_012284,overflows,322.03
itm_47_012285,overflows,87.21
itm_47_012286,overflows,196.43
itm_47_012287,overflows,148.24
itm_47_012288,overflows,118.39
itm_47_012289,overflows,217.34
itm_47_012290,overflows,219.11
itm_47_012291,overflows,292.81
itm_47_012292,fits,304.11
itm_47_012293,overflows,249.84
itm_47_012294,overflows,317.71
itm_47_012295,overflows,185.16
itm_47_012296,overflows,170.04
itm_47_012297,fits,88.43
itm_47_012298,overflows,120.17
itm_47_012299,fits,114.47
itm_47_012300,wraps,164.33
itm_47_012301,overflows,184.2
itm_47_012302,overflows,159.54
itm_47_012303,overflows,114.47
itm_47_012304,overflows,333.64
itm_47_012305,fits,129.76
itm_47_012306,overflows,314.62
itm_47_012307,overflows,118.0
itm_47_012308,fits,76.5
itm_47_012309,overflows,430.85
itm_47_012310,overflows,125.43
itm_47_012311,overflows,141.35
itm_47_012312,overflows,106.14
itm_47_012313,fits,125.24
itm_47_012314,overflows,86.76
itm_47_012315,overflows,331.0
itm_47_012316,overflows,129.32
itm_47_012317,fits,114.47
itm_47_012318,overflows,238.77
itm_47_012319,overflows,190.05
itm_47_012320,fits,88.01
itm_47_012321,wraps,216.27
itm_47_012322,overflows,321.53
itm_47_012323,wraps,90.36
itm_47_012324,fits,255.7
itm_47_012325,overflows,159.56
itm_47_012326,overflows,85.92
itm_47_012327,overflows,315.34
itm_47_012328,overflows,214.47
itm_47_012329,overflows,135.07
itm_47_012330,overflows,223.36
itm_47_012331,overflows,179.63
itm_47_012332,overflows,82.08
itm_47_012333,fits,125.71
itm_47_012334,overflows,207.47
itm_47_012335,overflows,172.27
itm_47_012336,overflows,211.06
itm_47_012337,overflows,101.95
itm_47_012338,overflows,201.73
itm_47_012339,overflows,232.49
itm_47_012340,overflows,256.31
itm_47_012341,overflows,333.47
itm_47_012342,fits,291.76
itm_47_012343,overflows,242.84
itm_47_012344,fits,231.65
itm_47_012345,overflows,167.66
itm_47_012346,fits,172.15
itm_47_012347,overflows,174.81
itm_47_012348,overflows,84.09
itm_47_012349,overflows,173.63
itm_47_012350,fits,69.0
itm_47_012351,overflows,169.75
itm_47_012352,overflows,132.79
itm_47_012353,overflows,199.44
itm_47_012354,fits,205.99
itm_47_012355,overflows,374.44
itm_47_012356,wraps,351.09
itm_47_012357,overflows,356.2
itm_47_012358,overflows,330.61
itm_47_012359,overflows,305.66
itm_47_012360,fits,114.42
itm_47_012361,overflows,115.78
itm_47_012362,overflows,144.36
itm_47_012363,overflows,200.06
itm_47_012364,overflows,130.17
itm_47_012365,overflows,116.74
itm_47_012366,overflows,143.97
itm_47_012367,overflows,126.63
itm_47_012368,fits,110.62
itm_47_012369,overflows,160.22
itm_47_012370,fits,75.0
itm_47_012371,fits,21.8
itm_47_012372,overflows,100.01
itm_47_012373,fits,49.6
itm_47_012374,overflows,72.99
itm_47_012375,overflows,129.15
itm_47_012376,overflows,128.28
itm_47_012377,overflows,198.45
itm_47_012378,overflows,113.18
itm_47_012379,overflows,168.66
itm_47_012380,overflows,96.99
itm_47_012381,overflows,250.67
itm_47_012382,overflows,280.29
itm_47_012383,overflows,235.58
itm_47_012384,overflows,208.54
itm_47_012385,overflows,179.32
itm_47_012386,overflows,135.18
itm_47_012387,overflows,102.81
itm_47_012388,overflows,216.91
itm_47_012389,overflows,226.58
itm_47_012390,overflows,329.26
itm_47_012391,overflows,230.98
itm_47_012392,overflows,109.7
itm_47_012393,fits,231.65
itm_47_012394,overflows,250.02
itm_47_012395,overflows,376.25
itm_47_012396,wraps,404.06
itm_47_012397,overflows,550.97
itm_47_012398,overflows,493.9
itm_47_012399,wraps,441.84
itm_47_012400,overflows,601.71
itm_47_012401,wraps,236.88
itm_47_012402,wraps,567.01
itm_47_012403,overflows,449.7
itm_47_012404,overflows,212.48
itm_47_012405,overflows,240.49
itm_47_012406,overflows,538.23
itm_47_012407,overflows,226.22
itm_47_012408,overflows,248.65
itm_47_012409,overflows,179.68
itm_47_012410,overflows,679.28
itm_47_012411,overflows,208.87
itm_47_012412,overflows,213.91
itm_47_012413,overflows,153.28
itm_47_012414,overflows,148.98
itm_47_012415,overflows,132.3
itm_47_012416,overflows,116.38
itm_47_012417,overflows,102.67
itm_47_012418,overflows,122.54
itm_47_012419,overflows,266.83
itm_47_012420,overflows,110.35
itm_47_012421,overflows,112.04
itm_47_012422,overflows,134.34
itm_47_012423,fits,94.98
itm_47_012424,overflows,373.74
itm_47_012425,wraps,276.78
itm_47_012426,overflows,122.74
itm_47_012427,wraps,233.95
itm_47_012428,overflows,136.95
itm_47_012429,overflows,213.32
itm_47_012430,wraps,312.44
itm_47_012431,overflows,327.61
itm_47_012432,wraps,395.83
itm_47_012433,overflows,320.24
itm_47_012434,overflows,129.35
itm_47_012435,overflows,261.7
itm_47_012436,fits,88.43
itm_47_012437,overflows,130.52
itm_47_012438,overflows,121.7
itm_47_012439,overflows,61.12
itm_47_012440,overflows,209.64
itm_47_012441,overflows,201.66
itm_47_012442,overflows,175.14
itm_47_012443,overflows,582.39
itm_47_012444,overflows,750.54
itm_47_012445,overflows,227.03
itm_47_012446,overflows,80.51
itm_47_012447,fits,123.17
itm_47_012448,overflows,75.36
itm_47_012449,fits,113.18
itm_47_012450,overflows,103.39
itm_47_012451,overflows,213.89
itm_47_012452,overflows,300.44
itm_47_012453,overflows,46.74
itm_47_012454,overflows,163.95
itm_47_012455,overflows,69.69
itm_47_012456,fits,301.61
itm_47_012457,overflows,345.0
itm_47_012458,overflows,218.15
itm_47_012459,overflows,288.34
itm_47_012460,overflows,159.07
itm_47_012461,overflows,126.5
itm_47_012462,overflows,210.89
itm_47_012463,overflows,248.61
itm_47_012464,overflows,204.26
itm_47_012465,overflows,253.67
itm_47_012466,fits,79.12
itm_47_012467,fits,105.52
itm_47_012468,overflows,93.89
itm_47_012469,overflows,219.76
itm_47_012470,overflows,86.74
itm_47_012471,fits,44.52
itm_47_012472,fits,43.01
itm_47_012473,fits,69.69
itm_47_012474,wraps,223.08
itm_47_012475,fits,210.17
itm_47_012476,overflows,380.9
itm_47_012477,overflows,89.36
itm_47_012478,overflows,140.11
itm_47_012479,overflows,124.69
itm_48_012480,overflows,231.55
itm_48_012481,fits,180.37
itm_48_012482,fits,154.03
itm_48_012483,overflows,80.54
itm_48_012484,fits,53.56
itm_48_012485,fits,59.14
itm_48_012486,overflows,201.97
itm_48_012487,wraps,673.4
itm_48_012488,wraps,175.19
itm_48_012489,fits,57.39
itm_48_012490,fits,140.13
itm_48_012491,overflows,59.14
itm_48_012492,overflows,131.67
itm_48_012493,fits,100.42
itm_48_012494,fits,74.46
itm_48_012495,fits,252.49
itm_48_012496,fits,81.94
itm_48_012497,overflows,160.3
itm_48_012498,fits,173.12
itm_48_012499,fits,75.7
itm_48_012500,overflows,64.17
itm_48_012501,fits,60.16
itm_48_012502,overflows,605.31
itm_48_012503,fits,211.97
itm_48_012504,fits,53.13
itm_48_012505,wraps,391.35
itm_48_012506,wraps,75.58
itm_48_012507,wraps,262.65
itm_48_012508,fits,167.4
itm_48_012509,wraps,341.24
itm_48_012510,fits,178.85
itm_48_012511,fits,36.26
itm_48_012512,fits,109.15
itm_48_012513,fits,58.2
itm_48_012514,fits,64.03
itm_48_012515,wraps,91.85
itm_48_012516,overflows,174.54
itm_48_012517,overflows,180.29
itm_48_012518,fits,141.36
itm_48_012519,wraps,101.72
itm_48_012520,fits,427.66
itm_48_012521,overflows,97.59
itm_48_012522,fits,168.65
itm_48_012523,wraps,112.93
itm_48_012524,overflows,82.51
itm_48_012525,wraps,152.27
itm_48_012526,fits,321.24
itm_48_012527,fits,209.03
itm_48_012528,wraps,126.47
itm_48_012529,fits,113.33
itm_48_012530,fits,283.77
itm_48_012531,fits,109.15
itm_48_012532,overflows,176.68
itm_48_012533,fits,171.77
itm_48_012534,fits,97.71
itm_48_012535,overflows,104.43
itm_48_012536,overflows,100.07
itm_48_012537,wraps,154.13
itm_48_012538,overflows,81.51
itm_48_012539,wraps,126.75
itm_48_012540,overflows,112.64
itm_48_012541,fits,55.76
itm_48_012542,wraps,86.18
itm_48_012543,fits,144.24
itm_48_012544,overflows,56.91
itm_48_012545,fits,63.66
itm_48_012546,overflows,141.77
itm_48_012547,overflows,58.75
itm_48_012548,wraps,78.64
itm_48_012549,overflows,76.57
itm_48_012550,fits,78.78
itm_48_012551,fits,59.97
itm_48_012552,fits,63.61
itm_48_012553,overflows,156.03
itm_48_012554,overflows,388.17
itm_48_012555,overflows,145.59
itm_48_012556,fits,321.24
itm_48_012557,overflows,128.67
itm_48_012558,fits,208.67
itm_48_012559,fits,57.39
itm_48_012560,fits,48.58
itm_48_012561,fits,57.39
itm_48_012562,overflows,59.14
itm_48_012563,overflows,60.77
itm_48_012564,fits,109.15
itm_48_012565,overflows,82.76
itm_48_012566,fits,73.38
itm_48_012567,wraps,159.1
itm_48_012568,overflows,54.42
itm_48_012569,overflows,91.14
itm_48_012570,overflows,133.47
itm_48_012571,fits,58.15
itm_48_012572,overflows,209.2
itm_48_012573,fits,231.89
itm_48_012574,overflows,171.0
itm_48_012575,wraps,269.91
itm_48_012576,wraps,178.46
itm_48_012577,overflows,64.63
itm_48_012578,fits,106.99
itm_48_012579,overflows,158.08
itm_48_012580,wraps,104.49
itm_48_012581,fits,158.08
itm_48_012582,overflows,67.96
itm_48_012583,fits,109.15
itm_48_012584,fits,57.39
itm_48_012585,overflows,82.53
itm_48_012586,wraps,97.58
itm_48_012587,wraps,255.18
itm_48_012588,overflows,120.03
itm_48_012589,overflows,109.15
itm_48_012590,fits,109.15
itm_48_012591,fits,75.7
itm_48_012592,wraps,225.49
itm_48_012593,fits,184.03
itm_48_012594,fits,87.64
itm_48_012595,overflows,68.9
itm_48_012596,overflows,324.6
itm_48_012597,overflows,78.64
itm_48_012598,overflows,74.51
itm_48_012599,fits,109.15
itm_48_012600,fits,60.43
itm_48_012601,overflows,60.16
itm_48_012602,overflows,392.02
itm_48_012603,overflows,61.99
itm_48_012604,fits,68.9
itm_48_012605,fits,163.73
itm_48_012606,overflows,57.84
itm_48_012607,overflows,148.97
itm_48_012608,wraps,158.88
itm_48_012609,wraps,92.35
itm_48_012610,overflows,202.32
itm_48_012611,overflows,221.73
itm_48_012612,overflows,56.54
itm_48_012613,fits,120.03
itm_48_012614,fits,143.63
itm_48_012615,fits,152.62
itm_48_012616,fits,94.13
itm_48_012617,fits,53.13
itm_48_012618,overflows,59.14
itm_48_012619,overflows,121.97
itm_48_012620,overflows,100.92
itm_48_012621,fits,66.96
itm_48_012622,fits,189.89
itm_48_012623,fits,122.17
itm_48_012624,fits,111.03
itm_48_012625,overflows,128.9
itm_48_012626,overflows,129.97
itm_48_012627,overflows,159.44
itm_48_012628,fits,151.16
itm_48_012629,overflows,168.82
itm_48_012630,fits,137.91
itm_48_012631,overflows,57.39
itm_48_012632,overflows,56.55
itm_48_012633,overflows,99.18
itm_48_012634,overflows,63.18
itm_48_012635,wraps,311.82
itm_48_012636,overflows,96.49
itm_48_012637,overflows,120.81
itm_48_012638,fits,101.47
itm_48_012639,overflows,92.15
itm_48_012640,fits,111.52
itm_48_012641,fits,71.49
itm_48_012642,overflows,155.32
itm_48_012643,overflows,151.88
itm_48_012644,overflows,65.96
itm_48_012645,fits,77.39
itm_48_012646,fits,81.77
itm_48_012647,fits,71.09
itm_48_012648,fits,78.9
itm_48_012649,fits,107.26
itm_48_012650,overflows,54.87
itm_48_012651,overflows,63.18
itm_48_012652,fits,77.39
itm_48_012653,overflows,86.27
itm_48_012654,overflows,49.64
itm_48_012655,fits,33.77
itm_48_012656,fits,23.81
itm_48_012657,fits,79.41
itm_48_012658,fits,81.77
itm_48_012659,overflows,135.43
itm_48_012660,overflows,75.02
itm_48_012661,fits,75.36
itm_48_012662,fits,181.47
itm_48_012663,overflows,181.11
itm_48_012664,overflows,63.18
itm_48_012665,overflows,54.33
itm_48_012666,overflows,65.02
itm_48_012667,fits,89.18
itm_48_012668,fits,234.43
itm_48_012669,fits,101.5
itm_48_012670,overflows,56.67
itm_48_012671,fits,144.82
itm_48_012672,fits,152.02
itm_48_012673,fits,162.08
itm_48_012674,overflows,117.97
itm_48_012675,wraps,224.13
itm_48_012676,wraps,283.45
itm_48_012677,wraps,344.91
itm_48_012678,overflows,224.95
itm_48_012679,wraps,147.85
itm_48_012680,overflows,137.39
itm_48_012681,wraps,172.85
itm_48_012682,wraps,386.93
itm_48_012683,wraps,431.25
itm_48_012684,wraps,283.28
itm_48_012685,overflows,187.98
itm_48_012686,wraps,485.5
itm_48_012687,fits,184.97
itm_48_012688,wraps,187.25
itm_48_012689,fits,65.24
itm_48_012690,wraps,89.43
itm_48_012691,wraps,83.38
itm_48_012692,fits,172.44
itm_48_012693,wraps,70.49
itm_48_012694,fits,74.83
itm_48_012695,fits,64.35
itm_48_012696,fits,76.07
itm_48_012697,overflows,93.49
itm_48_012698,fits,71.16
itm_48_012699,wraps,122.0
itm_48_012700,overflows,311.9
itm_48_012701,wraps,284.34
itm_48_012702,overflows,71.16
itm_48_012703,overflows,382.32
itm_48_012704,wraps,91.07
itm_48_012705,overflows,97.52
itm_48_012706,wraps,198.79
itm_48_012707,wraps,528.38
itm_48_012708,overflows,208.06
itm_48_012709,fits,76.92
itm_48_012710,fits,157.8
itm_48_012711,overflows,80.26
itm_48_012712,fits,71.49
itm_48_012713,overflows,109.15
itm_48_012714,wraps,353.08
itm_48_012715,fits,231.73
itm_48_012716,fits,70.02
itm_48_012717,fits,87.45
itm_48_012718,overflows,69.52
itm_48_012719,fits,165.22
itm_48_012720,fits,56.92
itm_48_012721,fits,95.33
itm_48_012722,fits,102.13
itm_48_012723,overflows,201.3
itm_48_012724,overflows,130.11
itm_48_012725,fits,56.92
itm_48_012726,fits,103.94
itm_48_012727,overflows,151.81
itm_48_012728,overflows,70.02
itm_48_012729,fits,76.6
itm_48_012730,fits,136.68
itm_48_012731,fits,74.37
itm_48_012732,overflows,53.9
itm_48_012733,fits,70.02
itm_48_012734,overflows,68.9
itm_48_012735,overflows,75.02
itm_48_012736,wraps,174.29
itm_48_012737,fits,171.03
itm_48_012738,fits,234.48
itm_48_012739,overflows,56.91
itm_49_012740,fits,51.77
itm_49_012741,fits,150.37
itm_49_012742,fits,191.4
itm_49_012743,fits,406.74
itm_49_012744,fits,69.5
itm_49_012745,fits,45.04
itm_49_012746,overflows,147.12
itm_49_012747,fits,138.35
itm_49_012748,fits,50.14
itm_49_012749,wraps,403.2
itm_49_012750,wraps,58.65
itm_49_012751,fits,45.04
itm_49_012752,wraps,347.11
itm_49_012753,fits,344.57
itm_49_012754,wraps,176.96
itm_49_012755,wraps,140.64
itm_49_012756,fits,133.26
itm_49_012757,wraps,363.85
itm_49_012758,wraps,132.56
itm_49_012759,fits,74.11
itm_49_012760,overflows,122.43
itm_49_012761,fits,90.64
itm_49_012762,overflows,90.29
itm_49_012763,fits,118.5
itm_49_012764,wraps,413.56
itm_49_012765,wraps,299.14
itm_49_012766,fits,66.85
itm_49_012767,fits,78.95
itm_49_012768,fits,73.44
itm_49_012769,fits,41.63
itm_49_012770,wraps,149.3
itm_49_012771,fits,132.19
itm_49_012772,fits,170.74
itm_49_012773,fits,112.51
itm_49_012774,wraps,120.8
itm_49_012775,fits,147.51
itm_49_012776,fits,146.42
itm_49_012777,wraps,117.07
itm_49_012778,fits,148.39
itm_49_012779,overflows,77.63
itm_49_012780,wraps,61.65
itm_49_012781,fits,165.58
itm_49_012782,fits,89.49
itm_49_012783,fits,95.79
itm_49_012784,fits,60.18
itm_49_012785,fits,70.1
itm_49_012786,fits,52.93
itm_49_012787,overflows,47.83
itm_49_012788,fits,55.81
itm_49_012789,fits,49.37
itm_49_012790,fits,42.01
itm_49_012791,overflows,82.92
itm_49_012792,fits,89.49
itm_49_012793,fits,122.74
itm_49_012794,fits,93.31
itm_49_012795,fits,63.8
itm_49_012796,wraps,544.6
itm_49_012797,fits,147.13
itm_49_012798,wraps,60.21
itm_49_012799,wraps,189.79
itm_49_012800,fits,89.49
itm_49_012801,fits,89.49
itm_49_012802,wraps,78.58
itm_49_012803,fits,262.94
itm_49_012804,fits,85.27
itm_49_012805,fits,97.95
itm_49_012806,fits,89.49
itm_49_012807,fits,45.04
itm_49_012808,fits,105.04
itm_49_012809,wraps,125.51
itm_49_012810,fits,249.89
itm_49_012811,fits,127.02
itm_49_012812,fits,64.91
itm_49_012813,fits,65.26
itm_49_012814,fits,63.8
itm_49_012815,fits,97.24
itm_49_012816,wraps,61.98
itm_49_012817,fits,43.22
itm_49_012818,wraps,150.6
itm_49_012819,wraps,139.64
itm_49_012820,wraps,175.99
itm_49_012821,wraps,531.59
itm_49_012822,fits,158.94
itm_49_012823,wraps,508.34
itm_49_012824,wraps,181.32
itm_49_012825,fits,118.54
itm_49_012826,wraps,142.28
itm_49_012827,fits,51.77
itm_49_012828,wraps,45.72
itm_49_012829,fits,189.77
itm_49_012830,wraps,160.79
itm_49_012831,fits,95.98
itm_49_012832,fits,89.49
itm_49_012833,wraps,189.77
itm_49_012834,wraps,407.09
itm_49_012835,fits,121.64
itm_49_012836,fits,50.14
itm_49_012837,wraps,126.46
itm_49_012838,wraps,60.18
itm_49_012839,fits,135.37
itm_49_012840,wraps,185.64
itm_49_012841,fits,196.51
itm_49_012842,fits,50.87
itm_49_012843,fits,63.4
itm_49_012844,wraps,125.1
itm_49_012845,fits,161.44
itm_49_012846,fits,56.6
itm_49_012847,wraps,290.43
itm_49_012848,fits,58.15
itm_49_012849,wraps,217.41
itm_49_012850,fits,57.1
itm_49_012851,wraps,161.56
itm_49_012852,wraps,52.76
itm_49_012853,fits,78.93
itm_49_012854,fits,116.64
itm_49_012855,overflows,224.7
itm_49_012856,fits,49.83
itm_49_012857,fits,41.29
itm_49_012858,wraps,181.5
itm_49_012859,wraps,158.57
itm_49_012860,fits,56.03
itm_49_012861,fits,334.55
itm_49_012862,wraps,317.88
itm_49_012863,fits,108.0
itm_49_012864,fits,151.11
itm_49_012865,wraps,104.4
itm_49_012866,wraps,363.65
itm_49_012867,overflows,95.16
itm_49_012868,fits,155.78
itm_49_012869,fits,174.07
itm_49_012870,wraps,365.95
itm_49_012871,fits,67.51
itm_49_012872,fits,283.11
itm_49_012873,fits,46.87
itm_49_012874,fits,118.5
itm_49_012875,fits,163.84
itm_49_012876,wraps,41.38
itm_49_012877,wraps,107.33
itm_49_012878,fits,103.85
itm_49_012879,fits,69.72
itm_49_012880,overflows,49.49
itm_49_012881,fits,51.02
itm_49_012882,fits,124.99
itm_49_012883,fits,290.26
itm_49_012884,fits,159.49
itm_49_012885,fits,184.04
itm_49_012886,fits,124.49
itm_49_012887,fits,73.86
itm_49_012888,fits,114.88
itm_49_012889,overflows,69.49
itm_49_012890,fits,81.22
itm_49_012891,fits,134.74
itm_49_012892,fits,142.04
itm_49_012893,fits,113.86
itm_49_012894,fits,139.35
itm_49_012895,fits,125.36
itm_49_012896,fits,128.87
itm_49_012897,fits,173.16
itm_49_012898,fits,124.54
itm_49_012899,fits,44.7
itm_49_012900,overflows,72.99
itm_49_012901,fits,121.2
itm_49_012902,fits,101.7
itm_49_012903,fits,64.01
itm_49_012904,fits,59.51
itm_49_012905,overflows,41.6
itm_49_012906,fits,49.99
itm_49_012907,fits,144.01
itm_49_012908,fits,130.28
itm_49_012909,fits,212.32
itm_49_012910,fits,213.11
itm_49_012911,wraps,206.99
itm_49_012912,wraps,131.51
itm_49_012913,wraps,170.22
itm_49_012914,wraps,121.52
itm_49_012915,fits,66.08
itm_49_012916,fits,72.32
itm_49_012917,fits,67.59
itm_49_012918,fits,74.98
itm_49_012919,fits,27.0
itm_49_012920,fits,32.67
itm_49_012921,overflows,48.7
itm_49_012922,fits,105.51
itm_49_012923,fits,128.57
itm_49_012924,fits,123.82
itm_49_012925,fits,109.17
itm_49_012926,fits,46.03
itm_49_012927,fits,62.86
itm_49_012928,fits,92.16
itm_49_012929,fits,99.68
itm_49_012930,wraps,105.79
itm_49_012931,wraps,168.7
itm_49_012932,fits,127.49
itm_49_012933,wraps,510.16
itm_49_012934,fits,116.54
itm_49_012935,fits,523.22
itm_49_012936,wraps,222.87
itm_49_012937,wraps,226.43
itm_49_012938,wraps,527.72
itm_49_012939,wraps,351.8
itm_49_012940,fits,303.28
itm_49_012941,wraps,346.16
itm_49_012942,wraps,652.42
itm_49_012943,wraps,313.96
itm_49_012944,wraps,410.55
itm_49_012945,wraps,298.59
itm_49_012946,fits,187.98
itm_49_012947,fits,123.06
itm_49_012948,wraps,313.78
itm_49_012949,wraps,130.65
itm_49_012950,wraps,149.62
itm_49_012951,fits,132.16
itm_49_012952,fits,75.61
itm_49_012953,fits,59.9
itm_49_012954,wraps,97.77
itm_49_012955,wraps,179.33
itm_49_012956,wraps,74.13
itm_49_012957,wraps,53.92
itm_49_012958,fits,128.18
itm_49_012959,fits,111.58
itm_49_012960,fits,127.59
itm_49_012961,fits,268.85
itm_49_012962,fits,26.87
itm_49_012963,fits,62.91
itm_49_012964,fits,59.87
itm_49_012965,wraps,204.06
itm_49_012966,fits,59.02
itm_49_012967,fits,56.03
itm_49_012968,fits,116.95
itm_49_012969,wraps,54.71
itm_49_012970,wraps,109.92
itm_49_012971,fits,49.09
itm_49_012972,fits,87.59
itm_49_012973,wraps,420.06
itm_49_012974,wraps,245.07
itm_49_012975,fits,121.68
itm_49_012976,fits,173.76
itm_49_012977,fits,150.12
itm_49_012978,wraps,114.36
itm_49_012979,fits,129.77
itm_49_012980,fits,123.42
itm_49_012981,wraps,122.0
itm_49_012982,fits,50.13
itm_49_012983,fits,42.03
itm_49_012984,fits,63.83
itm_49_012985,fits,42.05
itm_49_012986,wraps,287.68
itm_49_012987,fits,66.49
itm_49_012988,fits,41.8
itm_49_012989,overflows,119.74
itm_49_012990,fits,44.72
itm_49_012991,fits,80.78
itm_49_012992,fits,75.0
itm_49_012993,fits,125.04
itm_49_012994,fits,57.96
itm_49_012995,fits,45.55
itm_49_012996,fits,65.6
itm_49_012997,fits,45.16
itm_49_012998,fits,136.24
itm_49_012999,fits,126.26
itm_50_013000,fits,141.77
itm_50_013001,fits,55.44
itm_50_013002,fits,52.72
itm_50_013003,fits,92.22
itm_50_013004,overflows,106.17
itm_50_013005,wraps,71.7
itm_50_013006,overflows,93.78
itm_50_013007,fits,132.29
itm_50_013008,wraps,134.5
itm_50_013009,overflows,75.55
itm_50_013010,overflows,63.62
itm_50_013011,fits,54.35
itm_50_013012,wraps,125.34
itm_50_013013,fits,106.1
itm_50_013014,fits,98.0
itm_50_013015,fits,59.38
itm_50_013016,fits,62.35
itm_50_013017,fits,50.7
itm_50_013018,wraps,147.25
itm_50_013019,fits,133.04
itm_50_013020,fits,120.25
itm_50_013021,wraps,461.73
itm_50_013022,overflows,79.89
itm_50_013023,overflows,350.64
itm_50_013024,wraps,100.39
itm_50_013025,wraps,73.83
itm_50_013026,wraps,408.34
itm_50_013027,wraps,97.66
itm_50_013028,wraps,117.27
itm_50_013029,wraps,169.14
itm_50_013030,overflows,275.35
itm_50_013031,wraps,152.18
itm_50_013032,wraps,136.42
itm_50_013033,overflows,286.51
itm_50_013034,overflows,69.77
itm_50_013035,wraps,106.99
itm_50_013036,overflows,69.17
itm_50_013037,fits,141.41
itm_50_013038,wraps,119.94
itm_50_013039,fits,58.34
itm_50_013040,overflows,245.17
itm_50_013041,fits,197.69
itm_50_013042,overflows,435.3
itm_50_013043,wraps,153.16
itm_50_013044,fits,69.55
itm_50_013045,wraps,67.19
itm_50_013046,wraps,87.8
itm_50_013047,fits,56.35
itm_50_013048,wraps,78.85
itm_50_013049,fits,105.25
itm_50_013050,fits,100.4
itm_50_013051,fits,40.93
itm_50_013052,fits,53.57
itm_50_013053,overflows,64.94
itm_50_013054,fits,158.44
itm_50_013055,overflows,115.37
itm_50_013056,fits,98.09
itm_50_013057,overflows,157.95
itm_50_013058,fits,87.5
itm_50_013059,fits,52.47
itm_50_013060,wraps,270.03
itm_50_013061,fits,99.29
itm_50_013062,overflows,382.88
itm_50_013063,fits,99.29
itm_50_013064,fits,63.62
itm_50_013065,fits,68.09
itm_50_013066,fits,114.59
itm_50_013067,fits,53.82
itm_50_013068,fits,86.5
itm_50_013069,fits,64.14
itm_50_013070,fits,69.78
itm_50_013071,fits,106.49
itm_50_013072,wraps,219.73
itm_50_013073,wraps,63.08
itm_50_013074,wraps,110.64
itm_50_013075,overflows,129.0
itm_50_013076,overflows,50.7
itm_50_013077,fits,53.82
itm_50_013078,fits,32.34
itm_50_013079,fits,111.97
itm_50_013080,fits,81.16
itm_50_013081,fits,95.7
itm_50_013082,overflows,87.35
itm_50_013083,overflows,110.41
itm_50_013084,overflows,57.81
itm_50_013085,wraps,65.84
itm_50_013086,wraps,130.3
itm_50_013087,wraps,220.31
itm_50_013088,wraps,173.25
itm_50_013089,wraps,187.49
itm_50_013090,wraps,125.66
itm_50_013091,wraps,231.01
itm_50_013092,overflows,229.19
itm_50_013093,fits,152.56
itm_50_013094,fits,66.35
itm_50_013095,fits,218.43
itm_50_013096,fits,60.48
itm_50_013097,wraps,279.14
itm_50_013098,overflows,414.19
itm_50_013099,fits,61.65
itm_50_013100,overflows,550.05
itm_50_013101,wraps,162.54
itm_50_013102,fits,77.33
itm_50_013103,overflows,58.18
itm_50_013104,fits,114.59
itm_50_013105,fits,50.09
itm_50_013106,fits,64.92
itm_50_013107,fits,62.11
itm_50_013108,overflows,68.23
itm_50_013109,overflows,53.82
itm_50_013110,overflows,708.83
itm_50_013111,wraps,87.06
itm_50_013112,wraps,106.62
itm_50_013113,overflows,342.12
itm_50_013114,wraps,236.62
itm_50_013115,wraps,168.53
itm_50_013116,wraps,468.86
itm_50_013117,overflows,314.68
itm_50_013118,wraps,283.26
itm_50_013119,wraps,221.49
itm_50_013120,wraps,195.42
itm_50_013121,wraps,71.41
itm_50_013122,wraps,282.96
itm_50_013123,wraps,89.79
itm_50_013124,fits,53.82
itm_50_013125,wraps,61.01
itm_50_013126,wraps,114.7
itm_50_013127,overflows,242.53
itm_50_013128,wraps,140.64
itm_50_013129,wraps,173.4
itm_50_013130,fits,54.35
itm_50_013131,overflows,131.85
itm_50_013132,fits,176.83
itm_50_013133,overflows,148.67
itm_50_013134,wraps,100.79
itm_50_013135,overflows,105.69
itm_50_013136,overflows,121.17
itm_50_013137,overflows,74.76
itm_50_013138,wraps,132.81
itm_50_013139,fits,54.35
itm_50_013140,fits,53.15
itm_50_013141,overflows,125.04
itm_50_013142,fits,65.56
itm_50_013143,overflows,121.97
itm_50_013144,fits,66.54
itm_50_013145,overflows,145.18
itm_50_013146,fits,116.46
itm_50_013147,fits,155.22
itm_50_013148,overflows,188.16
itm_50_013149,overflows,128.72
itm_50_013150,overflows,87.49
itm_50_013151,wraps,127.53
itm_50_013152,wraps,308.96
itm_50_013153,wraps,245.16
itm_50_013154,overflows,73.4
itm_50_013155,fits,196.76
itm_50_013156,overflows,172.99
itm_50_013157,fits,221.17
itm_50_013158,overflows,190.05
itm_50_013159,overflows,128.28
itm_50_013160,fits,116.94
itm_50_013161,fits,70.51
itm_50_013162,wraps,267.76
itm_50_013163,overflows,109.45
itm_50_013164,fits,114.0
itm_50_013165,fits,74.51
itm_50_013166,fits,123.94
itm_50_013167,fits,135.14
itm_50_013168,overflows,221.91
itm_50_013169,overflows,216.19
itm_50_013170,fits,92.11
itm_50_013171,overflows,47.93
itm_50_013172,fits,69.72
itm_50_013173,wraps,456.67
itm_50_013174,fits,46.87
itm_50_013175,fits,102.49
itm_50_013176,fits,71.31
itm_50_013177,fits,139.01
itm_50_013178,fits,143.17
itm_50_013179,overflows,139.95
itm_50_013180,fits,184.7
itm_50_013181,overflows,69.1
itm_50_013182,overflows,68.09
itm_50_013183,fits,112.28
itm_50_013184,fits,101.87
itm_50_013185,fits,86.85
itm_50_013186,fits,62.95
itm_50_013187,overflows,105.78
itm_50_013188,fits,121.91
itm_50_013189,fits,222.89
itm_50_013190,wraps,240.95
itm_50_013191,fits,50.32
itm_50_013192,wraps,615.18
itm_50_013193,overflows,122.38
itm_50_013194,overflows,220.44
itm_50_013195,wraps,206.16
itm_50_013196,fits,263.38
itm_50_013197,wraps,436.6
itm_50_013198,wraps,507.37
itm_50_013199,wraps,397.75
itm_50_013200,overflows,285.06
itm_50_013201,wraps,609.75
itm_50_013202,overflows,425.82
itm_50_013203,wraps,502.8
itm_50_013204,overflows,509.86
itm_50_013205,wraps,337.97
itm_50_013206,wraps,566.93
itm_50_013207,wraps,241.84
itm_50_013208,overflows,134.55
itm_50_013209,wraps,76.59
itm_50_013210,overflows,228.07
itm_50_013211,fits,56.89
itm_50_013212,wraps,73.05
itm_50_013213,overflows,381.96
itm_50_013214,wraps,75.63
itm_50_013215,fits,123.58
itm_50_013216,wraps,269.15
itm_50_013217,overflows,84.91
itm_50_013218,wraps,87.94
itm_50_013219,fits,27.84
itm_50_013220,fits,99.29
itm_50_013221,overflows,108.59
itm_50_013222,fits,53.27
itm_50_013223,wraps,350.31
itm_50_013224,overflows,329.74
itm_50_013225,overflows,278.46
itm_50_013226,fits,90.71
itm_50_013227,overflows,58.89
itm_50_013228,fits,215.28
itm_50_013229,fits,97.47
itm_50_013230,fits,92.2
itm_50_013231,overflows,78.28
itm_50_013232,fits,71.31
itm_50_013233,fits,50.05
itm_50_013234,fits,132.02
itm_50_013235,overflows,63.29
itm_50_013236,fits,53.27
itm_50_013237,wraps,174.52
itm_50_013238,fits,28.93
itm_50_013239,wraps,119.83
itm_50_013240,fits,139.04
itm_50_013241,overflows,67.69
itm_50_013242,fits,58.34
itm_50_013243,overflows,67.69
itm_50_013244,wraps,453.28
itm_50_013245,overflows,193.04
itm_50_013246,overflows,47.07
itm_50_013247,fits,33.7
itm_50_013248,wraps,198.6
itm_50_013249,fits,65.0
itm_50_013250,fits,127.63
itm_50_013251,fits,72.79
itm_50_013252,fits,113.35
itm_50_013253,fits,60.02
itm_50_013254,overflows,94.17
itm_50_013255,overflows,101.76
itm_50_013256,fits,62.37
itm_50_013257,overflows,166.68
itm_50_013258,fits,66.77
itm_50_013259,fits,151.22
itm_51_013260,overflows,165.3
itm_51_013261,overflows,240.61
itm_51_013262,overflows,173.75
itm_51_013263,fits,102.98
itm_51_013264,overflows,126.07
itm_51_013265,overflows,202.86
itm_51_013266,fits,364.33
itm_51_013267,fits,268.47
itm_51_013268,overflows,86.23
itm_51_013269,fits,126.07
itm_51_013270,wraps,253.22
itm_51_013271,overflows,87.4
itm_51_013272,overflows,87.88
itm_51_013273,fits,228.61
itm_51_013274,overflows,109.15
itm_51_013275,wraps,460.35
itm_51_013276,overflows,693.36
itm_51_013277,overflows,193.58
itm_51_013278,wraps,279.53
itm_51_013279,fits,115.82
itm_51_013280,overflows,181.81
itm_51_013281,overflows,119.77
itm_51_013282,overflows,110.37
itm_51_013283,overflows,122.6
itm_51_013284,wraps,602.29
itm_51_013285,overflows,226.22
itm_51_013286,overflows,87.34
itm_51_013287,fits,198.58
itm_51_013288,wraps,129.73
itm_51_013289,overflows,514.21
itm_51_013290,wraps,149.94
itm_51_013291,fits,145.92
itm_51_013292,fits,331.01
itm_51_013293,overflows,193.97
itm_51_013294,overflows,77.34
itm_51_013295,wraps,358.49
itm_51_013296,overflows,116.93
itm_51_013297,overflows,230.7
itm_51_013298,overflows,129.87
itm_51_013299,fits,73.83
itm_51_013300,overflows,120.05
itm_51_013301,overflows,155.43
itm_51_013302,wraps,92.63
itm_51_013303,fits,296.95
itm_51_013304,overflows,731.84
itm_51_013305,overflows,108.58
itm_51_013306,wraps,97.54
itm_51_013307,overflows,164.25
itm_51_013308,fits,81.69
itm_51_013309,overflows,65.54
itm_51_013310,fits,89.09
itm_51_013311,overflows,76.73
itm_51_013312,overflows,70.15
itm_51_013313,overflows,106.5
itm_51_013314,fits,86.98
itm_51_013315,overflows,61.97
itm_51_013316,overflows,159.26
itm_51_013317,overflows,81.32
itm_51_013318,overflows,181.06
itm_51_013319,overflows,84.23
itm_51_013320,overflows,193.33
itm_51_013321,overflows,622.39
itm_51_013322,overflows,126.07
itm_51_013323,overflows,86.09
itm_51_013324,overflows,233.74
itm_51_013325,wraps,111.13
itm_51_013326,wraps,208.26
itm_51_013327,wraps,370.62
itm_51_013328,wraps,186.73
itm_51_013329,overflows,88.51
itm_51_013330,wraps,116.45
itm_51_013331,wraps,129.83
itm_51_013332,overflows,270.78
itm_51_013333,fits,142.65
itm_51_013334,overflows,431.07
itm_51_013335,wraps,283.07
itm_51_013336,overflows,188.25
itm_51_013337,overflows,200.81
itm_51_013338,overflows,126.07
itm_51_013339,fits,232.38
itm_51_013340,overflows,103.35
itm_51_013341,overflows,204.72
itm_51_013342,overflows,187.21
itm_51_013343,overflows,239.89
itm_51_013344,overflows,88.86
itm_51_013345,wraps,266.68
itm_51_013346,fits,73.17
itm_51_013347,wraps,88.53
itm_51_013348,fits,70.15
itm_51_013349,overflows,335.35
itm_51_013350,fits,95.63
itm_51_013351,fits,126.07
itm_51_013352,overflows,74.48
itm_51_013353,overflows,263.11
itm_51_013354,wraps,195.01
itm_51_013355,fits,134.18
itm_51_013356,overflows,340.22
itm_51_013357,overflows,97.3
itm_51_013358,overflows,194.59
itm_51_013359,fits,92.76
itm_51_013360,overflows,185.08
itm_51_013361,fits,85.36
itm_51_013362,overflows,147.13
itm_51_013363,fits,126.07
itm_51_013364,overflows,77.99
itm_51_013365,overflows,99.63
itm_51_013366,overflows,117.39
itm_51_013367,wraps,159.74
itm_51_013368,wraps,479.36
itm_51_013369,overflows,102.98
itm_51_013370,overflows,232.32
itm_51_013371,wraps,430.94
itm_51_013372,overflows,394.98
itm_51_013373,overflows,141.62
itm_51_013374,wraps,725.76
itm_51_013375,overflows,190.05
itm_51_013376,overflows,85.3
itm_51_013377,fits,233.42
itm_51_013378,overflows,228.51
itm_51_013379,fits,77.18
itm_51_013380,overflows,273.92
itm_51_013381,fits,74.2
itm_51_013382,overflows,68.19
itm_51_013383,fits,75.53
itm_51_013384,overflows,57.33
itm_51_013385,fits,75.43
itm_51_013386,overflows,200.28
itm_51_013387,wraps,422.83
itm_51_013388,wraps,168.94
itm_51_013389,overflows,80.83
itm_51_013390,overflows,202.95
itm_51_013391,wraps,171.18
itm_51_013392,fits,72.03
itm_51_013393,overflows,63.27
itm_51_013394,fits,240.05
itm_51_013395,overflows,188.4
itm_51_013396,overflows,126.78
itm_51_013397,overflows,268.86
itm_51_013398,fits,237.1
itm_51_013399,fits,137.13
itm_51_013400,overflows,141.55
itm_51_013401,fits,239.42
itm_51_013402,fits,183.23
itm_51_013403,overflows,272.83
itm_51_013404,overflows,135.51
itm_51_013405,fits,139.17
itm_51_013406,overflows,198.4
itm_51_013407,fits,234.69
itm_51_013408,overflows,279.94
itm_51_013409,fits,201.26
itm_51_013410,overflows,109.83
itm_51_013411,fits,160.67
itm_51_013412,overflows,330.43
itm_51_013413,overflows,282.02
itm_51_013414,overflows,223.09
itm_51_013415,fits,90.26
itm_51_013416,overflows,126.25
itm_51_013417,overflows,90.89
itm_51_013418,overflows,76.34
itm_51_013419,fits,94.67
itm_51_013420,fits,58.39
itm_51_013421,overflows,54.35
itm_51_013422,fits,82.36
itm_51_013423,fits,123.09
itm_51_013424,overflows,150.59
itm_51_013425,overflows,107.19
itm_51_013426,overflows,173.75
itm_51_013427,overflows,161.29
itm_51_013428,fits,46.68
itm_51_013429,fits,87.32
itm_51_013430,fits,190.26
itm_51_013431,overflows,39.76
itm_51_013432,overflows,72.04
itm_51_013433,fits,164.2
itm_51_013434,overflows,123.58
itm_51_013435,fits,183.18
itm_51_013436,overflows,170.32
itm_51_013437,wraps,379.93
itm_51_013438,wraps,639.14
itm_51_013439,overflows,178.91
itm_51_013440,overflows,260.86
itm_51_013441,overflows,429.6
itm_51_013442,wraps,381.04
itm_51_013443,overflows,326.44
itm_51_013444,wraps,574.06
itm_51_013445,overflows,614.95
itm_51_013446,wraps,498.82
itm_51_013447,overflows,366.48
itm_51_013448,wraps,319.64
itm_51_013449,overflows,70.15
itm_51_013450,overflows,201.72
itm_51_013451,overflows,232.68
itm_51_013452,wraps,490.54
itm_51_013453,overflows,465.93
itm_51_013454,wraps,483.93
itm_51_013455,wraps,629.66
itm_51_013456,overflows,385.59
itm_51_013457,overflows,622.03
itm_51_013458,overflows,646.07
itm_51_013459,overflows,328.67
itm_51_013460,overflows,607.9
itm_51_013461,fits,236.07
itm_51_013462,overflows,103.05
itm_51_013463,overflows,150.74
itm_51_013464,fits,83.53
itm_51_013465,wraps,626.0
itm_51_013466,wraps,315.47
itm_51_013467,wraps,112.08
itm_51_013468,fits,140.19
itm_51_013469,wraps,306.3
itm_51_013470,overflows,180.6
itm_51_013471,fits,92.45
itm_51_013472,fits,182.96
itm_51_013473,wraps,511.95
itm_51_013474,overflows,217.25
itm_51_013475,fits,199.14
itm_51_013476,fits,73.63
itm_51_013477,overflows,91.91
itm_51_013478,overflows,85.72
itm_51_013479,overflows,95.85
itm_51_013480,overflows,126.07
itm_51_013481,wraps,441.71
itm_51_013482,wraps,390.72
itm_51_013483,fits,295.31
itm_51_013484,fits,94.84
itm_51_013485,overflows,301.6
itm_51_013486,overflows,556.33
itm_51_013487,wraps,93.93
itm_51_013488,overflows,209.75
itm_51_013489,overflows,73.26
itm_51_013490,overflows,51.74
itm_51_013491,overflows,151.28
itm_51_013492,fits,73.71
itm_51_013493,fits,151.35
itm_51_013494,fits,175.22
itm_51_013495,overflows,182.31
itm_51_013496,overflows,193.05
itm_51_013497,fits,243.57
itm_51_013498,fits,63.29
itm_51_013499,fits,77.61
itm_51_013500,fits,86.2
itm_51_013501,overflows,260.42
itm_51_013502,overflows,81.46
itm_51_013503,fits,265.87
itm_51_013504,overflows,220.25
itm_51_013505,overflows,233.67
itm_51_013506,overflows,252.39
itm_51_013507,fits,34.99
itm_51_013508,fits,63.29
itm_51_013509,fits,178.01
itm_51_013510,fits,85.04
itm_51_013511,overflows,67.09
itm_51_013512,overflows,70.15
itm_51_013513,overflows,70.11
itm_51_013514,overflows,175.73
itm_51_013515,fits,26.56
itm_51_013516,overflows,62.25
itm_51_013517,overflows,104.9
itm_51_013518,overflows,85.02
itm_51_013519,overflows,85.02
itm_52_013520,overflows,550.08
itm_52_013521,fits,55.34
itm_52_013522,overflows,217.59
itm_52_013523,overflows,203.97
itm_52_013524,fits,103.44
itm_52_013525,wraps,177.98
itm_52_013526,fits,55.34
itm_52_013527,fits,46.13
itm_52_013528,fits,55.34
itm_52_013529,overflows,101.42
itm_52_013530,fits,276.82
itm_52_013531,overflows,241.92
itm_52_013532,wraps,115.54
itm_52_013533,overflows,149.76
itm_52_013534,overflows,244.3
itm_52_013535,wraps,168.54
itm_52_013536,overflows,177.29
itm_52_013537,overflows,101.54
itm_52_013538,fits,103.44
itm_52_013539,fits,209.08
itm_52_013540,wraps,154.99
itm_52_013541,wraps,313.04
itm_52_013542,wraps,294.5
itm_52_013543,wraps,228.93
itm_52_013544,fits,26.28
itm_52_013545,overflows,381.49
itm_52_013546,wraps,126.44
itm_52_013547,fits,164.85
itm_52_013548,overflows,90.95
itm_52_013549,overflows,55.6
itm_52_013550,overflows,65.86
itm_52_013551,overflows,180.7
itm_52_013552,fits,437.55
itm_52_013553,fits,152.19
itm_52_013554,fits,60.34
itm_52_013555,wraps,435.15
itm_52_013556,wraps,66.7
itm_52_013557,wraps,142.73
itm_52_013558,fits,224.53
itm_52_013559,overflows,114.09
itm_52_013560,fits,64.15
itm_52_013561,fits,50.51
itm_52_013562,overflows,85.5
itm_52_013563,fits,138.13
itm_52_013564,fits,137.03
itm_52_013565,wraps,82.92
itm_52_013566,wraps,468.85
itm_52_013567,overflows,167.55
itm_52_013568,fits,57.87
itm_52_013569,fits,136.71
itm_52_013570,wraps,68.92
itm_52_013571,fits,206.2
itm_52_013572,wraps,122.62
itm_52_013573,wraps,70.12
itm_52_013574,wraps,57.21
itm_52_013575,overflows,52.55
itm_52_013576,fits,76.97
itm_52_013577,overflows,74.62
itm_52_013578,fits,45.47
itm_52_013579,fits,68.59
itm_52_013580,fits,158.57
itm_52_013581,overflows,161.12
itm_52_013582,fits,103.44
itm_52_013583,fits,35.18
itm_52_013584,overflows,73.74
itm_52_013585,fits,60.46
itm_52_013586,fits,103.44
itm_52_013587,overflows,82.21
itm_52_013588,fits,202.98
itm_52_013589,fits,55.34
itm_52_013590,fits,64.04
itm_52_013591,wraps,448.89
itm_52_013592,wraps,120.22
itm_52_013593,fits,170.71
itm_52_013594,overflows,63.05
itm_52_013595,wraps,183.41
itm_52_013596,wraps,187.16
itm_52_013597,fits,243.25
itm_52_013598,fits,145.23
itm_52_013599,overflows,102.58
itm_52_013600,fits,66.12
itm_52_013601,overflows,102.26
itm_52_013602,fits,39.57
itm_52_013603,wraps,92.57
itm_52_013604,wraps,215.18
itm_52_013605,wraps,151.69
itm_52_013606,wraps,624.64
itm_52_013607,wraps,258.01
itm_52_013608,wraps,380.5
itm_52_013609,wraps,216.76
itm_52_013610,wraps,324.73
itm_52_013611,wraps,173.84
itm_52_013612,overflows,579.22
itm_52_013613,wraps,417.28
itm_52_013614,wraps,211.04
itm_52_013615,overflows,208.75
itm_52_013616,wraps,90.84
itm_52_013617,overflows,141.78
itm_52_013618,fits,205.65
itm_52_013619,fits,141.78
itm_52_013620,fits,233.23
itm_52_013621,overflows,172.16
itm_52_013622,fits,205.72
itm_52_013623,fits,43.91
itm_52_013624,fits,120.37
itm_52_013625,wraps,158.25
itm_52_013626,wraps,280.63
itm_52_013627,wraps,188.21
itm_52_013628,overflows,57.87
itm_52_013629,wraps,74.33
itm_52_013630,fits,113.21
itm_52_013631,overflows,71.48
itm_52_013632,wraps,206.94
itm_52_013633,wraps,90.66
itm_52_013634,overflows,267.49
itm_52_013635,overflows,348.03
itm_52_013636,fits,48.49
itm_52_013637,overflows,124.81
itm_52_013638,overflows,355.52
itm_52_013639,wraps,75.87
itm_52_013640,overflows,231.92
itm_52_013641,fits,53.05
itm_52_013642,wraps,201.05
itm_52_013643,fits,103.44
itm_52_013644,fits,52.6
itm_52_013645,wraps,407.59
itm_52_013646,wraps,328.47
itm_52_013647,wraps,364.4
itm_52_013648,fits,203.34
itm_52_013649,wraps,87.76
itm_52_013650,wraps,72.39
itm_52_013651,overflows,81.9
itm_52_013652,fits,53.36
itm_52_013653,wraps,91.04
itm_52_013654,overflows,51.17
itm_52_013655,overflows,68.86
itm_52_013656,overflows,65.48
itm_52_013657,fits,53.06
itm_52_013658,fits,144.06
itm_52_013659,wraps,194.82
itm_52_013660,fits,77.77
itm_52_013661,fits,137.13
itm_52_013662,overflows,254.75
itm_52_013663,overflows,64.95
itm_52_013664,wraps,128.35
itm_52_013665,fits,213.95
itm_52_013666,fits,82.82
itm_52_013667,fits,44.19
itm_52_013668,overflows,74.63
itm_52_013669,overflows,54.97
itm_52_013670,overflows,75.98
itm_52_013671,fits,102.48
itm_52_013672,overflows,145.83
itm_52_013673,fits,129.87
itm_52_013674,fits,106.02
itm_52_013675,fits,200.54
itm_52_013676,fits,137.03
itm_52_013677,wraps,137.94
itm_52_013678,fits,219.55
itm_52_013679,overflows,113.48
itm_52_013680,wraps,138.93
itm_52_013681,fits,89.08
itm_52_013682,overflows,123.94
itm_52_013683,overflows,75.98
itm_52_013684,overflows,54.57
itm_52_013685,overflows,153.72
itm_52_013686,overflows,229.19
itm_52_013687,overflows,105.81
itm_52_013688,fits,187.08
itm_52_013689,overflows,347.29
itm_52_013690,wraps,144.45
itm_52_013691,overflows,78.41
itm_52_013692,fits,73.12
itm_52_013693,overflows,67.98
itm_52_013694,fits,106.02
itm_52_013695,overflows,59.39
itm_52_013696,fits,109.09
itm_52_013697,fits,72.49
itm_52_013698,fits,105.18
itm_52_013699,fits,71.95
itm_52_013700,overflows,176.37
itm_52_013701,fits,91.59
itm_52_013702,fits,145.41
itm_52_013703,fits,62.98
itm_52_013704,wraps,328.27
itm_52_013705,fits,147.56
itm_52_013706,fits,136.21
itm_52_013707,wraps,117.42
itm_52_013708,fits,174.49
itm_52_013709,overflows,238.55
itm_52_013710,wraps,551.56
itm_52_013711,wraps,230.18
itm_52_013712,wraps,374.2
itm_52_013713,wraps,407.69
itm_52_013714,overflows,165.6
itm_52_013715,fits,147.81
itm_52_013716,wraps,407.05
itm_52_013717,overflows,157.02
itm_52_013718,wraps,638.26
itm_52_013719,overflows,392.75
itm_52_013720,wraps,551.44
itm_52_013721,overflows,173.08
itm_52_013722,wraps,487.14
itm_52_013723,wraps,236.83
itm_52_013724,fits,193.85
itm_52_013725,fits,106.07
itm_52_013726,wraps,64.86
itm_52_013727,fits,49.69
itm_52_013728,overflows,83.07
itm_52_013729,overflows,191.49
itm_52_013730,fits,48.61
itm_52_013731,wraps,112.45
itm_52_013732,fits,121.07
itm_52_013733,overflows,306.84
itm_52_013734,fits,81.57
itm_52_013735,overflows,155.56
itm_52_013736,fits,81.92
itm_52_013737,wraps,250.83
itm_52_013738,overflows,74.27
itm_52_013739,wraps,420.23
itm_52_013740,fits,153.16
itm_52_013741,fits,141.47
itm_52_013742,overflows,173.65
itm_52_013743,overflows,56.2
itm_52_013744,fits,109.64
itm_52_013745,overflows,61.11
itm_52_013746,fits,190.53
itm_52_013747,overflows,287.86
itm_52_013748,fits,152.31
itm_52_013749,overflows,183.23
itm_52_013750,overflows,224.6
itm_52_013751,wraps,132.48
itm_52_013752,overflows,74.27
itm_52_013753,overflows,144.0
itm_52_013754,fits,54.97
itm_52_013755,fits,51.12
itm_52_013756,fits,68.46
itm_52_013757,overflows,189.8
itm_52_013758,fits,141.14
itm_52_013759,overflows,216.05
itm_52_013760,fits,38.74
itm_52_013761,overflows,37.32
itm_52_013762,wraps,168.63
itm_52_013763,fits,28.77
itm_52_013764,fits,183.2
itm_52_013765,overflows,71.57
itm_52_013766,wraps,74.72
itm_52_013767,wraps,68.17
itm_52_013768,fits,133.86
itm_52_013769,overflows,138.98
itm_52_013770,wraps,201.42
itm_52_013771,fits,75.38
itm_52_013772,fits,61.48
itm_52_013773,fits,112.04
itm_52_013774,overflows,120.15
itm_52_013775,overflows,69.28
itm_52_013776,fits,69.55
itm_52_013777,fits,22.08
itm_52_013778,overflows,88.76
itm_52_013779,fits,82.5
itm_53_013780,fits,42.68
itm_53_013781,fits,102.55
itm_53_013782,fits,119.65
itm_53_013783,fits,85.77
itm_53_013784,fits,33.93
itm_53_013785,fits,212.58
itm_53_013786,fits,51.36
itm_53_013787,fits,80.29
itm_53_013788,fits,39.09
itm_53_013789,fits,64.4
itm_53_013790,fits,98.16
itm_53_013791,fits,41.07
itm_53_013792,fits,45.71
itm_53_013793,fits,54.59
itm_53_013794,fits,55.64
itm_53_013795,fits,86.97
itm_53_013796,fits,76.12
itm_53_013797,fits,145.71
itm_53_013798,wraps,191.99
itm_53_013799,fits,103.76
itm_53_013800,fits,109.75
itm_53_013801,wraps,153.22
itm_53_013802,wraps,103.97
itm_53_013803,fits,90.58
itm_53_013804,wraps,230.84
itm_53_013805,fits,69.91
itm_53_013806,fits,62.96
itm_53_013807,wraps,403.26
itm_53_013808,fits,152.01
itm_53_013809,fits,142.51
itm_53_013810,fits,122.59
itm_53_013811,fits,39.09
itm_53_013812,wraps,60.17
itm_53_013813,fits,100.62
itm_53_013814,wraps,95.42
itm_53_013815,fits,113.74
itm_53_013816,wraps,111.48
itm_53_013817,fits,108.87
itm_53_013818,fits,80.8
itm_53_013819,fits,123.75
itm_53_013820,fits,41.49
itm_53_013821,fits,76.61
itm_53_013822,fits,44.46
itm_53_013823,wraps,72.67
itm_53_013824,fits,83.89
itm_53_013825,fits,65.49
itm_53_013826,fits,62.33
itm_53_013827,fits,127.77
itm_53_013828,fits,152.83
itm_53_013829,wraps,348.56
itm_53_013830,wraps,289.91
itm_53_013831,wraps,132.8
itm_53_013832,fits,107.54
itm_53_013833,fits,147.63
itm_53_013834,fits,59.88
itm_53_013835,fits,52.19
itm_53_013836,fits,42.94
itm_53_013837,fits,49.91
itm_53_013838,fits,41.14
itm_53_013839,fits,48.2
itm_53_013840,fits,63.94
itm_53_013841,wraps,39.11
itm_53_013842,fits,48.94
itm_53_013843,fits,129.79
itm_53_013844,fits,45.67
itm_53_013845,fits,80.29
itm_53_013846,fits,189.73
itm_53_013847,fits,80.29
itm_53_013848,fits,126.16
itm_53_013849,fits,61.27
itm_53_013850,fits,80.29
itm_53_013851,fits,39.09
itm_53_013852,wraps,57.53
itm_53_013853,fits,110.93
itm_53_013854,fits,73.92
itm_53_013855,fits,116.85
itm_53_013856,fits,67.86
itm_53_013857,fits,50.55
itm_53_013858,overflows,59.6
itm_53_013859,fits,80.29
itm_53_013860,fits,65.57
itm_53_013861,fits,67.42
itm_53_013862,fits,161.53
itm_53_013863,fits,37.5
itm_53_013864,fits,37.44
itm_53_013865,fits,124.13
itm_53_013866,fits,45.67
itm_53_013867,fits,51.22
itm_53_013868,fits,33.04
itm_53_013869,fits,48.94
itm_53_013870,fits,40.09
itm_53_013871,fits,24.26
itm_53_013872,wraps,54.79
itm_53_013873,fits,83.74
itm_53_013874,fits,72.88
itm_53_013875,fits,272.15
itm_53_013876,wraps,330.63
itm_53_013877,fits,121.29
itm_53_013878,fits,105.89
itm_53_013879,fits,48.0
itm_53_013880,fits,65.07
itm_53_013881,overflows,64.58
itm_53_013882,fits,64.58
itm_53_013883,wraps,55.26
itm_53_013884,fits,131.14
itm_53_013885,fits,130.74
itm_53_013886,wraps,121.82
itm_53_013887,fits,43.72
itm_53_013888,wraps,244.3
itm_53_013889,fits,43.48
itm_53_013890,wraps,129.17
itm_53_013891,fits,107.3
itm_53_013892,fits,80.29
itm_53_013893,wraps,149.3
itm_53_013894,fits,40.83
itm_53_013895,fits,59.63
itm_53_013896,fits,140.61
itm_53_013897,fits,80.69
itm_53_013898,wraps,128.28
itm_53_013899,fits,36.6
itm_53_013900,fits,125.32
itm_53_013901,fits,121.61
itm_53_013902,fits,30.53
itm_53_013903,fits,80.29
itm_53_013904,fits,73.33
itm_53_013905,fits,127.06
itm_53_013906,wraps,330.17
itm_53_013907,fits,86.47
itm_53_013908,fits,35.22
itm_53_013909,fits,16.6
itm_53_013910,fits,16.65
itm_53_013911,fits,34.65
itm_53_013912,wraps,204.39
itm_53_013913,fits,172.08
itm_53_013914,wraps,225.91
itm_53_013915,fits,169.32
itm_53_013916,fits,93.3
itm_53_013917,fits,26.99
itm_53_013918,fits,113.49
itm_53_013919,fits,113.49
itm_53_013920,wraps,340.74
itm_53_013921,fits,59.08
itm_53_013922,wraps,306.5
itm_53_013923,fits,33.93
itm_53_013924,fits,104.36
itm_53_013925,wraps,90.0
itm_53_013926,fits,138.12
itm_53_013927,fits,43.72
itm_53_013928,fits,80.59
itm_53_013929,overflows,618.8
itm_53_013930,wraps,65.36
itm_53_013931,fits,44.91
itm_53_013932,fits,89.8
itm_53_013933,fits,74.38
itm_53_013934,fits,49.57
itm_53_013935,fits,103.87
itm_53_013936,fits,27.44
itm_53_013937,fits,140.82
itm_53_013938,fits,36.73
itm_53_013939,fits,69.57
itm_53_013940,fits,75.66
itm_53_013941,fits,37.98
itm_53_013942,overflows,30.38
itm_53_013943,fits,28.33
itm_53_013944,wraps,255.17
itm_53_013945,fits,84.05
itm_53_013946,fits,47.61
itm_53_013947,fits,106.69
itm_53_013948,fits,64.15
itm_53_013949,fits,182.54
itm_53_013950,fits,171.81
itm_53_013951,fits,73.89
itm_53_013952,fits,183.97
itm_53_013953,fits,36.37
itm_53_013954,fits,82.25
itm_53_013955,fits,137.43
itm_53_013956,fits,146.27
itm_53_013957,fits,155.83
itm_53_013958,fits,113.68
itm_53_013959,fits,61.29
itm_53_013960,fits,42.92
itm_53_013961,fits,68.51
itm_53_013962,fits,89.77
itm_53_013963,fits,107.93
itm_53_013964,fits,58.63
itm_53_013965,fits,51.92
itm_53_013966,fits,101.77
itm_53_013967,fits,89.33
itm_53_013968,wraps,108.62
itm_53_013969,fits,38.82
itm_53_013970,wraps,71.9
itm_53_013971,fits,75.69
itm_53_013972,fits,269.21
itm_53_013973,fits,56.19
itm_53_013974,fits,31.11
itm_53_013975,fits,37.9
itm_53_013976,fits,81.34
itm_53_013977,fits,66.33
itm_53_013978,fits,29.74
itm_53_013979,fits,121.98
itm_53_013980,fits,116.95
itm_53_013981,fits,127.26
itm_53_013982,fits,58.69
itm_53_013983,fits,56.46
itm_53_013984,fits,103.53
itm_53_013985,fits,90.2
itm_53_013986,wraps,176.49
itm_53_013987,wraps,520.52
itm_53_013988,wraps,176.21
itm_53_013989,fits,94.38
itm_53_013990,wraps,250.63
itm_53_013991,wraps,171.46
itm_53_013992,wraps,442.43
itm_53_013993,fits,57.35
itm_53_013994,fits,108.27
itm_53_013995,wraps,120.71
itm_53_013996,fits,32.34
itm_53_013997,wraps,41.66
itm_53_013998,fits,62.29
itm_53_013999,wraps,237.81
itm_53_014000,fits,85.4
itm_53_014001,fits,75.14
itm_53_014002,fits,44.55
itm_53_014003,fits,87.6
itm_53_014004,fits,117.42
itm_53_014005,fits,98.23
itm_53_014006,fits,54.32
itm_53_014007,overflows,215.98
itm_53_014008,wraps,87.36
itm_53_014009,fits,46.58
itm_53_014010,fits,49.04
itm_53_014011,fits,121.61
itm_53_014012,fits,215.98
itm_53_014013,fits,75.84
itm_53_014014,fits,144.1
itm_53_014015,fits,86.17
itm_53_014016,overflows,42.8
itm_53_014017,fits,56.16
itm_53_014018,fits,46.58
itm_53_014019,fits,81.05
itm_53_014020,overflows,90.84
itm_53_014021,fits,116.99
itm_53_014022,fits,104.71
itm_53_014023,fits,29.74
itm_53_014024,overflows,46.43
itm_53_014025,fits,45.01
itm_53_014026,fits,145.6
itm_53_014027,fits,30.09
itm_53_014028,wraps,41.98
itm_53_014029,fits,49.73
itm_53_014030,fits,29.67
itm_53_014031,fits,64.84
itm_53_014032,fits,29.72
itm_53_014033,fits,96.31
itm_53_014034,fits,107.08
itm_53_014035,fits,78.9
itm_53_014036,fits,18.37
itm_53_014037,fits,54.67
itm_53_014038,fits,53.17
itm_53_014039,fits,46.17
itm_54_014040,fits,45.56
itm_54_014041,fits,124.8
itm_54_014042,fits,44.35
itm_54_014043,fits,83.65
itm_54_014044,fits,149.0
itm_54_014045,fits,51.95
itm_54_014046,fits,65.02
itm_54_014047,fits,141.33
itm_54_014048,overflows,130.9
itm_54_014049,fits,73.31
itm_54_014050,wraps,151.51
itm_54_014051,fits,35.93
itm_54_014052,fits,49.62
itm_54_014053,wraps,418.93
itm_54_014054,wraps,96.64
itm_54_014055,wraps,121.71
itm_54_014056,fits,114.58
itm_54_014057,fits,294.89
itm_54_014058,fits,66.63
itm_54_014059,wraps,239.58
itm_54_014060,wraps,101.52
itm_54_014061,overflows,70.09
itm_54_014062,wraps,60.45
itm_54_014063,fits,104.7
itm_54_014064,fits,53.33
itm_54_014065,wraps,77.89
itm_54_014066,fits,120.93
itm_54_014067,fits,72.54
itm_54_014068,wraps,258.7
itm_54_014069,fits,100.02
itm_54_014070,wraps,51.99
itm_54_014071,wraps,79.71
itm_54_014072,wraps,86.39
itm_54_014073,fits,116.95
itm_54_014074,fits,84.34
itm_54_014075,fits,83.85
itm_54_014076,wraps,212.37
itm_54_014077,wraps,75.69
itm_54_014078,fits,198.31
itm_54_014079,wraps,45.58
itm_54_014080,overflows,50.29
itm_54_014081,fits,144.53
itm_54_014082,fits,50.82
itm_54_014083,fits,266.7
itm_54_014084,fits,127.06
itm_54_014085,wraps,213.33
itm_54_014086,fits,126.51
itm_54_014087,fits,83.67
itm_54_014088,fits,108.72
itm_54_014089,fits,58.83
itm_54_014090,fits,44.72
itm_54_014091,fits,59.21
itm_54_014092,fits,89.11
itm_54_014093,fits,49.62
itm_54_014094,fits,53.04
itm_54_014095,fits,57.13
itm_54_014096,fits,124.58
itm_54_014097,fits,76.16
itm_54_014098,wraps,267.54
itm_54_014099,fits,86.55
itm_54_014100,wraps,59.02
itm_54_014101,fits,52.5
itm_54_014102,fits,190.91
itm_54_014103,fits,84.96
itm_54_014104,fits,56.41
itm_54_014105,fits,33.95
itm_54_014106,fits,84.38
itm_54_014107,fits,207.9
itm_54_014108,wraps,133.36
itm_54_014109,fits,43.2
itm_54_014110,fits,106.63
itm_54_014111,fits,81.02
itm_54_014112,wraps,54.48
itm_54_014113,fits,116.78
itm_54_014114,wraps,60.99
itm_54_014115,wraps,53.74
itm_54_014116,fits,86.38
itm_54_014117,fits,39.17
itm_54_014118,fits,116.98
itm_54_014119,wraps,134.0
itm_54_014120,wraps,157.83
itm_54_014121,fits,159.1
itm_54_014122,wraps,140.67
itm_54_014123,fits,103.42
itm_54_014124,fits,82.83
itm_54_014125,fits,57.5
itm_54_014126,fits,52.18
itm_54_014127,wraps,94.77
itm_54_014128,wraps,177.89
itm_54_014129,fits,44.35
itm_54_014130,wraps,139.99
itm_54_014131,fits,50.49
itm_54_014132,fits,124.55
itm_54_014133,wraps,118.92
itm_54_014134,fits,157.21
itm_54_014135,fits,81.68
itm_54_014136,fits,83.67
itm_54_014137,wraps,48.88
itm_54_014138,wraps,49.75
itm_54_014139,fits,17.54
itm_54_014140,wraps,184.32
itm_54_014141,fits,112.13
itm_54_014142,fits,41.92
itm_54_014143,wraps,357.19
itm_54_014144,overflows,79.38
itm_54_014145,wraps,197.46
itm_54_014146,fits,57.1
itm_54_014147,fits,164.19
itm_54_014148,fits,119.51
itm_54_014149,wraps,55.4
itm_54_014150,wraps,278.19
itm_54_014151,wraps,146.64
itm_54_014152,wraps,47.33
itm_54_014153,fits,64.63
itm_54_014154,fits,51.52
itm_54_014155,fits,185.0
itm_54_014156,wraps,47.92
itm_54_014157,fits,110.63
itm_54_014158,fits,279.27
itm_54_014159,wraps,271.04
itm_54_014160,fits,144.42
itm_54_014161,fits,192.75
itm_54_014162,fits,233.14
itm_54_014163,fits,128.76
itm_54_014164,fits,295.07
itm_54_014165,fits,56.23
itm_54_014166,wraps,125.26
itm_54_014167,fits,95.01
itm_54_014168,fits,51.98
itm_54_014169,wraps,43.97
itm_54_014170,fits,53.49
itm_54_014171,fits,80.7
itm_54_014172,fits,66.27
itm_54_014173,wraps,57.19
itm_54_014174,fits,34.68
itm_54_014175,fits,45.64
itm_54_014176,fits,43.81
itm_54_014177,fits,46.14
itm_54_014178,fits,132.46
itm_54_014179,fits,40.07
itm_54_014180,fits,95.66
itm_54_014181,fits,90.61
itm_54_014182,fits,117.93
itm_54_014183,fits,65.64
itm_54_014184,fits,90.16
itm_54_014185,fits,121.68
itm_54_014186,fits,104.21
itm_54_014187,fits,168.85
itm_54_014188,fits,110.57
itm_54_014189,fits,123.74
itm_54_014190,fits,169.36
itm_54_014191,fits,96.94
itm_54_014192,fits,81.01
itm_54_014193,fits,171.26
itm_54_014194,fits,138.83
itm_54_014195,fits,146.56
itm_54_014196,fits,96.89
itm_54_014197,fits,49.25
itm_54_014198,fits,88.2
itm_54_014199,fits,53.11
itm_54_014200,fits,215.2
itm_54_014201,fits,86.96
itm_54_014202,fits,77.66
itm_54_014203,fits,108.76
itm_54_014204,fits,99.26
itm_54_014205,fits,110.52
itm_54_014206,wraps,116.79
itm_54_014207,fits,43.81
itm_54_014208,fits,59.87
itm_54_014209,fits,128.66
itm_54_014210,fits,78.87
itm_54_014211,fits,86.51
itm_54_014212,wraps,80.92
itm_54_014213,fits,65.5
itm_54_014214,fits,79.82
itm_54_014215,fits,302.68
itm_54_014216,fits,52.26
itm_54_014217,fits,124.14
itm_54_014218,overflows,80.44
itm_54_014219,wraps,128.18
itm_54_014220,fits,37.37
itm_54_014221,fits,106.36
itm_54_014222,fits,113.5
itm_54_014223,fits,54.76
itm_54_014224,fits,90.1
itm_54_014225,fits,41.9
itm_54_014226,fits,55.82
itm_54_014227,fits,166.77
itm_54_014228,wraps,215.89
itm_54_014229,wraps,87.46
itm_54_014230,wraps,294.28
itm_54_014231,wraps,187.91
itm_54_014232,fits,123.11
itm_54_014233,fits,99.35
itm_54_014234,fits,198.29
itm_54_014235,fits,289.59
itm_54_014236,fits,335.81
itm_54_014237,fits,428.62
itm_54_014238,fits,220.11
itm_54_014239,fits,382.86
itm_54_014240,wraps,303.44
itm_54_014241,wraps,441.41
itm_54_014242,wraps,149.64
itm_54_014243,fits,88.44
itm_54_014244,wraps,183.89
itm_54_014245,fits,178.85
itm_54_014246,fits,40.14
itm_54_014247,fits,59.86
itm_54_014248,fits,114.01
itm_54_014249,wraps,68.19
itm_54_014250,fits,62.21
itm_54_014251,fits,315.15
itm_54_014252,wraps,72.15
itm_54_014253,wraps,61.63
itm_54_014254,fits,95.69
itm_54_014255,fits,56.43
itm_54_014256,wraps,150.04
itm_54_014257,wraps,60.2
itm_54_014258,fits,51.93
itm_54_014259,wraps,111.09
itm_54_014260,fits,110.26
itm_54_014261,fits,54.5
itm_54_014262,fits,63.13
itm_54_014263,fits,98.41
itm_54_014264,fits,51.42
itm_54_014265,fits,41.9
itm_54_014266,fits,107.96
itm_54_014267,fits,100.37
itm_54_014268,fits,114.7
itm_54_014269,wraps,98.29
itm_54_014270,fits,152.27
itm_54_014271,fits,131.94
itm_54_014272,overflows,48.06
itm_54_014273,fits,108.24
itm_54_014274,fits,75.23
itm_54_014275,fits,44.6
itm_54_014276,fits,110.17
itm_54_014277,fits,42.59
itm_54_014278,fits,114.36
itm_54_014279,fits,51.42
itm_54_014280,fits,118.78
itm_54_014281,fits,53.11
itm_54_014282,fits,101.8
itm_54_014283,fits,176.53
itm_54_014284,fits,75.64
itm_54_014285,fits,35.31
itm_54_014286,fits,83.74
itm_54_014287,fits,47.88
itm_54_014288,fits,174.23
itm_54_014289,fits,153.96
itm_54_014290,fits,52.41
itm_54_014291,fits,78.04
itm_54_014292,fits,52.94
itm_54_014293,fits,23.04
itm_54_014294,fits,25.77
itm_54_014295,fits,41.82
itm_54_014296,fits,83.33
itm_54_014297,fits,49.97
itm_54_014298,fits,59.1
itm_54_014299,fits,101.8
