id,prediction
bs_00002e1b82b06abda3f60c2f,6
bs_001266ec072a5faf6f117c94,7
bs_0014e7ad5ae317fd1cae09a8,7
bs_00150c2de88c662a89804197,5
bs_0019300333625d36cb7f6549,6
bs_001d5912030f43261f5c1426,2
bs_0021ef15c519b3dd5a463d80,2
bs_00235edaaabcfee1143a3520,2
bs_002459d328c2cbb9d022b4f0,6
bs_0024c4c0f44d7f08669b4bde,2
bs_0025813a3c465477e8002f99,4
bs_002972dcdb004d9ec01151b1,6
bs_0033640da0b20a32bdfdfee5,4
bs_003e07b8d39213d96571daca,0
bs_0045bdce7d216ede92e66796,6
bs_00491efe33b897ad7cadd7c9,1
bs_005923be7861f427ff567ed6,5
bs_005b005fa9c15311471de6cc,2
bs_005ee8f52162881341fc7487,3
bs_0060183864248d1eb1097b1f,5
bs_00654253f00c05dc09d894b4,4
bs_0065c57eaf808b07b63c3842,6
bs_007149558deadb78e417ff57,2
bs_00736795a53d0e489fcbf9d7,3
bs_0073fc537546720fbfbd67aa,2
bs_007b555a6172a63af31a4c69,2
bs_0081b8bfbaf39a43dd94939a,6
bs_008e2b7cf1dac2ecb1c73c66,7
bs_0092b177c7ab963c8ffb9731,0
bs_0097dbb9d415e590e09cc49e,7
bs_009b2a42e32685d69edf8443,7
bs_009e3cc7f38b744034e7242e,7
bs_009fcaa08fe7f318d9de9742,1
bs_00a0908da3e48c12e5ced13f,3
bs_00a56dcebdac7f03c8447fb9,5
bs_00ad8df608d4b04ccc540cf1,3
bs_00b7e162dfc224d39769403f,2
bs_00c1dbc9d9916b9f45dcf3db,6
bs_00c9232410e8c051759f9cab,2
bs_00cebd28233771743d2d371b,6
bs_00cfe77ad53ff3780d595581,0
bs_00eb93b3b8bd61fd4d0ff09d,3
bs_00ecc4506ba11388bcad0f73,4
bs_00edfc2b0bf2f2c253707f12,1
bs_00f423fdef82b12fe234a46b,3
bs_00f870f33cdf43db76e76f3c,5
bs_01057655f99880a0e78cbe94,6
bs_011045bead9b72daf87d420b,5
bs_0119bfe0f42e7795dfcb85eb,0
bs_01227f92093ff702c731ff8c,2
bs_0124994760c3948ae699e7f3,1
bs_012f9c8dc9db74d3d12e8ce3,3
bs_01378907774874be3ec06512,4
bs_01427beb5ea90414cc85bc8f,4
bs_0150df3684904caeeca4044b,0
bs_0153b31c2d74d2f7601364b6,4
bs_0154a0893f101fcfdea70f81,0
bs_016768eea5ab3377d3b86865,2
bs_01681b22ad7ee2755a25a14c,5
bs_0169b1704aefed07111e9171,4
bs_0176bb4fbf46ec95c5ff49ef,1
bs_0178dc42b7e2bb9f9296ec25,1
bs_017b5c9a85078d0b3a29136f,0
bs_017eeb36380ddd67be0d6a4c,5
bs_018554242f34c959261cb80e,6
bs_018a69042b18b025b2263a54,2
bs_019a627771997a511d3f9612,3
bs_01aa16ecf295f894d4d71788,5
bs_01b1fe90b866ea9737965e65,0
bs_01c47c1a39ac6886989cba0c,0
bs_01d16e11a839d4d23a8dc14b,7
bs_01de773c7586a80ac8ee8e7d,2
bs_01e2c483843200e7102c3219,2
bs_01e812f1f15b7fe62bdc5a27,1
bs_01f39cf02de158e6b35531e7,0
bs_01f450599a412aecd00850e1,3
bs_01f829502cd3188bb460b00e,5
bs_01f90b67cf066e1656c43141,2
bs_0200f5ae49e7cd6339b1ee7b,5
bs_02020ebc7a8e5e45230a6821,0
bs_020262d623d73f797a6a5067,2
bs_020853b44985df4b79394543,4
bs_0208ed8d5b6b21f834c8a073,3
bs_02137dcc00d1a5a455b4d80d,6
bs_0218999a08d31b94f9992bd0,5
bs_021a8cccb80672540d28fee2,5
bs_023793283a179e694b494c44,0
bs_02394471806e198229601357,1
bs_024877208a384ad09a5ad706,7
bs_02498fddfe46cc3d616cdffa,3
bs_0252bbedb1579e7957ed311d,0
bs_025345f71ce84693feb5bcca,0
bs_02610bb2672d783a3027ae18,1
bs_026b8b9ec62526f80b9b2be6,6
bs_027110366919d97d40d22309,2
bs_028f2f4faf96a9a3bb7a6a79,4
bs_02976b2d1404422688b5ae7c,4
bs_02a56dd7f6cff5836c1fa322,5
bs_02abd4c4637607adbbf76f70,6
bs_02b1fdc0f86c810e1affd153,2
bs_02b59a332519b5c293f8efd4,0
bs_02c7efe1da460a7ed4b53ac8,6
bs_02c897ccd5b2b8f1834d46e9,5
bs_02cd81f4c7fd448ba3fc4a77,3
bs_02d21899a3660c97d4cba9ca,4
bs_02e12ae108fb5f0e35ea334e,4
bs_02e8f34750759abb2505227d,4
bs_02ec28f04aaa5a9bdbe626de,4
bs_02f464d3b385bd79002fce31,0
bs_02f494c513c53efe75fc6188,4
bs_02f7218f435f4898b3d19576,6
bs_0307dc44b2f49367e5797cb6,4
bs_030ff1292ce603dd6dbe3186,5
bs_031c307b7f3930fc9d723e2d,5
bs_031f1b3548ba707b31d21c81,0
bs_032aeda4aa119f1c458ec58e,6
bs_033c8a6784ec75b141d63e0e,3
bs_034a495678141e9ccd06e030,4
bs_034b7b1f20a33e58d3efb38c,4
bs_034bf3c325396087387964d2,6
bs_0350e209a86a24499b673f18,3
bs_03570e7860ad4c461faf7cbb,7
bs_03660f1e6b72860b85af6c39,4
bs_0379e95a6a9f8071eda76fff,7
bs_037e06497841d3c733c78781,5
bs_038d3efffefd72bd02c804dd,5
bs_038e32d7ef61c77f963d31db,0
bs_0391f2f1f4fec446e0c98835,0
bs_0394fc200babf71e963379c4,5
bs_03a962a296c61586e2bae08d,4
bs_03ac1e0257b9b7fb072562fe,2
bs_03afa58d782c8b2100a4e6c5,6
bs_03b033df9e58d315cf8fc0bf,0
bs_03bea0803daf6bdc6c93b04f,5
bs_03bedd3d1f94387a9f667d67,1
bs_03cde0996312b00bb6c228f9,4
bs_03cfee0e798d2875b7249eed,4
bs_03d84f87a1b549d148404be1,6
bs_03db7fc2540f3c67842a442c,4
bs_03f9f05fe1d554598a2c75eb,1
bs_03fbd4a7d4d7c98f4348f76d,4
bs_03fe6354033598f4d635f6e2,3
bs_0400a7998e43a59f70ecb7ab,6
bs_040188e31ecc24565a6cc41a,0
bs_0407ce044ad265cf7d9582b7,2
bs_040e1c4825950093e0d346d9,6
bs_040fa6c95d94fcd7abc1d0d2,0
bs_04104791f4809288abad7e88,2
bs_0412573033c5b436af130dbe,6
bs_041829ac26d79ff738bc131a,3
bs_041af341e539e4914c6d2458,3
bs_041d7d74ae7133a3f10bf1c7,5
bs_04252d224c456919e77a6e49,7
bs_0426a7034c9eae132f9686b4,1
bs_042d20fafb2e05de0ebdbeb2,1
bs_042da0146ffa08d0ee54fa5d,1
bs_0437a7b4ccc713ee8a9583bb,6
bs_0439dd5b44a3e7376acab3c2,1
bs_0451e339c2af21451be93ea3,7
bs_04545c476e107ec750184247,5
bs_045cac005faf6007ab796bac,2
bs_045d2a5bdf7fde2eca5e7c91,0
bs_0460bddb2296b67c3d805950,3
bs_046216b3db420c26d46f3324,0
bs_046a2c5460c491c8baf814cb,4
bs_046ad82b6f31259140c0e31b,0
bs_046c298e2df47da9dd37c257,4
bs_0474b630c939d52080272ce9,5
bs_0476e22b8a2c51a9cf75b3d5,2
bs_047c3b2cdb073ef1fca3e017,1
bs_047cab5adcf7338ff38b8c10,1
bs_047fe7db096b4f037328b8c6,2
bs_0480445abb89d3b74b1c7001,7
bs_0480ddd1d3b1bf6f35ccd6f9,3
bs_04838cbcabc2519c44d718ff,0
bs_0485242fbafce86e10658230,3
bs_0485742e2235bc37e5b9b8aa,2
bs_04aae46f1979dedd37917a22,3
bs_04ac42a175be8f34397c11ff,3
bs_04bb989626a3fe99440ea06d,6
bs_04bc7d78de8f770dc7db27b6,0
bs_04c22b33be8046705be2b6fd,2
bs_04c4f81267fde03635946ced,1
bs_04c53aaf01ceb86e501a474e,6
bs_04c6298828853cc7f3817dec,1
bs_04c7108f650b746392fc7b65,4
bs_04c7d835e0001ca240df809c,6
bs_04ca78c8186efedc1222f6e6,3
bs_04cc6cf7c07b7c99f1f6b872,7
bs_04d006e854131c439c449e6d,3
bs_04d4eba0e4cc710d13d701be,5
bs_04d557ccf6c9e22be4b58887,1
bs_04d6c378a502d4f31c98c16c,5
bs_04de35cba2bf7698b9afd015,3
bs_04e5de233d89b1eab60f4f82,1
bs_04ea82e2fe0d4a2ae5d8a0a2,0
bs_04f15a2ac32c60cd5402a053,2
bs_04f70427efa3f45523a96880,1
bs_04f9fb337c659a189cb38cca,1
bs_04fab1490da6d049e754536c,3
bs_0501514126620dde59747a19,3
bs_05143969945eacd4f64e486a,3
bs_0519138320af13c56ea76e21,4
bs_051accb3371bf4d724abb5cf,3
bs_051b57fd1a0fd72140ca77a7,4
bs_051c92482eeff003ad69b71e,3
bs_0527e96e8500e69d1e1951c8,5
bs_052aaf9688930bb11977767d,0
bs_052e28482fa5fcbfb406161b,3
bs_054131429bf7d62d898627a8,3
bs_0541ffab96e078f3259eede6,2
bs_054c53ad381c391e92ba9320,0
bs_054c80b9723113474edd8a02,0
bs_054d735844addb4dc8644ff1,2
bs_054e526ac99004aca268c8fa,0
bs_05546695ed5c5f7a6e38ee39,2
bs_055b2813fdad3f8f5966ecd8,3
bs_0567b47040f0f9913820d4c4,5
bs_056f7f5258b831181ad9f396,1
bs_05856a9dba45e201881a1566,3
bs_0594a73c870634b3603075a9,3
bs_0594ccfd5dc417b15cd4c64b,2
bs_0595ec9739d313ea510f6a64,2
bs_05a3ee8026d6fbe1c0fc3a92,7
bs_05b438c9b7443841171beddc,0
bs_05b740fa4510bc8c3408d4ba,2
bs_05b78d0073c14905f6c3c428,1
bs_05b9a0a748f2474ad0d9a409,3
bs_05c169d6a6d786e1775c68b8,4
bs_05c23e624dcb61390f0c89d2,4
bs_05c3643fcd97ea6d707a0c0e,1
bs_05c6d0e68adbb8ededa239d9,4
bs_05c84e32fa84f62885aa5115,4
bs_05cefac6c2f709e4df57a62f,1
bs_05d1df07e39a1e0600a82566,6
bs_05d1ff037fdaabcd385d3282,0
bs_05d42d1bd04b0fc54df438d6,4
bs_05d7d28882bb90544405e538,6
bs_05d96e5baecb8b38488849b8,4
bs_05e494377441eabf1ccd1be9,5
bs_05e59be064498518c330e21a,4
bs_05ed805a3f44956f284d935d,2
bs_05f74584c2e078148682aa82,0
bs_0601008848e457e05da04d27,4
bs_0601a77af5f3c9c56322b393,2
bs_060289457143ca6eff3a93fd,4
bs_0604c58983429a5139324cd2,5
bs_060eb698a8f8a0a8692eed34,4
bs_0611983ba45a71b69f8c8f59,2
bs_0628a2af5602a03ba2b8b2bf,5
bs_0628c0ea8a8b1d43ff8c8e75,7
bs_062b2104c0e4017d028f3a5a,6
bs_06309243c99d562c274a8abc,0
bs_0635724f8cf2483355f8e61f,3
bs_063611ebd295563511877bcb,0
bs_06391e63a284f1ac1e31e422,1
bs_0645a514d9ce8c831c69d5ac,2
bs_06520a39fcde4ef1700c5f10,2
bs_065c05ddc597f65c70254056,3
bs_065c89e31903351e67f7ba0f,6
bs_065e7c7ab627a93aae9808e9,7
bs_065feaa4fba60e3d4b8cc2f3,3
bs_0661062670f782edda650b12,0
bs_0663518e554b6a71139a086e,3
bs_06688f1c6f7786788a9c7162,2
bs_066cf3858f2d20fab957e2db,1
bs_06761ce790e086aa99418c28,7
bs_06796c0f0e13da72db5c0f0f,6
bs_067d85fc37bf6d9960341a77,5
bs_0680c10a39a6f62f93ec7db9,2
bs_068292df51b9f59a5107a3ac,2
bs_06869bcce8c5622d764c23de,0
bs_069785ea83047b3fc8b29b9d,3
bs_069ab4e18085f16fa0bfc246,4
bs_069c58b8f1f086b756d25db8,2
bs_06a22f0b027c9d61ac93b8b3,4
bs_06ad6799d1072433e7ed9213,7
bs_06b3b7ca387ee25fb021b3a6,0
bs_06b9012ac3d00db6973bd26d,1
bs_06ba60c8fc06d749420680d4,6
bs_06bc2603cd25e3bada5d9e06,4
bs_06bea28c15d4bb94311cdc00,3
bs_06c2a6b3120428e23543d114,4
bs_06ca4f57eecd166ad0147199,2
bs_06d1e8b5eb4d5a0eecaee008,6
bs_06d3253048498315c690d5bd,0
bs_06e1eb04d1d1022ba1ca7652,7
bs_06ec973084660657507fde9a,5
bs_06fc1d8f70542e8a8403fe95,0
bs_0701246f6b12dc0b6d6eb5b1,7
bs_070a339862d6cc237d52fdb2,6
bs_07103be42ad81c9c2729a7d5,3
bs_07177f9b8ff06b30dabdf4e2,7
bs_0717b6119269ccf5e2a4ead9,3
bs_072985ad5a4f44d6a2c4eeff,3
bs_072b9de13c1faefd0eb6b038,3
bs_072fdbe216b9c06b1b0a4a5b,7
bs_07304ea7624e3f9ad7aaeb6f,6
bs_073088cd2460347ccc4f525c,6
bs_0731541e69b2645ab40c277a,1
bs_0734d42848a91578652431bf,2
bs_073905afb4942defb810e43f,0
bs_0741c46c457fbf81b67216fd,4
bs_074678268448c916ff490986,4
bs_074ec60022beeff4b73181bd,2
bs_0752eb8bd1ee1d795bcd6ba2,5
bs_075c78b563eb3193b6fe54fd,4
bs_075cbbea91b7230482891722,0
bs_07627fecdde6acaa0e692182,1
bs_07696d8f39763b39ddf4b86b,1
bs_076d83a2d57886a6016ad752,0
bs_076f0a4a9c0232edac04bab2,7
bs_07789e406a72ab8192e733d8,7
bs_07814501baec34a2990bee70,6
bs_07878ef434e9655683be2215,4
bs_078ecfaef080854cf59fc633,7
bs_0792198b442cfaf6ea36914a,2
bs_0792bcba6ac88be8e669237b,4
bs_0795aaf05d93e419bc1d0a0c,3
bs_07a816f61848180ccc5492a1,6
bs_07ae49684759fa79657d6b54,3
bs_07b050bfff4d4bf528afa726,6
bs_07b42c97fe5a849ca2bc5094,0
bs_07b797aa5e67bda25b48145d,6
bs_07b8471d5f69ffc790132ba0,6
bs_07b9419e66981492c48373a1,2
bs_07bcec0f8077f201c5b8d646,1
bs_07e00ad8c7484e21a63513fd,0
bs_07e0475aee787e8fbf0ec087,0
bs_07e94604fbafde5f7e0e2ca3,6
bs_07f9252a841469e4a3222207,0
bs_080eedc55cefef75cb55fb4f,1
bs_081003a762471d818c071f2e,2
bs_08118c61a6df189a63d58c9d,3
bs_0812ef73c98e2016650c0298,1
bs_0815f87b7787d64d2729df9a,3
bs_0820ed90952f5df98f5b3d8c,0
bs_08227cf788758fa844174be9,7
bs_0827f0fd116f22e329c560d6,1
bs_082b55459be53e0d6db459d3,7
bs_082d07e8154a140e3c591dc8,1
bs_0834c248a3c0aaa3e1905cde,7
bs_084313d20db7e2df8edcc1cf,5
bs_0846fffdbfc7006ee6ecfdd1,7
bs_084999c702650d0d5b20fb3c,0
bs_0853d3ec1b298acb760bd7e7,0
bs_0857d4c8c1d306912c1a41d5,7
bs_085a40bb0ef17c6628244f1b,1
bs_085a82aebaf6f11440c37a6a,6
bs_0867f10b2bf736a3ad7895b6,6
bs_086bdda33fb6d46dc2a77bcf,0
bs_086ed9696fc8422d607762d6,3
bs_0884af469f1b78d0740d2dc8,5
bs_0884c3eb2488db4ef86be9f5,7
bs_08992bbae41d7de8b8de8843,3
bs_08a6034d162d79cefe4118e5,2
bs_08aa24c3af795bf985af16ae,5
bs_08ad8e7dd42655cad1bcab84,2
bs_08cc85976ed5bc8b3d07686f,7
bs_08d3784da5a01d4c1b6d1f5c,0
bs_08d86ae741f8deea4b05dfa3,7
bs_08dc93e19bc7638810802d18,5
bs_08e01f03baa320426ef25c10,7
bs_08e1d9d4d5d3821ed9e502a7,4
bs_08efd874ae5cd7a3427b2618,4
bs_08f32b52a775685028f998fc,4
bs_08fc0e7e5a99ba639e9e3883,4
bs_09104bd9c5983d9e4cd1732f,4
bs_09146f52e95ccc8bd014558b,0
bs_0922ab223471c47c99288a25,2
bs_0924db2bf2538644d3750bba,7
bs_092cabc9aadd4492081cf542,7
bs_093bf26ef01bc91c1ea6aef4,1
bs_093d2a83c46c086983b1adec,1
bs_0940e77ffa9cd757600ad1c5,5
bs_0942ac9da9db8164a65ae5c6,3
bs_09446afba1fcfc3e9615d408,6
bs_09472b27f0cbfe9f3e48c987,1
bs_094751bbb6d3b82cdf5f9e79,1
bs_0951324deeda8362416076df,4
bs_0957014c0bbbbb45513c772a,1
bs_0969a524e8f29c624463344a,6
bs_0977b64ab23ae004b0cfb73f,1
bs_097ba53aa67fe3324371e402,7
bs_097d7f2372b56a440527e3d4,4
bs_0983c3216e669edf445befeb,2
bs_0983f65fe41cad3ebf12a90d,1
bs_0985e719d9ec979355d5861d,4
bs_0989d55687256b404d78e2ed,7
bs_098b0bdfe994c3ec00f0c7e7,0
bs_098d3bb177f15afd17d0ff31,4
bs_098eb1388033013aebf5ff16,1
bs_098fe03d69070106c5a50547,3
bs_0996788d2489e0faf7462b2a,1
bs_09980f1935857c03a39d4ca1,5
bs_09992c268a41c86ad8145f96,2
bs_09a95f32b0777d0e5ecbb699,7
bs_09ad21f5430a668b29933f24,6
bs_09af32a4de0770b0086d7ff4,2
bs_09b69d469b46690f3df98ed0,0
bs_09bdef71c8cb4b99ea3c3e5d,0
bs_09c7bcd6ed96c377d7b390d4,3
bs_09c890fe98e1433c6ac8b170,6
bs_09cbeae4409238ba6432f5fa,2
bs_09cc371fcebe6c7bfe20d7dd,6
bs_09d1a7272dd38bfaeff13aef,7
bs_09d23da5f47f33373a89ecf1,3
bs_09d7770614942403ea2c08d2,1
bs_09dbd87cf9ed2e210108da37,6
bs_09e18be892afececbfa4f4e6,0
bs_09e53c690ef021fe0549157a,1
bs_09ed4036f72202a32d55f20e,3
bs_09f2ffae3145079522c2e7a1,6
bs_0a056cb62cebf335ad4b1806,2
bs_0a0d52db0dcf32f284c227f6,6
bs_0a1f604c4ccf0ba3db32d1f2,6
bs_0a2658e24407cdd86c82950c,3
bs_0a288f00b32eb7b3fc04b052,2
bs_0a3004e17d054d3f98c90372,0
bs_0a3d34ad878ca0f6f8719eea,5
bs_0a3f97f2c0cb07812d9697d6,7
bs_0a538305351ac3362486d8e3,4
bs_0a551677c9c6fa6d41e37b7c,5
bs_0a55f55be4c3c9dc6e4aebe0,4
bs_0a55fb68c1171a1dacd3e44d,4
bs_0a5a372ac978630bca620e34,3
bs_0a5f6488d63f535deedcacd8,6
bs_0a63b5aad839265a75919b3c,2
bs_0a6b027f2b378a2ab8915c6d,4
bs_0a7d87f79cbd52a47c5c9036,7
bs_0a8e25eb22cd0d256bc2b1c6,3
bs_0a93ad565decbcb49e4d21e3,2
bs_0a9db62d0ed4a15798c39bde,0
bs_0aa1f1be6acc8218fc4444c9,3
bs_0aa45329b1e2061a9562ef7e,1
bs_0aaa8225373cd28032080e1b,2
bs_0aad9f5646a3db55b9ed6305,3
bs_0aafd4300cc7dd032407c9b7,3
bs_0abb1938cc72d4245d676ffc,1
bs_0abea5d00f8ff6867538d906,7
bs_0ac27e600fe5c0a070c7f158,1
bs_0accdba1d0ce38ae676bb2f6,2
bs_0ad213d0b90f59c61312c3b8,7
bs_0ad94d734c606527e2d9a45e,5
bs_0ad97f8d409dc66fffbff19c,5
bs_0b06ed2ad1e940b6ec0503e0,5
bs_0b094c23efa87c5a541a6325,1
bs_0b0f58a012ee86dc19eb38bc,1
bs_0b10ca7bf2b77c89600445eb,7
bs_0b152b013f047ac32955af55,5
bs_0b17849caf3dbb7ca0bd1b3a,2
bs_0b197ddbd91f389f2da38c1e,5
bs_0b35e3495773c18b2d343065,2
bs_0b376cc18980a18c05c9f36b,1
bs_0b386fa5da4d24509951fad2,1
bs_0b38f6674c83b0a6cfcea232,2
bs_0b3c8aad5ed94309d9716c24,3
bs_0b3cd0261f33506d98520076,6
bs_0b3db75de0feaa7238705e4a,0
bs_0b405ad21144e2015866d3bd,6
bs_0b4710540eb9436b1a68a1bf,7
bs_0b48a236d294887157b9125f,1
bs_0b4ad95c45df303076831903,2
bs_0b56e9a4bc86a3cbc57901cb,2
bs_0b67260d936cd5281423fc9a,2
bs_0b67fbe921fa40f5cac44728,0
bs_0b69adb3b117c29cd748e74f,0
bs_0b704d0bc882de4a1dfa2a86,2
bs_0b71cda1277d17d824e160db,4
bs_0b74c301e5f5b755edae090f,1
bs_0b7b1144a794b53c679a6760,4
bs_0b8262c17a6ee6ab8005fc19,6
bs_0b9c085b3109e2c0cfb9dd05,0
bs_0b9c647e4c7721bd8b153df5,2
bs_0ba38ee5970df85aef140e57,6
bs_0ba95fc5f480741179330549,0
bs_0ba9dede7e1f28f81ba16abf,2
bs_0bab7a91511286460ed91e83,7
bs_0bb349d03e53b90e1b6212dd,0
bs_0bb8a8b96636b8fc48ca64ef,4
bs_0bb9ebacb84bca06873afad8,0
bs_0bc3eb5325970e06813428c5,0
bs_0bd6455693bfa516a2c31986,5
bs_0bd821f9a2642b0d94144b9d,3
bs_0bdd2f5c4861b626476e0ff0,6
bs_0bde8b1fdbda3b98ea15be0e,6
bs_0be183993897a1b54f6b98ac,5
bs_0be1ff351261b2ab187518f3,5
bs_0be6d59b367d6d0fd82bf596,4
bs_0bf0694f27e7b883cbeb1d8c,1
bs_0c06a396bbd7fe518e1cd607,3
bs_0c0cec2c7c51d9bd7af8491f,3
bs_0c17454fad38aa3968936b0a,2
bs_0c1ae3afc926774721b5fbae,2
bs_0c1eddf31a81e3073703971e,0
bs_0c2a8c479a777d6579155e38,0
bs_0c2c27e5dedbd8736e16a0cc,0
bs_0c2f961688dc0b91055c25fe,3
bs_0c3880644fc174725a6fc763,2
bs_0c38c6f9469559a0d8f4afca,1
bs_0c3ee479a86be0f61243d39f,0
bs_0c49aaaed89289092d7fce6e,2
bs_0c4efefb99d5511dbe3e55d0,5
bs_0c5435f446615165aa996af8,5
bs_0c561c888f7b29a8c61155c0,5
bs_0c595033e57d572d2ad27ae8,0
bs_0c676ba00c856798cb956242,3
bs_0c71d27d9182d614f7d748e3,1
bs_0c71d6724570153b5900e19c,5
bs_0c74524fc4bf9da007a2f907,3
bs_0c77c98fd047ab15f79e25b3,7
bs_0c865a1764ac26c962385ac4,1
bs_0c924c9ee3aabe005f2ac33c,3
bs_0c951993805e4a765a957019,2
bs_0c96ccf5b82525df8e2bf654,1
bs_0c9d4a392ab8f00088609c3c,7
bs_0c9d85f4cea1ace197d6a95e,7
bs_0ca54c87f5b519d05bd18ec3,7
bs_0cafcd156738953f56514ccc,7
bs_0cb1dfa9153a7d5c1eb52e8f,0
bs_0cb4bbdb38c860676facebbe,6
bs_0cb8ffd282ac040ef8ef55aa,5
bs_0cc284ad2e32a14ff727089d,5
bs_0cc50c138cd3a178da8f8987,2
bs_0ccf1ad3151f265c52c0f128,6
bs_0ccf42be8185e41caa74fe27,1
bs_0cdd3f06c39e5865ecc0ac11,1
bs_0ce42da796ff8baa749a1b9b,1
bs_0cf1ef335ba09d39406321c0,1
bs_0cf79a75a370c157b5ed7e64,6
bs_0cfd52285038a480e0b361db,2
bs_0d0c8a1a8ee0485004019cc9,4
bs_0d0e9a8c01e198d0d8dff3d1,1
bs_0d176ddcf95b3a3a0a3de57d,5
bs_0d17f1ed4bb5a0db5b04aa05,3
bs_0d18611786b2e28778b0e560,7
bs_0d1ddec92451f34e6984bab3,4
bs_0d1f26164d09aa08bf7c24c3,3
bs_0d2905cbca6c7fee07419d2a,5
bs_0d32ecd604006117237bdc84,7
bs_0d3d80616b26b2224b551944,2
bs_0d5919ba85dd6813a5deaa65,5
bs_0d59ec9f57d232742ccd58e3,6
bs_0d5ed88fadc0def1b2bdefd4,3
bs_0d611f34fc46f2a12e1f4474,1
bs_0d67d974c525087251c7f512,1
bs_0d6c78d6e9466fc277e024cb,6
bs_0d6f6e3495383f6a0fc12c12,0
bs_0d77f6417888133fa7b48925,3
bs_0d7bf6e82e047ae104bb2b81,3
bs_0d8478b0c4f29aec47eb2cf4,6
bs_0d8788318514e3089cee565a,1
bs_0d880018b71026a264033e08,6
bs_0d94e7f9c91004ed51945bbc,7
bs_0d96455918b28b71cc721bde,3
bs_0dac5cc2e72d86be2bfd864b,6
bs_0dafc2775d47b0565861bd0c,2
bs_0dca40659f3e0a197a51b260,2
bs_0dcd786bcded458ce9d50448,0
bs_0dcfdde2fec9fc809cfaf9ab,6
bs_0dd1311964a38006d80b2f2c,7
bs_0ddd4636789e12fe17b5e2ca,4
bs_0ddd95be71af1fde1068adab,1
bs_0dee0af0d09638a07a18930e,3
bs_0deeed4ad3464c56f5238da2,4
bs_0def6a158f2d96602c909ef9,5
bs_0df26b894e15ed8d2edde413,3
bs_0df91f115fac79d21fbdd262,5
bs_0dfa5d90b4399b2e51126e6b,3
bs_0dfd4429a6b66267815304b5,1
bs_0e070ab57777c6292739efa4,7
bs_0e15389eae02c1ba49572a60,4
bs_0e1b2f729d557e4eac8df01f,2
bs_0e230ce72bda0928c338e70c,1
bs_0e2a52caa6d0f3f555370a88,1
bs_0e2e99687b4927653469c187,4
bs_0e2eeb48c3554172456600fb,6
bs_0e3141867d41db2856dc5396,4
bs_0e322d857cac8af9355ff136,5
bs_0e36a3b7fee7b1d27629f761,2
bs_0e42d9f7c85ab56872504d1f,4
bs_0e4ba5f00364c4a2fed90a67,7
bs_0e4f1cfa95f307d6c091ecd2,6
bs_0e5420ef48e3de8988660735,4
bs_0e54803409e24ce95e93a498,5
bs_0e559f7af715b8a3d7153b0a,0
bs_0e58113376395b96c479df6d,0
bs_0e63c80219b0389a07d7e80a,1
bs_0e67a7138c9143c1cbf52a37,1
bs_0e71e34631fcaf62a65c0155,0
bs_0e74fb41b3ae23ea2cb02c14,7
bs_0e76a4ee92c5a37a08999857,5
bs_0e7a6652fa3f590baf706de6,3
bs_0e827b37e8755e7d4b801ef2,2
bs_0e854336720b1133c52a937a,1
bs_0e88f3147ca7e0b770fd2de2,1
bs_0e8904d4c56935ce66efa1a4,3
bs_0e89b75d1f94540997fc9ef4,1
bs_0e8a9a6014eb066f5665ecce,6
bs_0e8d39fb3db5ee8c218688cf,4
bs_0e93b8cc01ae0ac3f1da7aa4,4
bs_0e93de0752b8e62a57be4c5e,7
bs_0e9927da7e2e79e2cacdb030,6
bs_0eb51c4a9715da42cedb49e3,5
bs_0ebaa15eb481d0da50ec6522,3
bs_0ebc17b6929944621b95c65d,2
bs_0ecaea80111c7e6172e8ece3,7
bs_0ecca4124ed4117578f2eb77,2
bs_0ed366e79bbd6bdd78e875a5,7
bs_0ee22257053815a97c743489,0
bs_0eec83cb9562d3300b3946a2,7
bs_0ef15fd6855cffd9afae681d,2
bs_0ef4114ddc9b209011a90699,3
bs_0ef8a3fc93918a4b705be006,5
bs_0efdba4727c74625371007d5,0
bs_0f0522b76da928857b9cbe6c,4
bs_0f0d3b36de87f3183b1c4ff7,2
bs_0f10a50448ccb0a8f27220d9,6
bs_0f11a1d4b210627fc484d92b,3
bs_0f1cfd188cde001f069003cc,4
bs_0f227aeb5c353662e108abc2,1
bs_0f2911a35b450ae439ad998e,6
bs_0f2b3ca48d98577a2344a836,5
bs_0f2bdfebbf992b847ef1744f,7
bs_0f420521a6baade7a6db1de5,5
bs_0f44f287b15fa6f2a58447be,7
bs_0f4ed38af3744dacbcf452c1,0
bs_0f5795054f69c1e8f8ca7547,2
bs_0f60558406499bf1a2e14d4c,1
bs_0f69705b890cc1d0ff652cb3,0
bs_0f698cf245de22cab68d51f0,5
bs_0f6b8da6e11118c57d760c32,2
bs_0f722355c4766e613debd644,6
bs_0f7b0ad011397453ad0a61e9,3
bs_0f7b589ce0888e7d65cd03a9,3
bs_0f7ddbc010ffd6a53a80e528,4
bs_0f801e191dfb803b682c9eca,2
bs_0f80e22d09ceacc0a696f1b4,3
bs_0f88a4ee7f2fb38c84344a5e,6
bs_0f89ad2477497aca9a8a6bdd,4
bs_0f8c537043656917824d8bdd,7
bs_0f8ff5790e361384b077deaa,6
bs_0f912275c3dfb184f407fcdc,3
bs_0f9708c5492a6d0c7db08bbb,3
bs_0fa181328522b03781cc1046,2
bs_0fa751d53e24044156fa4a0f,3
bs_0fb77d538ee3777df84fa579,2
bs_0fbc2dcf5cc3065aecc82a82,5
bs_0fbce9921f996dd1aa1c76a0,5
bs_0fc057c95726d233834d136b,6
bs_0fc05d1fd42e77c343ff6d2e,4
bs_0fc2b70ab3d59a0b5de9ceda,2
bs_0fc7e4ad563d8b103a7de0ab,0
bs_0fcbcb1cb95714c8ec5894c8,0
bs_0ffff17112e85b520e51504b,6
bs_1004f1f907c68f57c160c978,5
bs_1006a2c30ca1e7bed1182e54,3
bs_100ca432eeef58ce5da0ee6d,2
bs_101001d33db0d5680eb41198,5
bs_10147168ce98776e14b1821a,2
bs_10197347c5dd66544368147f,6
bs_101bd788482d68e747b1f8cb,2
bs_101cd864687df3cc034f4322,0
bs_101cfeaa2372f07e14ea31be,1
bs_102565e1609a66e88f697ca9,5
bs_1028d7e7d11b3f8695b70969,2
bs_102c8ffb343a99f9c39d20f8,4
bs_102ee22d80fed699672ef194,2
bs_10335488e0cc62824b1e9b98,1
bs_10467081f45749cbd8e59ca3,7
bs_104c0407fb0c87e2b153891a,4
bs_104f3d925d082d0d5f3a788b,5
bs_10592f905439d3868df752cc,1
bs_105c062f56597207563aabad,2
bs_10666663d46a061ba8390411,6
bs_10680331e4877f7628e7b395,3
bs_106d1561f452c907ac9f7360,2
bs_106f8f6075493d187314ffdf,6
bs_10706228d4d183c3dc4c5563,2
bs_1083f15e706f9897a8752709,5
bs_1089f3d7d2746ad4897ee267,3
bs_1097de31c89f6a0cee1492d5,7
bs_1098b609721e7d0696fce5de,7
bs_10a27855f2d21fb52da03aad,0
bs_10a6ae365bcbfccfd960a2ac,7
bs_10b74f562ff66bf27de6348b,1
bs_10c2a800f38f149803921cd2,3
bs_10d247cdd810d13e5cd8a2dd,3
bs_10db0966270c8658414ebfb4,4
bs_10e1cb393b8e9ca6d51eba9d,5
bs_10e4e39e2ce57911010b078a,4
bs_10e8ee1ad2de415f9f1233a6,0
bs_10eafc979847cc1206621668,3
bs_10ed4077fa7b236b3df7272c,2
bs_10f281747ccd4963de9c79a7,2
bs_10f7b7900e6a933e74ec8d4e,3
bs_10fd8d047cd6abdcda263b6a,1
bs_1108128541e2a50b3e2a264a,3
bs_110999b1c1bf5b29fed5490a,3
bs_1112b8e8e623338ea475be4e,7
bs_11161d0c27a7426f67c33450,7
bs_1118827d0f2ec791f1880685,3
bs_1118b8c93bc1c376504e7717,2
bs_1123d8cd9d9442931fede1aa,3
bs_11265fe1489d6bc7e9cf6018,3
bs_112b1961722710abc1bf26ab,0
bs_1130460d7208e084157735e9,3
bs_113e66b2abe9cdf98fee14db,3
bs_11429b08c86f5ac37c84d6bb,6
bs_114600d7397941e259db3fe4,1
bs_1148a99ef535fb43068ea90d,1
bs_114f50c9914fcd7be50c3b99,7
bs_11502d5ca37561448cd6f1be,6
bs_1151b456c84dbebdd00416c9,5
bs_1152a2b7d7c0cc4fec7cf243,2
bs_11564e2418523c4474be122b,0
bs_115b1055b5cc5b1914ec5b58,6
bs_11613886a41c9c113768789c,6
bs_1168982c9e873edfed01c269,3
bs_116f7f030f2ca62e9591f5e4,6
bs_11708f689dc3b03d0a834dc7,4
bs_117caab42e9f3b557c8a6d13,3
bs_1181013c74dbf7ea80536c71,4
bs_11834d70f26e05cc4a516314,5
bs_1189d1da3162c67276f6b220,2
bs_118c14f21b69b1f7ad087cdb,2
bs_119255afe2c10d8e53e76e1c,1
bs_119305591bf3115b2cbc489c,1
bs_1196060cfa2651693a6c8c12,1
bs_11a1df56d76b4fbd28ba32d8,1
bs_11a236f6091f7f45c5388fc0,1
bs_11a4ed66ee63cca4a2ccd26d,7
bs_11a77ee1400dffbb31b79bcb,5
bs_11ab597e21258beedf70cb06,0
bs_11b43ac139dbe5561cf146c6,7
bs_11bd18dc38c870c8866b4b2e,4
bs_11be566d62c3ea6e04382d19,5
bs_11bed9e1c7b3501f554eb329,4
bs_11c3ca3310439dbb642d5389,3
bs_11c918aabb905225dddbf0a3,5
bs_11ca603b04715356fd1faae9,1
bs_11cac692c93ae563317b181b,1
bs_11d5c69a47e62d8985f8a8f7,2
bs_11da8c48c5ba90acc4474697,3
bs_11df348a233562929742a2f7,4
bs_11e7454620b47240571e2585,1
bs_11e91b3d90a5d6bd23147047,2
bs_11ebfd7afdf07a9484f36e12,6
bs_11ec44e99c4a613edaa0e108,0
bs_11f0a6292681c2190391a6ad,6
bs_11fbc602dd3283224761c6cb,3
bs_1203beb53f975da4bed99023,5
bs_120ee95ca8ea5966c7b49c23,3
bs_12154e6f1f040448a262baf0,5
bs_12167628b686a36dd8a28ce1,5
bs_122051dddbaf591dbfae4950,7
bs_122d9ffd0157415ed1f91ca9,6
bs_1231f0d164ae6b1f8d3aa380,0
bs_123228b28490cf3fdfc4f301,1
bs_12415e4ccac865f6533bb64c,0
bs_1244526c96cf281044f73077,6
bs_12530560fbf313ed8b60e91a,3
bs_12550093f20b97e17535a4f3,6
bs_126383cdd41e66c4945dcf61,4
bs_1263f130e9312bb1bd79bfe5,0
bs_126576f0b0eeb639ed70a11e,5
bs_12783b68604b47fb60cc888d,6
bs_127c39f6807072ff696db721,4
bs_127e023e869944df58209683,4
bs_12941b334d7f08d1a3041044,5
bs_1297bb15fc6a9e2663b2da54,2
bs_129a155ed2b35a78955edc5c,5
bs_12aaddfd9c4d20ca8009b9c0,2
bs_12ab142b4b8c69fa2830766e,6
bs_12b5fabb93a12d8be8c13c20,0
bs_12c6bdc1aeccb55870a33156,7
bs_12c937eacb9e211243fafdd9,1
bs_12cc97234087288ed9f39790,0
bs_12d1b62991cd78fc52e15f1c,6
bs_12d7ea1c60c5b4de89acd688,2
bs_12d8f77f2299e4832d39eacd,0
bs_12e0e7089c500ca3c06bffe2,6
bs_12e837cc86e042582c75ea37,3
bs_12eab541dad9e0cc581d78cc,6
bs_12f3fac2f2eceeead941d2c7,0
bs_12fd8edb883da560bc4b8827,6
bs_130154dc97c65ade38ea8ed3,5
bs_13052f0e03256be439e4d4da,1
bs_1305511c1623a08cbd6eec40,4
bs_13055a8c24bd13bef027d873,7
bs_1308475fb8fe5765f6160e52,1
bs_131130c47638c947180ea0e9,3
bs_13115387b70a27b9b7c06a5c,1
bs_1315c7f6849de7d9f6166055,5
bs_13206378052076b2fe52863e,6
bs_13275746253af4b6e76219f1,7
bs_1328eced39c4423e006e929a,6
bs_13339f16eac568d4abd95441,4
bs_1333f2f95c18895dc52a9491,5
bs_133b4ddc4c7b063541361196,2
bs_133fde1643c5a2e3b42f5979,3
bs_1340d1406805ae6c3738cbfb,5
bs_1343e2dbd69e0e5492e45996,1
bs_13450eadc35afddba76cb0d8,0
bs_135072947a40ea5ffef99676,2
bs_135e3110c27bc09f36451f73,0
bs_136566debb776da13b747260,5
bs_1371cee0aa9772054de04b8e,4
bs_1373a4edb44e13091a87d216,7
bs_13786afdb728cccb2dc231d1,5
bs_1387f4e09336a9f86d26a7b9,4
bs_1391eaf4950a75d0264c4ae7,3
bs_13966c8e7635449860b71217,1
bs_13a2ddb6a5ab8807701d8617,0
bs_13a38b202956ec0e7343998d,2
bs_13a94a5484d89976bc722b7a,3
bs_13b213e42c2e89b0bc916f47,3
bs_13b2a0b3db3d1a077836f082,1
bs_13b5d4c4c5271d0b6230bcb1,4
bs_13bb9bb9311c69ecfb3f073e,7
bs_13bc942a11ab4f92ae899428,5
bs_13bdeacba4d4514e7a3721a6,2
bs_13c39061e604706da0ce1eb3,3
bs_13c43e145d5b7adb725f45df,1
bs_13c609d6bcac196ef92df13c,1
bs_13cacdcfa7415d71646cc8de,3
bs_13e57e6742733fcb2e1f77cf,6
bs_13f9896a2698e51ad1140e18,0
bs_140bfbcf3dfce15058386ec1,7
bs_140f867cebfd3c2d9c6920e9,0
bs_141371361ba72d18b0c60546,4
bs_14158325e0269ce795cc2537,4
bs_1420aebf996feda2e78dc371,0
bs_1428eb5b02fdb3ed179633c0,3
bs_142f9ae7a543c927561873b4,0
bs_1430e53fcbc4d2f1a7f96877,5
bs_1434808d5e5596f72061aa23,7
bs_1434960cd468bc9422acd92e,4
bs_14386dabdda458864447ea38,5
bs_143a4a46d61e87722233243f,4
bs_143f8887f4a1bdd1a9b82170,2
bs_14410a465fc17d9e07de7599,1
bs_14432144abe68a7fd5908625,4
bs_14438d05f7dd1ab506976f53,7
bs_1445e4339b9bdc25edab337e,6
bs_146b6a19cf961c7111e78fe8,3
bs_146c0abaa0555b0e77c243a9,7
bs_1470d13c4550afa430729d1c,4
bs_1473d853402183c61ca3a058,4
bs_147fde3cdc6557387e579745,0
bs_1480047fc3b208fd3bb3ce08,1
bs_148133da727d428cd00db214,5
bs_1483a1f70a5c9fbbbf024bd4,0
bs_148674390b571b737c0669c8,5
bs_148bb45ec138250ec3467d87,6
bs_1494d4c2ae72556545327cd5,7
bs_1497141c2a9dd9128c5ec831,0
bs_14996fb66786eaa38a94b1ad,0
bs_149a71e5626928ddf42d794b,5
bs_149f44b1ab6785450c4eb886,5
bs_149fab0a1ffeaae7114b1674,7
bs_14c2366e6c01a8248a5b5171,4
bs_14cb5776bb789d10267a2280,6
bs_14cce5f259eddf4e1bc6b778,0
bs_14d31e7265dc85a95a86a9ea,1
bs_14df7f9c4dc327e3724bda5d,2
bs_14e467ca2be5de0c0ce6075c,1
bs_14ebc7e74287410014edf814,0
bs_14ff2898f6cab0769d698c61,5
bs_15028373b48e896b328d6241,2
bs_1504a7c3ee402aa813d77ecc,6
bs_150538c936f3a64017ab9a21,6
bs_15091e567bf34c34dbe065e0,4
bs_150a7b8990d941bf63c618e9,3
bs_150ecb900bbbd10e99a5c7d2,2
bs_150eda311101db9da0bdf920,5
bs_15111a6cddfc074f9d4c5bff,5
bs_15147c38bbd1b3b59451b5da,4
bs_152f7cf0795391a99451b380,4
bs_15330249b7fa35107531b389,3
bs_154398e979e4e8162930023d,1
bs_1545d6c233e4257bb6b2b925,1
bs_15499e2bc472013d4bcb47e8,5
bs_15575a6c54903ba93d272f56,2
bs_155a3842a842d17ee9c03857,5
bs_155bc7b0183d46920be6df74,6
bs_155d673ecd2a91ef71492124,7
bs_15615ba9114dfaf2e8b0a61b,5
bs_1563ceab828dc5bba1419b97,2
bs_156e7156541a7792b87559cc,3
bs_1573a97d6f9ed3931fdeae02,0
bs_15775405b4a8557d56bbc1c7,3
bs_157b166fcafb1d7134787dfe,2
bs_157da5c59763a5dc402a4a7b,7
bs_158bfd243b0264cd75bf9467,7
bs_158ccce44b6b75e50b5e1dfd,7
bs_15a44c173db993fdc06d707d,3
bs_15a5ff6f5a633c876ee96e02,0
bs_15ae74e4288f12616243b77e,2
bs_15b2d53fb4b89ba3659312f8,0
bs_15b9f0df2ed4685f7cf93cdc,3
bs_15bb991060414a2605ff0d2d,5
bs_15c952960cddb15bea684a8c,1
bs_15c9a0e2eb2b2b0bc134dbc5,6
bs_15dce220fa774505bf62acb3,7
bs_15e01125cea5e85768822aef,3
bs_15e40e3e575b7816a3e7e23f,2
bs_15e4c178c24e178bb4216f1d,1
bs_15f107f12ae826e42bd9e6eb,6
bs_15f5eb08cc55951f721af3bb,3
bs_15fbae5be22e47d572f8c589,3
bs_15fed47eede3d60d88f2682a,1
bs_1602c9a81671b0478c90307b,0
bs_1605cbbcd26f769f7a092739,6
bs_160e2c07c642fa62dd9a39b8,2
bs_161088634d7347894a87a659,6
bs_16185bfda54a88e2d8f79a09,3
bs_161a31c72f519be11e2caed9,7
bs_161cbd516c53639c791f9f9d,1
bs_161f52bbf2d65a8c61e1e0db,5
bs_16209a2047af9c081de685c2,2
bs_16220ab213e84a41b4ebd8ed,4
bs_1629a9240c3acca5473ca641,0
bs_1638d99fbb211cbd544f282b,7
bs_163d755811e9c7cfcd2915db,7
bs_1643ad4d8b7a059200c1f76d,3
bs_1643b2d56e45f49b1aec6453,2
bs_164852ebfef17e39ddc3eb93,2
bs_164ff7476e61d13cb9e1bea3,2
bs_165022b69f12c099fbc850ad,1
bs_165d1e96654234ca2b5a0c72,1
bs_165e538a2fc412d05ec6e503,7
bs_165f8e96774f61f8b49e13c6,3
bs_165fe0ebd4f7a69d97431e47,5
bs_1660865e86e595c447a022d3,1
bs_16689c83024d77c51d1a2bcb,5
bs_166d419d851872ff96d3fcf9,1
bs_1671acff6fcbab7bb2d1565c,2
bs_167340157a9e3d25f146810d,4
bs_16801e06ead39c460053b8f4,7
bs_1680d2e7da06ccda9398f06a,2
bs_1680e5a72e2d27d766210431,2
bs_1684b51014f86d7b5ece5344,5
bs_168d45d5fbf9e602bd8a749d,2
bs_168ed317eb2ad94014b59201,6
bs_1695aeffbffc80ea911d7b2c,7
bs_16a2a4e3963cbc30e3af2871,5
bs_16a7b22215d0c547b6ddf83d,3
bs_16ac18dca64b59f749317910,0
bs_16ac8b5a60890b9017d7151d,0
bs_16b70d51ab7afec6c20520eb,1
bs_16bc469e73efa543b3821079,4
bs_16bfce57a84a78c9843d5bb6,2
bs_16c1699bc711545aac6a776a,5
bs_16c27f5406df115f17be4046,1
bs_16c93395b1b5f7b12f28ca67,0
bs_16d493eb96f9cdb82ac253cc,5
bs_17043eeb68b69477555e7c43,2
bs_1708bebbac5c681644a331b5,4
bs_171139416e3f7581f763fad4,2
bs_171eb03bc7a363809729b8ea,3
bs_172b9cd556c0c6d0f7f321d6,3
bs_172ec6ecb2e8c6119e06a832,2
bs_1737e4227f138ddd4a39e900,3
bs_17388be17b2a0118de99df23,7
bs_173ca21a184b0371f2f43d27,5
bs_173eca4b944da5c0338167a1,4
bs_1746d5b5c0a67a0a2af81340,4
bs_174a427cf1eeb89646ddd247,6
bs_174e7216b4b79acdc252bb77,3
bs_17524ea000da9d51e9b03af0,1
bs_17597a35f8e56b450c622ac0,4
bs_175d4e122bf84e11e89e56f4,3
bs_1766ec6a8cd976123d13744a,4
bs_1768313ffca3ef3a535e04fb,3
bs_176df3b216aa48f95949b0c4,5
bs_176e4991c55c0d777fb2ab31,6
bs_176edf926a8a9f68306870bc,5
bs_176f9363ec8a26c309e9e93d,3
bs_177742035e6e20c43de8a9be,4
bs_1790e3deb7792276a3614561,4
bs_1794c007d6900c753c4f940f,4
bs_179694b151178a711b6dcf41,4
bs_17970e24726190c744615489,0
bs_17983f70e5a12494424bd12c,4
bs_179a8b812449d24a214a87dd,3
bs_179bb400f3cdf7b48ecdc7ed,1
bs_17a3a6f1762ae0b10496323a,0
bs_17a94e0b5c131dbc21fe736c,5
bs_17aa5adc4aa7bfb0ba7e6652,1
bs_17ad620a20fee5545b0d3b5b,1
bs_17af0db1d84512a1ab121ee8,2
bs_17b141b0c2b9ae1cc1ea472f,5
bs_17b1aa4c83948f644d85fa02,2
bs_17b2082990c752b97a9d1bdc,6
bs_17b3a7537067e5cbe38e2672,6
bs_17ba80b67509af4bfbbb7d7a,2
bs_17c086ce78492341b7c7fc84,2
bs_17c18a22a8535f4e68d471b7,5
bs_17c4feb7e727392335a3c7ad,1
bs_17c554bd35b4ca8891a13b9e,0
bs_17c7bce2d20b04eb1ce4c5e0,0
bs_17cb820567d354e8500c9d15,6
bs_17cd179f8eccb4527639c76d,0
bs_17cfd742b2961510af67fb1d,6
bs_17d1d757eadd00189945033f,2
bs_17d4d284dd9f72df4a317f13,6
bs_17d932440c13250743a89211,1
bs_17dfa940c97762aa76ba71f5,3
bs_17f1e7b45ca35bc6c5fa6b2d,5
bs_17f361824fd1160d041bb58f,4
bs_17f3fce5953c905d1e8f163c,2
bs_17f635da77efbf148f410723,1
bs_17f8ef1fbb0062cfd9ebe1c5,6
bs_1804a2c25a6bfc06e902b0c0,0
bs_180b94bcc8b853436510535f,5
bs_181ea405309b0b39f34bd65b,7
bs_1827cece2b0ec56f89835590,1
bs_182c15cf7c0f52bf42d92f74,7
bs_182ce364d0f8f9a232921b7b,6
bs_183c12fd6820702b70c8436a,7
bs_1846ca05b7f188a7beb6e6ac,4
bs_18471a020fb8542885af7f13,0
bs_18489f194f9b1b36968d74b7,3
bs_184a4e708c9d4e90940a3df5,4
bs_184ec1e0ac459b507aabec30,4
bs_185cf42f3deb4b8141a17f3b,2
bs_185cfea81780a2dc1ea484a3,1
bs_18633d1bffa1fff2138fe3fa,2
bs_1866fe5d9c0a134a1c1671fe,5
bs_1870862e8b7161aaf03815e3,6
bs_1875f0039f4915c215fd391e,0
bs_1884f9400726e2e5d819a384,3
bs_189474ba550476662f333915,5
bs_1895b882ef562c1581f410f6,3
bs_189d099bcacddcfa3f11728c,2
bs_18a2b40dde13fd248f70c321,1
bs_18a3754f400f8b412a86056b,6
bs_18a5916c8a4301e2a48ca9a5,7
bs_18a9445298fe4e4dee28269e,6
bs_18ad51173ce706f54f00c8a5,4
bs_18b315597b28c95163470d58,2
bs_18b8cbad0af3ad1dde6e2e9e,7
bs_18bb21fee61c0784a2778d3f,5
bs_18bca21c1d8cff64065b61b6,1
bs_18c3d3227852b3d2be67b2bf,7
bs_18d393134f2bf550ba4502b9,6
bs_18d55ce33841b5e860cceb07,4
bs_18e2a8b6a5b9b9b6ad95a1ed,4
bs_18eaf4a971282726a74c70a2,0
bs_18f37ec5444f4576ebf29fa2,1
bs_19064b3c632fb77198718f23,2
bs_19105e15211c7202058e2ec5,0
bs_191591d2c9ff5101b498c75e,3
bs_191597fad40bca63d35dfe32,5
bs_1915feb56ee009891345ce1b,0
bs_19179d9a5907b6ffd1c26029,4
bs_1919e57b251397b8f3c17954,5
bs_191f2bbe71701e950c8d9e2f,4
bs_19282a8fc72828ae53b86438,0
bs_1928368344b17b5539aff78a,0
bs_192be676fb7dea7e89b70459,5
bs_193014ca31103707f9ad3feb,1
bs_1936edeba8b129b035d5951a,7
bs_193ae69144bfd8a1215cb0f9,5
bs_193bdf17dbd638a7ff6494f4,4
bs_19411350c4166969502e77e8,0
bs_19417456e6b30d2a4724eb4b,6
bs_1945195ee2f6e92d64aa7411,4
bs_194cf6eaf51721351b2ad82b,1
bs_19505687d563a392b53d941d,5
bs_19508dcb7ce0e0597484d718,7
bs_195297d8434709282fb4813a,3
bs_195ef855bb654f88c62e2900,2
bs_19623f25dfd096ac9d2af3b4,4
bs_19637b788c13c3866d10a9dd,1
bs_198422c3a9b0cd14ac2c3307,2
bs_198598e726d02981813386dc,2
bs_1987a6b2eec32c68cccd97e5,1
bs_198efa32e562255f0cb2bc00,3
bs_19971b8dee43156f6be6c61b,2
bs_199754959476aa1982e76039,7
bs_1999b2260f9f2ca4162810c9,1
bs_19aa268fb7987e744034a391,2
bs_19ab2a090dbda42ed6951875,5
bs_19ad910cfa105fbf0f6dee56,2
bs_19c51083a6a8af5e15606d1e,6
bs_19c7612c31d7052f422426de,6
bs_19d9bf47a311983d739fa12b,1
bs_19ddc338a3034f3958fb28b3,2
bs_19e6d0b27aaa914fadff6768,2
bs_19eb318623cb5c40bcc64886,5
bs_19ec95b1faaa1c5c2020cdd9,7
bs_19f1886604ad7ad0113f4568,3
bs_19fa3f56529e8eea5c81cb5f,3
bs_1a071211fc4b82c64e2de340,1
bs_1a10cf7cd4e0fe2f8568dd0c,1
bs_1a19c09f09863cec7ef3ad7c,7
bs_1a2ccd4f3906e6c12f2ca447,2
bs_1a2e554288ffc0bd11f7fc7a,3
bs_1a33f7fc1bfe267b5ec04d56,2
bs_1a40365c11f667ce422a5c57,4
bs_1a4bf95ee9d459897b8a99c3,7
bs_1a58e818d892510f94b00975,7
bs_1a623e5060456201e517051f,2
bs_1a63ccb54f34dc1b198b2def,5
bs_1a6ccd5116640464c6c42cb1,3
bs_1a6d67bc30bd7fc00b7290a4,3
bs_1a70c4545907a9337123ed29,5
bs_1a756bd04f32367c6d5fa5e4,1
bs_1a78e604e6ca9aca3092892f,1
bs_1a80a74b4db302009fe9ff18,5
bs_1aa22f2cecd21a15a4f4ee23,6
bs_1aaa46eca7c715a079d6a1ec,7
bs_1ab89b0b5691164ef5c4a390,0
bs_1acdf9059740b616601e6aec,2
bs_1acf93b4a4e614f92d562bb5,1
bs_1ad0f891690f9c91b7335b44,0
bs_1ad6a779123c236a12189f88,5
bs_1adb36901928856516346cf3,3
bs_1adff2d1c539d38c13577b4b,7
bs_1ae501512b0c18d59a514ed9,7
bs_1ae6ccaf63f36a151cd06b9d,4
bs_1b04402d8a7bc84b1eb81e25,2
bs_1b16f85e6b15cd5fa64b330a,4
bs_1b1d5dda83ad6baf431d3a40,7
bs_1b21693d44fe25da17218fdf,2
bs_1b21bb8b52bbbb5b9ff0c242,1
bs_1b259864d4846c681f832fae,2
bs_1b26132b71ae052becec3483,3
bs_1b268ff4af68053463da28b2,0
bs_1b275a7f85e93854758b51b4,5
bs_1b33bfcc7456a652be63bb87,5
bs_1b33cd5b5e630dea7462be8c,1
bs_1b411f2ca37c7a0ecb473707,4
bs_1b46b2bb89ebe093a97f5c7e,2
bs_1b48e8363a61d770c601ed42,2
bs_1b491dbcb1cb1d211294e13a,1
bs_1b4fc080a22f3594afeceb32,2
bs_1b53b6393bc0f0b420a90b5e,3
bs_1b552db834401b061b81e9fa,6
bs_1b5fbd02f4b954a67d1eb69e,5
bs_1b60720e78ee0c50362c086e,4
bs_1b6124f4a7a6b9db872d4e68,0
bs_1b6239a6bafcb41a3ef1c08c,6
bs_1b63a4f389c1be920b0d6e86,1
bs_1b6704688fc7a257161262c4,0
bs_1b6870a661b9444a9e354129,3
bs_1b6d64ed225e9d6ebc7c5229,7
bs_1b7217379c4cadaf69b768fe,6
bs_1b75d651bbb69c36067f092f,7
bs_1b7bb678ee1d95f9e7635946,2
bs_1b860bea8bb13e2f960c1843,7
bs_1b90bf530cd028b312dbf77b,1
bs_1b95f5bad88e210e3a27d0bd,1
bs_1b9f8fa7879fc1e9de775f81,6
bs_1ba873131f8189020b2d03d6,1
bs_1bb78ea3de086d00af23253b,2
bs_1bb7fbb33a2445727f13b369,3
bs_1bb83ed06a483502c05d544c,6
bs_1bb8edada9bc53d730b87378,7
bs_1bb9aee44676ccac442da2c1,2
bs_1bbb6209e3a69a2e4db6e0e1,7
bs_1bbecb1b1e593a09ea319a48,4
bs_1bc13e353d2fd61f8e3bc8b3,6
bs_1bc1c530491b0d620f2ac647,2
bs_1bc779e00a7d7c10261ffce5,6
bs_1bc8a52e03cc58d3134be663,2
bs_1bdc1bdc12a7bb9a432b477e,3
bs_1beac40302cd40d1cf331627,1
bs_1bec1f8dee2b314177462835,2
bs_1bed8e0e1463a2cd6c971025,7
bs_1bee9210166088ce94b10d34,4
bs_1bfa1d517cb4b4ba404a29d9,4
bs_1c0483119b08bfb0442639cb,0
bs_1c053984fb60b8c3797ec62e,6
bs_1c187ad105c3b7c5e1b18e9a,5
bs_1c1f3e559eebae15b14d9b81,4
bs_1c2bbe655e33ba2027e080b6,5
bs_1c32bdd4e858428e03f27df0,5
bs_1c384a34091253167958e155,7
bs_1c3ba71c54593d3e72970112,6
bs_1c3cd82855ff9bf851046c72,0
bs_1c3e9d7812309578761e4617,2
bs_1c3ed9b7279112e3198fb6bf,0
bs_1c409c1bc122e81dd61702fe,5
bs_1c42f2ca5bd9a3d88c2982c3,4
bs_1c49e00ae3989dc9e2b45e12,4
bs_1c4e79c6beaefd6b36958eb1,7
bs_1c57c46a21b1147bc2c3d5a0,4
bs_1c58eefcb6baa541ee7255e7,3
bs_1c5a5976a364e37b0c6f4729,7
bs_1c614a642dad522298e199d7,4
bs_1c6e712ad8215ec2f1659b7d,0
bs_1c713cac923d007a149a8b05,7
bs_1c770d7e545b8191fa343d87,2
bs_1c7dcd20eb730f45277dd03d,5
bs_1c8a8cac275ce8ff39733b77,0
bs_1c8b695aa414a8dd6e88a587,3
bs_1c8e1e398702e4a3c9661206,2
bs_1ca27e2b0313e0ded18e5e66,1
bs_1ca57f9af9f684b0ccef9d3f,6
bs_1caa74dd078c6a1734e99aac,4
bs_1cacd6c8690fc1895544a305,5
bs_1cb5e3f5b4812d6e3bae95c0,1
bs_1cb9b7e3c3cfdc9db8d4ca83,6
bs_1cc057bd5e2094b68b1f1ff1,4
bs_1cc57187e9551daa652dd88f,5
bs_1cc72459a64b77e5e7692380,5
bs_1ccb02b4a9611964552ba147,4
bs_1cd02c80c5a89e559eea29d3,1
bs_1cd338765b53f478eb212ac5,4
bs_1cd81be1d1bc853731e89dd8,3
bs_1ce00dd201010630c5f7ebfd,0
bs_1cf4ee1edddcc2a2f1b22098,0
bs_1cf64eaae87432ca8b1ca272,3
bs_1cf87bc36acc0ef8170c91e8,4
bs_1cf8a9af9c9dc98512d27e16,0
bs_1d02216667b7eb6197c395a6,3
bs_1d02f1feb6f4ced42e533c70,7
bs_1d0677b852bdeaf0841220cf,0
bs_1d0d23c5cc14695d9f1bc11a,3
bs_1d0f0d4d13dc4a19e4d377e6,3
bs_1d109e955a3a91fc5bdddc8a,4
bs_1d2b21bee03b0083eaafabee,6
bs_1d4134a8a46263d5a832d5ad,1
bs_1d42ddb5e6bd6d7224269574,4
bs_1d4565a56ff25bac67069cc7,0
bs_1d498543f0264c3c09fa1d01,3
bs_1d4de73126b1e3dde74b1d4b,2
bs_1d53fbc0db733a9529290fa3,6
bs_1d54f1fd1ef3f957b62629f5,0
bs_1d657f8ec1d17c90df925700,7
bs_1d65a890d33657996388de1c,4
bs_1d74013cf9aebdf99323ccc2,7
bs_1d79128797f9766fc6cf45e8,4
bs_1d7db6709f964d154993a746,0
bs_1d8aeab3a27a84503596e139,4
bs_1d8ce9c254c102aa1032f642,1
bs_1d8e6d6ccb1d469038796a46,0
bs_1d976392c4db72b5f076a544,2
bs_1d9794cf3a3ed0f15776f780,7
bs_1d97ef051a8aa56583a27195,4
bs_1d99254323e9bb48ac2d3d74,6
bs_1dab4902b6d707218612c9e3,6
bs_1dae7a5ed73ed1c63aedb32d,4
bs_1db5b961bd825de61c3ffdf3,2
bs_1db5dfc13d350d0a97a58b12,3
bs_1dbd94e231836fc8b4bcc819,5
bs_1dc39f6657f608814bf35722,0
bs_1dc505afef51e6123fb1033f,3
bs_1dc824ebe5a9dbc8226e5542,5
bs_1dcb13c89f7951c6735d7335,4
bs_1dcc3882494abbe0eb5ebf7d,4
bs_1dd72185bfe5153aac0a3af3,0
bs_1de17cfddef824eeb0b1d7d0,2
bs_1de24455813d0138d7f68560,1
bs_1de58af8115e83a3bc015710,1
bs_1de6acd15c774079c017e2ee,1
bs_1de765dc34367738fb834837,5
bs_1ded14a27b6581f4809e9d65,2
bs_1e03c7e0882465de99eb9eb6,2
bs_1e064f72592cdb7f66309517,6
bs_1e12b6f624aad8416876b4fc,4
bs_1e18a7827a0640e8d5a26f31,1
bs_1e20ff1401ff986d8af0333d,0
bs_1e2357de937c91096352e7af,4
bs_1e244528fd91707135f4d44c,1
bs_1e2f1fb1326ad603b2979239,4
bs_1e33e2fde7397fc55792c0a2,7
bs_1e3906f4a635148233dbfd9a,1
bs_1e469116843b63b5b5248a2d,1
bs_1e4f5fd2e1838d1e4712e2c8,1
bs_1e5c35a333f0275aab64a544,5
bs_1e5caf59be40f9d5b5b61fb1,6
bs_1e70c51170651fc1df60947d,5
bs_1e774dbe70b83dcd9c5a0500,0
bs_1e7c6d05480b5bbb13e2fe35,0
bs_1e8083ab0c29e25d3803afa8,6
bs_1e8b200e4bde69f090a3c3b4,4
bs_1e8c1f683c9cc62361453aee,3
bs_1e9de14a7f9bb1436d1e2ace,7
bs_1ea19438c7f92142c4957d9f,6
bs_1eb6955179d0df4c6f9068ba,5
bs_1ebb018921aaaa9447fc64b6,1
bs_1ec999010331b10a0e02fbcf,0
bs_1ecfa6d9162ea95900011b29,5
bs_1ed9c08dd085bb95017026d0,3
bs_1edd93614de2e77b42fc7984,5
bs_1ee2a51033089e9f2e8b464e,0
bs_1eea4b8d2f6706e127e6fca6,3
bs_1ef6ed5bbf2c4cd6aeed4b6e,6
bs_1efb4cd621d8dea9fe794df7,7
bs_1efc0bb756f949e973eefc7a,5
bs_1efe73ffd332819a5c86bdd0,2
bs_1efed701fe10402b6a8412a7,6
bs_1f13c829b6a02bc987d5b7b9,3
bs_1f14f2c83bd419b35ab55479,3
bs_1f1960cc0947e2c8c4624f44,2
bs_1f1e8a8187b76a56784ce81f,1
bs_1f22756ef0187f3a3bc90ca2,0
bs_1f2c68155aceeb63ec3b31fe,4
bs_1f3f3928a6009d987109488b,5
bs_1f3f4e793141c7f577b5e693,4
bs_1f425676b9d6c0fe3bd18285,5
bs_1f4f596c803a9cd84cca91b5,5
bs_1f51507cf19129cc4f0571b1,3
bs_1f51e5a4bb66b61194a773ca,7
bs_1f5449bbe74fa15e9c60cebe,3
bs_1f5534bd73555c3ad06d2c2e,2
bs_1f56c430ed38fdde75fdd1b2,5
bs_1f64065d8f4cced76c92abdb,7
bs_1f6ab9230b41c1b5e9a5daac,1
bs_1f6f9cc5ad0ff0a2e55e4d8c,7
bs_1f704def75f8377ebb8b362b,0
bs_1f738f3548f8667798c24893,3
bs_1f7c2a4202d62043ea8931d1,5
bs_1f7d72f0781849c5e55146e9,2
bs_1f82f3156f108d88c0085970,7
bs_1f8a13c3ece07752ac456ca1,7
bs_1f9dcc641d839608ea06169c,1
bs_1fa96e13d336ceb4d1ee5c2b,6
bs_1fabe125aa78e46c2cacacb5,5
bs_1fb0f7ae14526e9d9a4d9a07,3
bs_1fb7369d2a448f2b205e1fc8,3
bs_1fba7c67d43e82173f7b8aea,1
bs_1fbbceaa138820f41e42dc61,5
bs_1fbd4360732935af6179befc,7
bs_1fbd6bbbe925acbf2d9c2edd,0
bs_1fc2db7a0f42cbfa1f2b107a,4
bs_1fc5c79ad108a23d42a18d6d,2
bs_1fccefa406ae7c477b02213b,6
bs_1fd4992d79b81321131a5e94,6
bs_1fde0745fc5002e332bba5e9,3
bs_1fded06d24cda2ef0f6dca31,1
bs_1fe0026446e5c1a793ab4eb8,2
bs_1fe02e725017884f84d34f25,0
bs_1fe205b9e5c7eef01d2c97c5,2
bs_1fec33d8889de09244877719,7
bs_1fec7c327587ca13d57bf40d,3
bs_1ffcb9816dcba5c9523436a0,0
bs_2007907f7046f987acf67823,6
bs_200bab1e6f6a742634e0ffdf,7
bs_20106833f1b2fd077c4459bf,5
bs_201fd5cc21be0666e314f945,5
bs_202246fb07bfe837d2ba9df4,7
bs_2028bbaa44f79a846576420e,0
bs_202b70b844621a7bd4edc1e6,4
bs_202d0502d2f80fd158cfdc60,2
bs_203d237c3cf8509707ae611b,6
bs_2046696c4666d65df0b9b94f,7
bs_204b7eed5afd84385b344bbb,6
bs_204e6811c7a8dd98f47f2e45,4
bs_20532e8fbe86c425562833ee,0
bs_205bf9bdca41daa66557644c,2
bs_205c9fcac977f1fe96dad066,1
bs_205e6eb2e4a789f9c78d7725,7
bs_20708e4ef79c68e7f21d4b1c,7
bs_2070de07e4f888142edfea45,7
bs_20714ffccc6a5e1992331a49,7
bs_207387413e51c548d2150523,2
bs_2076dcd45d767558a35eeba0,6
bs_207da3dfe14a3bacc98bc5f9,5
bs_208cae5ae1715cc08575ddfc,0
bs_208ec4aa1cf7f220e8643a1a,1
bs_208f9b6c791f1c52a00caa7e,0
bs_2091670d3709395e3242057d,4
bs_2091f3f484c63ce6827d8764,3
bs_2094775d171468407c28ffb0,7
bs_2095071674861413877cef05,5
bs_20956ec9ad2994c65d9c4cf0,2
bs_209ba28ea17254d8a850b1bb,0
bs_209ba8927063fe1ac7d84ac3,7
bs_20a449572264b38348ddfb91,7
bs_20aa1f34ff9f74a27f5950e7,3
bs_20b66f941b2c2e41937dc12e,0
bs_20b7dc8fc0bdd6905b157238,1
bs_20c38c537bfa44f5040c200b,6
bs_20cf6727f665458401a5e005,3
bs_20d21e4c28175a10573af9fa,2
bs_20dbb6befe4d3f11a2205ea4,2
bs_20e077a22e74efb4dff092a3,3
bs_20e9ce91164c3115afb7eef5,1
bs_20eb075fde2b8e9b114885c5,3
bs_20eb40aef7fdc0c8531acfa6,2
bs_2102c35a5960e35fd235e9fe,2
bs_2103d477c3b7c9c46e6ae7db,1
bs_21049491e0a1e3477a58d848,5
bs_2109e2be91550240c36b11b5,7
bs_2112f964196f254345aed357,3
bs_21151f026fb8b4c13c372bb9,1
bs_211d19cdf048626fc70781a8,7
bs_2122185a77f76c8287409423,5
bs_212ba8abbe83d73f47546239,1
bs_212d7074e333a340e431877c,6
bs_213106183303c202c013ade8,6
bs_21346df3d255e9cbac0306eb,3
bs_21540fe0bf0ae915941db84f,6
bs_215775408c9c3f0dd3105570,5
bs_215a4e1ae530be6c5d07cfaa,5
bs_215e9d8ef0e6ab053de03f7d,3
bs_216a53ddcaf7be0c351483a9,1
bs_216b8b6ad79543dc916cc17b,2
bs_21744687825f302d0841d146,7
bs_21796745f1cf91a49ae680d2,6
bs_217b66a714ada419a32be088,6
bs_217d455af1754fba20028c48,4
bs_2186ffa78cf8758925442188,3
bs_218fbbe383077c36d223c46b,5
bs_21910a7bbb3af2b7c9203772,1
bs_21919d802e6bcbec7c9970d9,2
bs_2193053734a91d2acfb28358,7
bs_2199f360d2b9f0d8018338a7,7
bs_219ed487126823240920d93e,7
bs_21a3961a3d2f559ffc5c16db,3
bs_21ad40779bc7b229a45dec12,3
bs_21b9866726ef4303f68b6b9c,5
bs_21bec93a530e7c6b4b0bc16a,5
bs_21c932f82b8f6e34bb918040,1
bs_21ce69322816d4dd2ee92181,2
bs_21dcc9676e6e45e76613002d,3
bs_21e9cba04bcf6b0f96c6f7c9,6
bs_21f59e7589440cbfe41198bf,6
bs_21f668e114eb1d18cd7c4326,4
bs_2200c0d65fd54b0f6d20eaa1,2
bs_22089fefa777a10dacfe00a2,2
bs_220efcf2ef25e3e4392ab35e,1
bs_221029f357577e168fccc70d,7
bs_22128df266596f379e255d96,2
bs_222072d6893fa53cc884a0e9,3
bs_22224f000b84146d12dfc2d7,7
bs_2230b0b9ac32365c779816d3,3
bs_2233b46ae847f2e9f70ce04c,3
bs_2234ab5431fa071b25445b44,5
bs_22384eafc0074afdc883a447,7
bs_223b9f7d6145eacd26f5defd,4
bs_223e276e730623bf73593367,4
bs_223fa0b72e63a6ddba58b655,6
bs_2243b20ecdca184a010d40d1,0
bs_2244c90cbc41b06c929f671a,0
bs_22451aed64caf82423294060,7
bs_224c9037a4a772722c5e1f49,1
bs_224db177a01203536560d44f,7
bs_224e78ecf79a4b569d823bf6,1
bs_2268a3dca8b00deb0dea2cf7,0
bs_226efca463b28f46e81b5911,2
bs_2277cbd66c6acb1ff795ac4b,6
bs_228031f75b66e2cf8239f6b9,5
bs_2283aa670bb882ac704009b4,3
bs_228c1400f9f94f777fd6197a,2
bs_228f569fda30b84bcb943369,0
bs_229392d112747d0d954db1c8,2
bs_229d5fcd302806078f9c1d60,3
bs_22a449da392eb2559eb98c0e,0
bs_22a8167953611a1050bd83f8,0
bs_22ab3cb6d2476c896d2d3fa7,5
bs_22ae86a6756c02bcd6f3288e,3
bs_22bff9e2722650c368f4f96f,2
bs_22cae3280947538f7826a0e8,2
bs_22cb6fd2cd3e07947fc2673e,1
bs_22dc88b8fead6517849cc5a6,2
bs_22de6c7adb0feb13b04be2e0,3
bs_22dfd49bab1743aceee4cf17,6
bs_22e153d2f83791c74de217ce,6
bs_22e3d7c3fccbb79e4bda2624,2
bs_22e4ec098a183c7aacd30e89,2
bs_22ed935ccec7a783f86617cd,4
bs_22f582bec3a69697d444b40b,5
bs_2308bdc3314567662b08d1fc,0
bs_2309f0995f44b2404123c6e3,0
bs_2314a26f73c86914b9732b71,3
bs_232c1180445afd1a55cca495,2
bs_232e746740152b343426cd6c,1
bs_232fcd51ec9b7203bd02df92,5
bs_2333aa8c169aecb0e5734786,2
bs_2337e1b5f376358ea14bcc4f,5
bs_2348d5db76c5367c093e4413,6
bs_234c0ca34fc128b09776613d,7
bs_235d0504b06e6cdba79419c0,0
bs_2364fa7ad9fb6cf498686ddf,5
bs_236c74990dcccfe45998e176,1
bs_236d70eefe6ff482cfe20ae3,7
bs_237866aba4ac6b8a73e657d2,3
bs_23810b6c3a6103e8b30707d0,1
bs_23813ac689f9de970eeb3463,4
bs_2398a68550cfd07603b1356f,5
bs_239b51f8c86f3c551ac15ac7,4
bs_239d25597d67016c1718d9ef,5
bs_23a598d2dbb43fb88b80b685,1
bs_23a6f3d2862cd15c3dab2d22,6
bs_23b07b6e75b3272236792007,1
bs_23b25a4e5d27a2eecd953e51,3
bs_23b45facf01cc5b368c44b27,3
bs_23b51a3f8d7bc80106a5e01f,0
bs_23b6d15077628b98fbe910b9,7
bs_23b7ae0e3b7c66499f89f464,1
bs_23d6d322291faec3c07c67a7,7
bs_23dbf6b3b5ba048a2316e91a,6
bs_23e0cbe3ad5b90bb6bfc3bb1,3
bs_23e2bbf784bb86863cd56b79,2
bs_23e92c44d81b9850548a373c,4
bs_23eb64869ca07f1442f133d8,6
bs_23f14f3d96c200245be8a510,3
bs_23f457aa19c73ae0bc1a7013,7
bs_23fb50edf7098a8fc952d796,1
bs_240d2cd0310bafc2b45f031e,6
bs_240f542b39e55008bac04788,0
bs_241101d8a9a6501b84299d57,2
bs_241648586862c8c2234001d5,0
bs_241836bf8a3b512a3b5bb53a,2
bs_2423aafd28987071407cbeab,6
bs_242545921f584f7c3d390552,6
bs_242cef3aad6cbd2a50f2d4a8,4
bs_24302bd75c5905c0029e3284,6
bs_2430b12dba74e219f6ea990a,5
bs_2432e6391966d3393a16ecb1,4
bs_2433539d903da5115ff59175,3
bs_244aa5b473319e28b15eed74,3
bs_244e4d19d0f93936a7ed1565,6
bs_246065a8d240044a6f2ad2f0,5
bs_24636826833a3329178792da,6
bs_246437e302dd0583db58cb53,4
bs_2466ff99a33e17fdcbc65957,3
bs_247670b4d7657f63a2dfdee5,5
bs_2476bbef78e30fc5f498c243,6
bs_2477a73ca3e381a5f66de2c4,5
bs_248258643810d2bd916e8d94,3
bs_2487c1a4114066df9d6ff0b9,1
bs_248c8b0a548ed63ef09e14a4,5
bs_249a6149a57474550716b8e0,2
bs_24ab747ebb0b21ebe6989171,6
bs_24ae43fdeb55ce278494fa51,1
bs_24b3268da9ed3ef2d220bc2e,0
bs_24c85294d84a7f1db43a02f6,1
bs_24d2f8535f11c8d9ee8e3d64,5
bs_24d34bef2a2f4e65a67771f6,1
bs_24d518157657b45cf84a1666,6
bs_24e23b023f0fa047cb80814e,5
bs_24e7d941abb3a135d03ac7ef,1
bs_24e95f315e6ebb15e006c79e,3
bs_24ec4d1373e3fa9f451c578c,4
bs_24f1f82b0adacac9ecd3f023,5
bs_24f36791bfad206c1b0d2db7,3
bs_24f3b27215cbe3e1ea7cbfc0,4
bs_24f89a00301107289b12f52c,5
bs_24fa0c0d4e0cbb29be2856f1,7
bs_25048bb39b788d0e26d14b45,7
bs_2506de634447b6ed1a202056,2
bs_2517b288bf1d8b77475ccca2,2
bs_251c76ca50ade0cedf1e64ca,5
bs_251fd9954a1a1c84a0a82907,1
bs_252e33f3f35fa3a00bbd2cc2,0
bs_2540ba184b41a6a8da3c578e,5
bs_255060174a5251910e958b81,7
bs_2552a85f3a18d2f40e15c411,5
bs_25604e8b4ef3a0b184a91506,3
bs_25634d3dbe4035d4ba9f6596,7
bs_2567a35d1f4446ffd84d28fe,1
bs_2571935fd3c8561fd3dffa45,1
bs_257b7fc1f10b335c6ca75c23,3
bs_25845bb7a270368e9147f862,5
bs_25974e054751e7597bfaa9b5,1
bs_25a41473b970bcf1c6df8684,4
bs_25abb73e2fb93d526a128c80,3
bs_25ad8613d0d3734f5a0d31bb,7
bs_25b1ed7045bfecfe33df90b1,0
bs_25b6c7b93259eefe93e2b730,7
bs_25b9ce7815b7b375e7256188,0
bs_25bc9e7e42c74ecd1194b296,7
bs_25c7c5471a811d1ea0ebefff,3
bs_25ca9fccbb67af00201a69f5,4
bs_25d151dfa9a16ae2f62c0feb,3
bs_25d19b9e158aa1086f4a0a59,4
bs_25dc81db5c2fd782edcbee2d,2
bs_25e32ac15443b771ef1ac18e,5
bs_25e6b3aacdfe26d74532ea70,7
bs_25e7fa03df68d2adffa908e2,3
bs_25ee40f49583bfd9994f5a37,3
bs_25f3a673003fc503c5e77476,0
bs_25fa52848820936c539b9010,7
bs_2606e961b6658992a2f51e54,7
bs_2608ce3600b099c78361c7cf,5
bs_260962bccd61f3e04900f812,6
bs_260fc5069dbb02151f8e4719,5
bs_2616d3694a4a6c9cd533a868,6
bs_2625260bca62fe6b6b173d48,0
bs_262adef530c2e071e704f06a,5
bs_26366daf4f691b59b063c4e4,2
bs_2636a4a0163e896127ab6271,4
bs_2644bb0d19a8b3d920fe0f03,3
bs_2650fb5b4dd2159775530c51,0
bs_26519cbeacdf141f21639ddc,4
bs_265294045c45183d48cff8e8,6
bs_2653c6677a29f94429eb77d5,1
bs_2659c4ac508ac963630bdd9d,6
bs_2660d8089e6d995531e65742,1
bs_266259af4596d37dc8b51ec8,6
bs_2663356486abc105561ecb41,6
bs_26678d1461e0a7a8ec7315ee,0
bs_2670c16cfce110b0de77b92d,3
bs_2671094c3c31f6726fd46f47,6
bs_267495d329967d32ab33862a,5
bs_26799a7e74ed42130d732549,6
bs_267bbf4352dc13aa33294c02,6
bs_267d5e83ba2cae13b8e2f753,6
bs_26815cbba8b60d189089dcad,3
bs_268779e10208898bcfd8d2a8,5
bs_268cd749927f8972d92a3e6f,5
bs_268d8363f4696681906f7014,4
bs_2691a6495b169eecc5f1a372,0
bs_26949f9b56f998d581f541d2,2
bs_2695b393893267c7b277c2cf,1
bs_269a0c5f836cc30031549608,1
bs_26a75a04dc48639647ec50ee,1
bs_26a9151a376be69f3c7d29f6,6
bs_26b22111780811bca2cfd10a,1
bs_26b7afea3cde270e7877ecbb,3
bs_26bdc5d9e18c1b8dba7273d0,1
bs_26c59645b58084f6c49893bf,4
bs_26c6d618a5368afa0d5c7647,4
bs_26d02501e18090363bc0ae62,3
bs_26d0dd74db31d75109ca2441,1
bs_26d1102732faccfa7c047ec3,5
bs_26d407bc9a67ec536791dd6c,7
bs_26dae3715ddb5b0e8fe38eb2,4
bs_26e4396ade19a9ece4809b98,4
bs_26f58bdfa4e792e112bf33d7,4
bs_26f7ec2c954fcb1be0cc532e,1
bs_26fd43f2625366ff3a3b92e9,7
bs_2712827d84ccfb51407980da,7
bs_27174471589d37e01a79e919,0
bs_272379dced723761d7923941,7
bs_27263b8cd43f8dc9a97e9232,6
bs_2730419aba410e84e26e049e,3
bs_273f5abc661e039445393ab2,1
bs_2744226e3469982d243aa2c1,0
bs_2745edb15f15eacb221a0240,4
bs_2750f0b9605498fae77625eb,5
bs_27515f296c2ce5d5ed0d49df,6
bs_2755aff15d57a0082565fda3,1
bs_27585ad4d45fd52e8f74d5dc,6
bs_275c4b5c0d45c5b0c2a4dd73,4
bs_275f1813c5dccd0c4dbc0486,3
bs_277538d959ce6e5e5fcbee48,3
bs_277838bdc91e1f1b945755ec,7
bs_277e187d4119978595d188e9,2
bs_278d2dba9bd03fab6665fbdd,7
bs_279d2dddebbf43e500c4e795,6
bs_27a6dff1f4bb18d41005c09c,2
bs_27a8b6d4531c5923d0036ebc,4
bs_27b1884edf36e4a3d56fdc2d,1
bs_27b63d048083f65121431f02,0
bs_27b81bbec1b8f32e87dbe982,5
bs_27b8e79571ef52100dab153e,2
bs_27b953845fe3bdfb31fbe4d6,2
bs_27b9c2c78a2f40946534738a,2
bs_27bc435560393acef77cd3f7,5
bs_27ce3585b9be476c3c8164a1,7
bs_27cef5115c97216136816092,7
bs_27d2fb5c57e08877a630a5fc,1
bs_27d47d6d5a8e287ca0a47755,0
bs_27dc305b896ce5b9c3560e4a,1
bs_27e0cedc9e17b10e56f2bf92,1
bs_27e62fcdbf5019e95579a228,1
bs_27ef2865cfe9a4e8947f3622,4
bs_27fb098241cc61c7295f2e20,7
bs_27fcbe2f6e1d403bd10359bd,2
bs_27fcee16223d718d31a1ebe1,5
bs_28057282697c68434dc7207a,0
bs_28071ea8588a110f30b5059c,2
bs_281073b8fc66245e6337f08d,3
bs_281912e45ee127796cf1d521,5
bs_281ca763a8d92a6bfb0ab0c3,1
bs_281f5866d380103ce2296ef1,3
bs_28253fbb8f6f7301881cf1d2,0
bs_2827026190e5cf688ab3f048,4
bs_2828d2028977d8a0fc785d53,3
bs_2830bd94d5a36eae968a2c46,0
bs_283249f522a071d857aa06e1,1
bs_2836c3f01a3e4bf6b58fe9ad,1
bs_2839439811b9870c94c65617,3
bs_283b17c3ca81fc30e65da93e,7
bs_284df69dffb24b7ad5f457f9,3
bs_28537ced010d7f426598eeb6,5
bs_286dad119745337888828092,2
bs_286dbd4e3f40608befdfe979,4
bs_2873962f1287ee0e1cc8009a,5
bs_287593030db21b1cf7718cee,1
bs_287e19e22a63a2c7778ac86c,3
bs_288009eef4ca929c95ec67b4,3
bs_288068bd1a7bf6b0302caf5a,6
bs_28883f12eca3ddd23fa2a4e9,1
bs_288ce29e2d23505ba8099716,2
bs_289200525afb364589bea858,4
bs_28930cb76a07ddf54f428147,2
bs_28932544a6ad07f1bbfc1772,7
bs_28993c570fafc511d6d23163,5
bs_289bc608703744ec1add4a19,1
bs_289e48c7fe3e146655511ffa,5
bs_28a4bd01e2a36fdcbb63fb1d,1
bs_28af4741891b56fe4a58c71e,5
bs_28bb437e055cbfcc581f6d3c,5
bs_28c126729cc6334f0e897aef,3
bs_28c84758a27640c8f569e5cf,6
bs_28cbcfa297d77b44ef40eb5c,2
bs_28d587b35424f737b2d1286c,3
bs_28de047947fa513f17530dae,2
bs_28deda74b22d3e177ad0136c,1
bs_28e31024bf7d2ff3c5bea975,2
bs_28ec2dcc73616bca0f3dd728,7
bs_28ed9eb35cfd9b55c87702f6,2
bs_28f17c12e7413053d5fcc137,6
bs_2901f5b7e832177a045ba5f2,4
bs_2907fd7c8f295e6ea38e05f9,3
bs_2908aea6e701a707505b733a,4
bs_29091c6aa699b2769574dee6,0
bs_2916253a0513939324c1972a,6
bs_2922de05c336a74363b9fb5f,2
bs_2925703bd03af0745f74ae59,7
bs_29289e9bfc592c397e3bbede,7
bs_292f8588b33180bb4d382f12,4
bs_2948b4884b51c1c25285ee0f,7
bs_295affd0f19fcf49275f4658,2
bs_296db7d8e6724a9dbccd6f67,5
bs_2970277f179c29a3290334c9,6
bs_2971b883c894b937595c125e,4
bs_297bc280ffe1bdb8169b676f,5
bs_297e4728518005c13b1c777b,0
bs_298b41ebc7a32792df4225b2,1
bs_298bf89d59fdabac89a8be66,3
bs_298e2161abd709c80f8c50fd,5
bs_298e70e48617a3ca70d08eb7,4
bs_299339ca6cfc1d04726e16cd,6
bs_299b7d105f94f8792f4f1ca6,2
bs_29a463ede3578cd6933a0e89,2
bs_29aaefecdf11da293e726293,2
bs_29af56148d1e49d966172c35,4
bs_29b23b2efbf00528c51fe848,2
bs_29c44b1381b7574e12763fe7,5
bs_29c9c1a55aabb498c593b594,1
bs_29d01930071f542f57fab13d,1
bs_29dcac7f8017e64b66b6df47,4
bs_29dcd762a20c0042ce05a6a1,1
bs_29dd1f62cd0076d20c83626f,3
bs_29df429a3842a34962f93e73,3
bs_29e13da976fe0ee4fe64c313,4
bs_29e241e43f3f2069b0351609,1
bs_29e43cbc1ff37c578d5921d2,5
bs_2a03183d8970ae3bd51615ff,5
bs_2a0361ddf64e81b3b73ed28f,6
bs_2a05b4aff6565701bd985ccd,7
bs_2a092676a01bdda7a4c4834c,4
bs_2a20630b1b847ef99cf90a16,3
bs_2a2152512d35b5925476cafa,2
bs_2a2ed67b0a37376300a2236d,6
bs_2a2fabc40dd57488d104fbe0,7
bs_2a333be53b329c39ba6477d9,7
bs_2a4bd538eb125f94d56a01a8,0
bs_2a4e3a0b91a5dfde357d278a,2
bs_2a522f83b5679e16f230f7a2,3
bs_2a6030f4a31d665a98766268,0
bs_2a6d47f9a9372a6f96b9d160,5
bs_2a6df95ec57ff20ac91e6e8b,4
bs_2a7c8096c83d06d7cb681d4b,7
bs_2a8022156fb08cb2223102d7,7
bs_2a8372805220bc88763efc8a,2
bs_2a8b20e622f9418e658fdd37,1
bs_2aa0417965e8e5fd07310e03,5
bs_2aa087211223a714abb5af25,5
bs_2ab79f453cdc87ada785e618,3
bs_2ab908c1ffcb05625941a0e0,1
bs_2ac011edd5d31a6cd9a9a7d5,2
bs_2ac9110208e942a3073be914,4
bs_2ac995d63c153f5469af202b,1
bs_2ace79831c8d92bb8dd18962,3
bs_2ad84ff298048dae7d55a4a5,7
bs_2ad86b459095ac913cb0990a,5
bs_2ad99c25e6fa4c3b58aaf41a,7
bs_2adbd7074417cb5fc38bc079,1
bs_2ae1e929caaecc01f2b65554,5
bs_2ae2d7e2c21d65079cf192ec,6
bs_2ae3f31911d12919564ca717,6
bs_2af458c5841d5d1b8a3bac78,4
bs_2afd1bb114572a7420ac1516,5
bs_2afd9a526e0f84ba2d2dce80,2
bs_2afda9fbb3e631d78326da8e,7
bs_2b0051328cfa2d49606895b1,5
bs_2b08f581b0d358b5125f7033,4
bs_2b0c498171dd363ce20229cb,1
bs_2b0c621f2b01817696a7cfa4,4
bs_2b1495f956de329562068461,1
bs_2b1b9168b647fbf2be9f37f6,3
bs_2b20caff1988fea62d3afe66,4
bs_2b211c9d337e0a9e3755d162,7
bs_2b21aef94600e768679ac81d,1
bs_2b271916cce1c5f726187c49,2
bs_2b2db6fb63a628a208b0983a,2
bs_2b33f30c245c936f06ac0393,2
bs_2b378e0b5b50a60ddb91077c,1
bs_2b3bb890d055ccd44eae2cd2,6
bs_2b3e085ba10e24a0f23f9d5a,2
bs_2b429e2a0f692c1435100706,6
bs_2b4a5963001f387ac94b7ae6,1
bs_2b4c54733295a31099293fed,1
bs_2b4c9c48eb6dde1d7f7b6bb6,3
bs_2b50469393084943a05852a1,1
bs_2b506e6c1634603d39751a5b,4
bs_2b5728ba4ce8cad83d08ed7e,2
bs_2b5746c8cbd4e4cfb170db53,2
bs_2b5994bd70a02c52847be435,4
bs_2b60496b20d328c5e8c9abaa,0
bs_2b6464c479e52ab7fac8cd0b,1
bs_2b6538572e58b82a9610c6b0,5
bs_2b6cb0c6c3385b5180dfc912,1
bs_2b7016fba04f68c27aa98126,3
bs_2b701cef920d9563fa45e9f4,7
bs_2b7383c267814ab634a9bf6b,3
bs_2b7ab94dade04064e2b8f3cd,3
bs_2b7dd64afb32719f035c070d,6
bs_2b8a526b301eecbe8a6e494d,6
bs_2b8fad09fd112360d84fb5ee,6
bs_2b9976d216cab3884aba5477,6
bs_2b99c6e9a08def36a01e71bb,0
bs_2b9a5b443d9773b6a8496c35,1
bs_2b9e53608af241f2bee95676,7
bs_2b9fa364ab7cc8bbf5524127,6
bs_2bad2e6ed7bb2e4ef96e32b5,4
bs_2bb11fdf2fce32147fa80258,4
bs_2bb36d779da9af901519f697,5
bs_2bbfaae8d929d6dc2008093d,1
bs_2bc0830ea91f32aad589903b,4
bs_2bc58fd5ac648bfc0b2951e1,2
bs_2bc7fe97dae091ff51c89d76,2
bs_2bcd4aab4d62794e2fcf7b8a,6
bs_2bd38721bb8c6e790134a016,0
bs_2bd410e7e4519603f69eb5df,7
bs_2bd63130a81694080634a18e,7
bs_2bdce50190746406b27b9364,3
bs_2be05d9ccfe1da36611b1288,1
bs_2be3ea07d03deb716670477d,1
bs_2be4ce11853ec0a14baad912,2
bs_2be5a6f2c3a37ad07e5a7068,2
bs_2bf4c66a00ad9becdbfeeafe,0
bs_2c053c3ee7bf12816e5d1b15,2
bs_2c053d802a02c2a75d64ec1a,1
bs_2c062e6c8b0f1b19427d2bd5,6
bs_2c080059344ba30caf6b3eba,4
bs_2c153bc3eca095e30115dba0,7
bs_2c1aedcf908446debf34c9bb,1
bs_2c1e0ec654168b2f33c0ac35,3
bs_2c2211711b80d7ce38cec1a7,1
bs_2c24fa157496b06070f2df38,3
bs_2c37ccaed5ac853918d53540,4
bs_2c3fec65a7e4fc462c90d5eb,1
bs_2c4b5142d099c02034d432cc,1
bs_2c4f033e8255a2835e3ffde8,5
bs_2c55b776cd3c00379327b953,0
bs_2c5dd8b21949b57e90b0e637,0
bs_2c6c17be7db09d6909b2311b,1
bs_2c7ecf782c8e5c0cf92b249a,0
bs_2c8214dd8a23b8472e50808f,6
bs_2c8ebc6447607ef57ca5c34a,1
bs_2ca1f3c43f9e435a6c8ea700,1
bs_2ca2a0e12d766d125a45255a,7
bs_2ca3ef2a5ade3ac7c15b134d,7
bs_2ca9fa9944eb7386b745924c,0
bs_2cb235f9170c681545c3a456,6
bs_2cc27c7b4a8b7e02f7818498,3
bs_2cd1a64ce438f4ef9895b40e,4
bs_2cd21d6fce20977c0650d1bd,0
bs_2cd45e217387dec0e4624ff4,4
bs_2cd57555d880e145d287ea07,6
bs_2ce0ecc2ef46fc3e691b4769,6
bs_2ce56e1ec312e0ba9697caec,4
bs_2ce754ff656259087c3b9076,6
bs_2ce7b68a4543ffbbc34f7835,4
bs_2cef58af4e7dae26db29a3e7,3
bs_2d057e69e3d7188f57fe98fd,7
bs_2d058fbf18b9f764d731a74a,6
bs_2d07201f78b85393c745f69b,2
bs_2d088685d2129b3bbd3cc111,0
bs_2d09aae4639048ce84447d61,2
bs_2d0d8ba67b26afa0f77a8baf,7
bs_2d19de1ab0380283a0fc4a11,5
bs_2d1bd35b41dd52376fc4867e,1
bs_2d21ba6b09d032e3d03a3cd5,0
bs_2d2865f796b08b02541f5d23,0
bs_2d2c3bed52a76520656b820f,1
bs_2d39a1cc38756fa05a890f88,1
bs_2d3f80f5c05ccb55eb6c05a1,3
bs_2d474b3526f9bdf096ccacfb,1
bs_2d52c5ed40f624f4652dec51,1
bs_2d5854037baca5b4a75b2789,6
bs_2d5e027448ebcd7275d7bb2c,2
bs_2d6b53d01bab7ccb5c13f4e2,2
bs_2d7281df02fa4948e18b240a,1
bs_2d73bae4aba0431c17901c65,6
bs_2d75ff0b049b3052a6ec30dc,3
bs_2d7f25b42fe7649598f363e3,4
bs_2d81a68368f5d5922d4efef3,3
bs_2d8cdfa05089668fe6c68aa4,7
bs_2d8eef29afbef030abfdd97c,2
bs_2d9066a495f131393604240a,3
bs_2d9645e4e2e56d64dfa1cf38,2
bs_2d98d9ef52d485ad82474abf,6
bs_2dae875286382b23bdcda1a5,2
bs_2db012d02a5ad291d0f1c26c,6
bs_2dc279758ad618482053a5c6,4
bs_2dc3ec155b69ae4868791ee8,2
bs_2dc6cfe31903b40a4dfa7a57,1
bs_2dda9d0e66471e8288635f9d,1
bs_2de550a7e200e3b117612502,6
bs_2decc310c0481760b7ffb8d7,7
bs_2deda80e3d405bffb3ef6de3,5
bs_2deff592805a685750ffa9b9,5
bs_2df9e80d71052d3046681457,2
bs_2df9eafdc3aeb798bb71c2b8,7
bs_2dfb32543bf23cdd9a34d955,1
bs_2dff851591f7867cea3fc104,2
bs_2e226596a6659b2786591069,5
bs_2e2280859eb2a319c49710e0,1
bs_2e2705000ac2f33897e293b4,6
bs_2e2d1422031b788889acbd01,0
bs_2e32509783de82bba98ad8b9,1
bs_2e35898be1878ec38f049c8b,2
bs_2e364908d1e671f951fa61b0,4
bs_2e3b75bac5e665002f4ae74d,6
bs_2e4635663f697ce634c9fb4f,3
bs_2e464ccaf176fed86a57f34a,7
bs_2e4b5b5ff84441e05a5eb074,1
bs_2e5555e81d1d584f51f4468c,2
bs_2e609268eb96a6944f3a37d8,4
bs_2e61490f61c626be24c29dcd,1
bs_2e656c41b54c844e80249853,6
bs_2e65c645660c368e6b5ec8e4,7
bs_2e6d34e55d461398e36e294e,2
bs_2e6dde6e31c2c84a3c047512,6
bs_2e6fa50142ffd43b2508a847,4
bs_2e7214d4d0af3e58418d2c30,3
bs_2e7248091f9e9826826979b9,3
bs_2e731a9515d4dbff9367b351,4
bs_2e7c57be7596eaae9503a1c9,1
bs_2e8a6ecc15f4470ac5048881,3
bs_2e8c4cc2ed5e8de8fd782db4,2
bs_2eab356a60472d59a1e71bd7,5
bs_2eb0b880f60e72298a7cbcf1,4
bs_2eb90e5d592d94a7f4a811b2,4
bs_2ebb3569de9e705dd5be8d63,5
bs_2ebe782b8d13a2ee7134c96e,2
bs_2ebf2de2a6814d3dd4878c95,1
bs_2ec7257ff122b157e9652bdd,4
bs_2ed0b2fc823676e1bb2692fe,3
bs_2ed3a072151106146aba8245,7
bs_2ed8741efe5dcca6ffb439c2,2
bs_2ee0f97a43385f9eaa367d6e,1
bs_2ee56e6cb0f91304d11ad13b,0
bs_2ee79f61e51b1354f8f1a9a1,7
bs_2eecf27fe099f9815c8e2087,6
bs_2f02940089e8a684161ae44e,2
bs_2f041fb42551089f120b9c64,4
bs_2f0f64dd83a6ac8bc13b429e,2
bs_2f19e43b1d7ee7dda7ed9999,1
bs_2f245d4d554c6de2dd742034,4
bs_2f29c94fc8f19e00a675c4f3,0
bs_2f2f163e1735e7137527f419,4
bs_2f3348012a269a9234b0949c,5
bs_2f366df10aa1e1c6364eeacb,2
bs_2f36eccd44d65b6a35297acb,3
bs_2f37dc888540a6cb48ed4053,4
bs_2f390f4a16d4eaa121230d99,2
bs_2f3b615c3548ae949ded97bf,3
bs_2f3dc4062a43ae49dc243596,2
bs_2f3edf6a41aacae4cec4cf8b,6
bs_2f41f71248f948131c7adcd0,4
bs_2f4f8fa8856ed0d058ef01bc,7
bs_2f5dd4d3bf59aa6520b476cc,3
bs_2f662ad964bfbbc1e9de3ae1,5
bs_2f693f5c76651e16be237347,3
bs_2f79b78fa0333f0ec5bdc5c0,2
bs_2f8b002279e22afeb56d97c8,4
bs_2f8e19fbf1bf8d67bd08814a,2
bs_2fa915be9ce08cf943d6837b,1
bs_2facd95d6c81ab9bd9eb8e8b,3
bs_2fb88de3fb5717d6a7cb9518,2
bs_2fc3002b590aed7fa13d8a1b,2
bs_2fc9bdd175e08d7c8c62b9d4,1
bs_2fcd4f954f235dde8625499f,0
bs_2fceb13cc4dd68cbcbe88951,3
bs_2fd1b01329464de10073a826,6
bs_2fe0164608461c869b758230,4
bs_2fe0ee73779c95d8c6f87bb3,1
bs_2fe3104998e35d15e6141956,6
bs_2fe708164785ca8f8cac5bfd,6
bs_2feef164690811716592823c,4
bs_2ff2578c69780b06a1daf2f3,5
bs_2ffb837eee42bfbccb61e863,2
bs_2ffe2b4a22669141a10ab3d7,1
bs_2fff07eb23af6e5089a33199,6
bs_30042fc3ee0b60d0da4fcd12,7
bs_3004e3d1751b25963278318c,5
bs_30051d53e70451d314e09065,5
bs_30074f3e0dd8e507a3420919,1
bs_301598f3c36d469c8cdf4bcd,5
bs_301aae4acc5c5afb6106a137,6
bs_301b34e47da4c8fd06f156c9,1
bs_301c7c84dce8a7c56b646f54,7
bs_3026692fd2b53ebef6fa8073,6
bs_302a22ef404f80e28b529d94,0
bs_303fbf96f7b43025c7d3a7f3,0
bs_304099811007077771b9fb52,3
bs_304c38a4d4e1dbd5e468ac89,2
bs_30553ce390e68f38e3792041,6
bs_305a369ccdb5bd8678caef89,3
bs_305cb07814443d036a223e9b,1
bs_30709ba8900768366ca4cd53,0
bs_307736de13b7a4f8e4f52fed,0
bs_3082a8cc1abfa6a81a0779f3,1
bs_309196619f0ef1297682dfbb,4
bs_30a2a4560e9f94263fb49614,0
bs_30a60def949a268229b45543,5
bs_30b1f326ba8055c99fd1c7ae,4
bs_30b28d3e057ea40238820cfd,4
bs_30b567130c31a2f8548ca7ca,0
bs_30c53a35901e04d60b67ffb3,0
bs_30c82652e83ef9ff1c3b7616,1
bs_30cd5fa2f385cd4a26bf4357,2
bs_30dabb3247285fe61e223106,0
bs_30dd99a9aede9ffc19daf6f3,0
bs_30e371de4f966122c242f1da,6
bs_30e878c7ab9520b1055497c8,5
bs_30e9a23d9a8c5b2a5444640e,1
bs_30ebe458f01dd676e04aee57,3
bs_30f22be5c2844abf38d0b72d,5
bs_30f630461385e7af17dcedff,3
bs_31025077700e9d01e1c4f415,5
bs_3104fa592fe0e35e5d2878cf,5
bs_310e250ae780f9b5aa66d38e,4
bs_31114b2c0a67ad069cd624a8,6
bs_311dd9145cac47df0dea99b2,4
bs_31258ef40123267ba131e230,6
bs_3126f24dca72751ca116dc8c,4
bs_31298e50058f3fce1a54b11d,4
bs_312e76724715ac42b6f4da13,3
bs_312f878381b5ea43c52402ef,2
bs_3138acdeaf3fcb191345bdfb,1
bs_313944c84b02779f28b73e62,7
bs_313a6a90c2139883910ba774,0
bs_31459a5641b547be359616b5,4
bs_314c72cf42cc65daa3aa0619,3
bs_315a5dad6ab8e47b0eca9807,2
bs_3161f7f7768255b347ea6846,3
bs_316e142865d5ed89b0c2a5f9,5
bs_3171cfc05992edb7acbca20c,6
bs_317b638901e9c5f009389518,0
bs_317c91c9a6b5991f7c383bee,2
bs_317d6fd275769f259cab68f4,3
bs_319f1c010bc350c657f53c19,6
bs_31a7e0413644d10ca76ae89a,0
bs_31ab1edb6ccefd5832a746af,2
bs_31ad54b4897821156b8104a0,2
bs_31be7627add78a53ee7ec476,5
bs_31c01673b4d2bd9b74b65fde,3
bs_31d983c37e0d7e0de0815350,0
bs_31dbae1ab9caaa416b2e685c,6
bs_31e206b8e281d6d2c91233ba,7
bs_31e4d648b90758b52787eec2,5
bs_31e6a5cbe7dfda5d3e9e7fc7,5
bs_31eabdd253aeb85a353eea81,3
bs_31eda2eb26be014264828a90,1
bs_31fd7dd8fb4cf7a69c026314,6
bs_3202b0c73af6e3bd43bcecad,3
bs_32053114866095ec3208eac7,7
bs_320a2e57659f50b562b8d0aa,0
bs_32224456a43a09fc5d80a09e,5
bs_32268f7ed0b2a74b4b475c7e,3
bs_322f38a4f5b8309d51f9e209,1
bs_32352cfcb4c6fbfb172ebda8,1
bs_323ccb6499a6c69211aa2c71,6
bs_323e4ea0e6bafac50e3e641f,1
bs_3257ef4f163c32183b155663,0
bs_32596f59368755da4d13d462,7
bs_326082f50cd9ab848e29eed5,1
bs_32609519fb5248aa97004d56,6
bs_3269d604c29ca0c3f6aa1a07,4
bs_326a4f6feb32eda08c4db1f2,4
bs_326ed4159ba34b693ac5d63b,4
bs_327958074969eec3f9493248,3
bs_327bfbb7af1d3e175b4f612d,1
bs_32810a71c33ba0c6ce9f9ddd,7
bs_328b51684db30edf2b67c5b1,2
bs_328c14c67fc7c61cd9fd3eab,1
bs_3295252bac5b128d996b84c9,7
bs_32acb0b3d8ef084a14dc4543,6
bs_32b06361ca3ac033f5d724db,2
bs_32b130364d693097201c79ab,4
bs_32b18c2999e203a4b0d2d06b,3
bs_32b83d9d8694dfe461dd44d2,0
bs_32b842ac60da87d4dd8dfbe4,4
bs_32b97c539d1adaa6b93d9e16,6
bs_32bc546f9f6327df0c5415c6,7
bs_32bcecce6a0a8826ade77013,1
bs_32bd9f3ecc57e8eb89f5b80f,1
bs_32c99c08595c1dcd1c77693b,6
bs_32d787d06944ebfa1dfbc01e,3
bs_32d86c2aae9f3675ec45dae6,4
bs_32decc63d51d03bacf7ee380,3
bs_32e3f3f5ce3ea3ed87c1fd39,5
bs_32feee035b609b6423ea0c5c,6
bs_3303a72b6a96e6eac01fbcec,5
bs_33087ba09d1ca5e88ef1ae08,3
bs_331515694331d4c19aab922a,1
bs_33169c186765969012758c2c,6
bs_3324ac7a5247de90baaa5551,6
bs_332ae220a2b2fe7749caac53,6
bs_3336d71a9dd93b915d59336d,4
bs_33479870cb9b41b5d3e4f509,6
bs_334a0b6ce44a3721d7b4083b,6
bs_33526be100cf2a93f96b6635,6
bs_3363461d2b1b48adde484902,2
bs_3363587baa3777b0098f8f71,2
bs_337e5b4f1aee8a37dd0b39cd,2
bs_3380610bde51f87a0cc3d8d5,2
bs_3380fdd92707f0e7d4f04184,1
bs_338a2180dd2828d5a5f8a101,5
bs_33902b8fc4b7f1e9c2c87105,7
bs_339091f861aef832958591ac,2
bs_33919e5126c69cc00272df5b,6
bs_33975ed5969d39dd670d8c1d,7
bs_3399b7d74f720902e8007295,5
bs_33a5077929cc7d1fece7ce83,0
bs_33b15c1a9f7048b76defb193,0
bs_33b60a23f3039c374192d4c8,3
bs_33bbb9ff487aa44cef96b095,4
bs_33bbd34fbdd8068e0fb2e0af,7
bs_33c246cd86f1d24491657beb,0
bs_33d337748645bf696d83a696,4
bs_33d44c7f216227f8620b0aed,1
bs_33e4d4d858f8afe1d0d3b2a1,7
bs_33f0865e5a22ee3e33e76f44,5
bs_33fe32dd0beefa73c8196320,3
bs_33ffd80b8ca43dec75850700,0
bs_3400724b5ed53c9f4b69154b,6
bs_3400d94780917262ad10c9f6,2
bs_340376ce89de902c99a6df17,3
bs_34087c74cbd1ef77f55ad3b5,2
bs_341b057328858e85b40b8a06,5
bs_341d146c50e7b4867503331b,4
bs_342153dd375bc68057022771,3
bs_342c60379ca5719af8670264,6
bs_342eeef28bdc87772f2596cf,6
bs_3430b41df6e7739ec41575ea,7
bs_343feb6d9a0d84e09c647c88,1
bs_3441de07f6d5c1e23c2ed1be,7
bs_34462c351f5c328ef7237194,5
bs_344ca1829ad9856863cee521,5
bs_344cedf9c8abe12718f66f7f,1
bs_344e44b53cff3bb8f1317b87,4
bs_344ed11f2caa2b0afa175bb6,1
bs_345554a410971feb1302295b,6
bs_345c6ca0e3fd3b3c75811da9,6
bs_345dfe3f421afa4755025205,4
bs_345f8c715063c9180d305465,5
bs_3467803b0bc65a48ac0be63e,1
bs_346c915c74edb8b394dfa560,3
bs_347a2c920f6aa96929a27a7c,2
bs_347a99a3e75b1dc8c78705f7,2
bs_347c2345ddd663f9bce2f871,4
bs_3484e08178ebd3da5883d0a8,5
bs_348e06d101835edbbde5bc39,6
bs_34980e9350b3b642d6196dd8,4
bs_349cac1833b67bc6d756debf,5
bs_34a0bbee1875a257151cafa6,6
bs_34a21c29e349a7a5378de512,3
bs_34a4a4de8b1c72fcb1c530c1,0
bs_34a7cc8f38e4057605c82b58,7
bs_34a87d9af7165cb5226e7f2e,2
bs_34b30d82fe94299ba0750703,7
bs_34c155e1f051b065f4cf02fe,6
bs_34c37a72379ce640a26337a4,2
bs_34cf8305786bc33673a29a73,0
bs_34d3c687c6491e8fbcde4c4a,2
bs_34db075cd562328bb1914b26,3
bs_34dda841764f5e648ec4532d,6
bs_34de604dc638ddeabc33a138,3
bs_34e7f859a8a279b99961c1ab,7
bs_34e99798b5aaed89027e2791,6
bs_34ecbb17ba0d96fb23d508f3,6
bs_34ee3c4834bc5ecbc0522fb7,1
bs_34f226e299d7055fa5700343,0
bs_34f60a5bc76069e827d26017,5
bs_34fc3402b0a44f0b87bf6142,5
bs_350499c6e623a9ffd3319911,4
bs_3506e4842e28e5d302fc188f,0
bs_3509235e5623e25448e69fd1,0
bs_3509f58eb980c82d3ea27254,6
bs_350e13ef6a401de159b037ca,7
bs_3512d9ef554de4f95beca7bd,1
bs_3514729d47e799a1992348d4,4
bs_351a2917314c08be4e434dde,4
bs_352c52e779786eb9ea97462f,6
bs_352d2c35d91443f2f4582a71,5
bs_353860398df372fc0a8b918e,3
bs_353bc503d6f5b5dc5de40136,0
bs_354c1dbdd242f4cca73d07f2,2
bs_35508beecdf0baf9e7d13b1c,3
bs_3551600182870ecbb9b9bb71,4
bs_35562b1afda59f9381ea612e,5
bs_356294a488c38dc51919b461,6
bs_3568e4f0f5c8b314f5d84f32,6
bs_356a53554ca77ae7f89f5b40,2
bs_356b6050a2172af2a5d86f36,4
bs_356c37134cb3be75454833f4,5
bs_356d2fcc350d4efc48ee7145,4
bs_35735beae7e43f32964f9eac,0
bs_35749a4c1c52202805c766f9,0
bs_35749f5bf6c5891604d80268,3
bs_3582120265480219a0f85b86,0
bs_3585905cc4f0bd9a2bf3d981,1
bs_35867d1ca98d46a1dcfe60b2,3
bs_3586dfc87df1ee7af10ae825,2
bs_358d4af59e63e228803a3a0f,0
bs_35a07a8ee82ff84bfb305644,4
bs_35a399b759b6d8d6ae735728,2
bs_35aeadbb435c3644b26ab8d1,5
bs_35b98d25ecf2bca2c8814a09,6
bs_35be083ffb80255a6243caca,5
bs_35c4853192f92552cda721c4,3
bs_35c5ac503d320d1f0bce494e,2
bs_35c60a014b6f666ffd8e17b6,7
bs_35cba677d1a7eb96d75feade,3
bs_35ccbb96ebfc5f60fe6de802,6
bs_35d3ffd86e49b2d21c60f90b,6
bs_35d4835eb075f07764c6e30c,1
bs_35dff09915e27fb1435c89d4,0
bs_35e13c830e5e23e57dbfd3ec,7
bs_35e78f5613b3a8de50fbdd3e,1
bs_35ec8b8ef41442eae449d234,7
bs_35efb78dcbacdc98b447a99e,7
bs_35fb5f2a936a2757396d1a8c,6
bs_360e3f6ac4ba16485d034a44,3
bs_3619f9acdc3579ed5a0688c9,6
bs_361decc381f08cfe8c753da2,2
bs_36204088f6063d3807d1be6f,5
bs_3620c10194e27c36a3d6fc42,0
bs_363172a88bd25162c1f7cf13,2
bs_36409872c7104e6076f24e80,4
bs_36533879d83cbd0a64fac7e8,2
bs_36534d6b8e65db9fc328265a,3
bs_365b40f83c6979da81d51a00,1
bs_365b6819a3d7505f8a62a8dc,1
bs_365dab5755ab49e4a1d266b4,7
bs_36617641b7f58655283f314d,6
bs_3663b514e0dee938d5d0d1da,1
bs_36654e0c80737bff6e98d160,6
bs_3668980563dbb309c57685ce,6
bs_367085f3a28b545ded927e88,7
bs_3672fc1673e13babe440f642,1
bs_368c8273a4e739ef1038e483,0
bs_3693ea9aec782a6a8a494023,3
bs_36a09e4117451d108f4bf81a,7
bs_36af563df57c948bd31f68ff,2
bs_36b1cec499b8e46957eabea9,5
bs_36b33cb7fd0a2514cbcb92ba,3
bs_36b3cf93c2b0163e545e4fc2,6
bs_36b797d868a57a25c5451f28,5
bs_36b8ecef9e332a7673d370bf,5
bs_36bab40856b0779c69ecf93e,3
bs_36c0c2dab920ad81c256e647,2
bs_36c11d4a9ab837ee8fed70e2,6
bs_36c499ea880891dbb16bff51,2
bs_36c54794a749b438e01b7a0a,0
bs_36cc092486f225643c312d00,7
bs_36cca0244fb0e8a4ab0a4d57,5
bs_36cf4e1a952e98973fabab9c,2
bs_36cf8226561c69e00129686b,3
bs_36d3d8f676963358c5e645f4,5
bs_36dbb51601774fd252f3aecf,4
bs_36dec83eeefb6207a357820e,7
bs_36e2df1b77801f04d8ab63ed,6
bs_36f9fa58d08823f088523ba9,3
bs_3702f7a37881f0a9f51b6207,6
bs_370597df1425743bcd984f58,2
bs_3705df990d1d49356b6f6297,7
bs_37126cfeb6710ac8be828e0d,0
bs_37148372af129d4035067362,3
bs_371af9492f8e563e9f819336,4
bs_3724c3b2c41dac5d36b46b15,1
bs_372df00a05fc49464e236713,5
bs_372e6ec1d05fd032ec10d15c,2
bs_3730e62da575e5c567cf140d,2
bs_3734114ea6167d249eaa9d87,1
bs_373b00caf3c55fc8548422aa,0
bs_3741b91ca052053fbcdd41c1,5
bs_3748dfd196047a8a1a71a82e,6
bs_37491bc9381f621838d68447,0
bs_374ec522b6cbc6a8e0014c2d,6
bs_3755e0dc2aae67ee8d9c7535,3
bs_3757789f381641eb30c0acaf,3
bs_375cc35ee85c845e4de63660,7
bs_375ee42d4bf8e078097f6712,2
bs_375fc2c74c58d0e156216e30,1
bs_376b9ccc6e6a05f16966c247,1
bs_3775626704c15d3f433bac14,6
bs_377604c0c56ab0c075d8f0c0,0
bs_3779abd602b4abbf826b4718,4
bs_377a4333a551a003f5fd5efa,4
bs_378eec18e879cba5f067e606,3
bs_37970b238bf79ee788fcb218,5
bs_379992df92972f13412805b2,2
bs_379e61b2b354cb6ef36c93f8,4
bs_379f6afb00691bcb9e0dc8f7,6
bs_37a90b36804ff533430c6a94,3
bs_37c6d436140e59501ea81c47,7
bs_37cad0485e8449e7d7de7e10,3
bs_37d622024f591ea524c39997,2
bs_37d974b664e20444be4a017a,6
bs_37ee140779294eb4376cd01e,5
bs_37faee104071b0dc085f1eaa,0
bs_37fb81537f99b93dbe0aea6d,2
bs_3800ba69ded6a59d1b47fd3d,2
bs_381c830ca8652ee2b26c3296,1
bs_382b644d0aead0cce8e53ab0,1
bs_382b702ec892e6b6acd9cda2,4
bs_382d7b5f2488d8b9fa86d0fd,2
bs_382f8bcaed8d062c2a89a945,7
bs_383b687d201f2c99bfd4c60e,7
bs_3840673d935e78b5ff7e79d4,2
bs_3843197f5ea1b95e7f7b37ad,5
bs_38431fba29ab592f51b0ea06,3
bs_385257c5a5934337c8a630ea,2
bs_38536615e1da000f1771a853,4
bs_385b3d61f396117121a90d69,2
bs_386cec5be6d731291189441f,3
bs_3873bfff173a3991977659d7,0
bs_3878e14a21012a5c1e0959e0,6
bs_38844d497b95892a9d9e708f,1
bs_3892651aaad9c24ef509d270,3
bs_389ce9b3ffb7f8d5dd8c1364,5
bs_38a39e98e26d145e9a0ed88c,5
bs_38a85a800bb2ca793ee83340,0
bs_38aca14d8d461f7d9127d142,1
bs_38b72e11ef00445d0a6c0b25,2
bs_38b82d34eb26c157c2831740,7
bs_38b8d9e07120bf66e84d8217,6
bs_38bcfe91d1b96efc40204eb7,2
bs_38c5582340095ddd976a0d59,5
bs_38d7363df61052054d825827,1
bs_38da97f73042f52f82d347c7,4
bs_38eb1610d8bc42999fea776b,3
bs_38eb4810acc8fda4dfc5fcbc,5
bs_38effb553d2548e83da1336b,2
bs_38f6ccc577af75c15bb9b881,5
bs_38f924e2ec30f01b5423a9f0,0
bs_38faf3834103ae1a30d67ccb,1
bs_3902719ac98231a8bec587ec,0
bs_391b2a37872aecb362b41445,4
bs_391c692402e9057725932e94,7
bs_391d986174b9b78f88ff2bf7,0
bs_39267d5a7dd9092822bce0d3,0
bs_39303f160395beb6ae5290d1,7
bs_39329f4088d6b8f83aaefb85,7
bs_393412afe3001c43f45b1bf0,2
bs_393e97df5868bffcf7aa95e7,5
bs_393f9e876a84e48eb2cccab2,7
bs_394d4b189cf3dd54e77adeca,1
bs_396330157b6b4042e3610534,2
bs_3964ecf8fc1a847e33de42a0,2
bs_3966eb436de5c3131804a8fb,0
bs_397fad37c71ec4b4f50b21a6,0
bs_39879e19288b11b0a917afa0,2
bs_3989878343d654b4031bad9d,3
bs_3989fa724fe9e32c1ab64508,2
bs_398ba2367efbe8ab618bbce3,3
bs_3991afdb509a1afb538f882c,6
bs_399598c34c953c333d7cc647,6
bs_39992d9d6dd0338eda416b4c,4
bs_399ce93ec60fbb96e4789d5c,2
bs_399cfa6efc189234e0b42dba,7
bs_399f129c0a38f529dce11e96,1
bs_39a10a9363e1ec0708cfbadb,2
bs_39d98a1dba3ad6a4ce9c8e6c,0
bs_39e50e749a7e6155f4366f23,1
bs_39f966aa658eba0581ea33f1,6
bs_3a04f4c41becdd4aecae0d65,0
bs_3a0b76a7731ff4a10a4f70cc,5
bs_3a0d7ac1ee9e8457c2b115c6,4
bs_3a10a0f2917f0b1f7ab99f14,4
bs_3a13a87d668985142c54c2ad,0
bs_3a1546b2374d6bb0f5a08e5b,1
bs_3a211ec169b9b5978d129d8e,6
bs_3a2300e128b04839c72d51d6,3
bs_3a26daec06ebab5aa43d7e8b,2
bs_3a27592bca124fc1485b93d7,7
bs_3a279539b4e6452445958515,4
bs_3a31aeee1f9b8f5f40bd6dc8,7
bs_3a31e04fc0e8fc2cc8969cb7,5
bs_3a3b045b392c3a52fe468a97,2
bs_3a3bce7f6188af87e8ccd34b,0
bs_3a44cefd09fcf23cf00efb9d,1
bs_3a45998a9265039ffc7a0f2a,7
bs_3a47064a2ff55e71cdeaf277,4
bs_3a5282bce3e25a6874283124,6
bs_3a57a156e331fecf99170d5b,7
bs_3a5a4df8ff8d7d5baa553aae,6
bs_3a5c9ec7fae8be977a0b9654,1
bs_3a6602d624d15d1c2b9a6622,3
bs_3a6be16434b360d60d1b4195,2
bs_3a73306c433152a1a72d97a4,4
bs_3a7a54ba59a1471a476b0518,4
bs_3a7bfe90f1cf94856e805a1c,4
bs_3a8aed3843943c6e033da7fb,6
bs_3a91d44aff76c07eb301fcad,1
bs_3a9325c7ed3f5a57d17efb22,7
bs_3aa26aa2c1feba963970c8c5,3
bs_3aac98c6d1baa307d7d01901,5
bs_3ab3c21070c9a9a1749f01cc,3
bs_3ab6095ca3138a6315b6339a,3
bs_3ab72b99eff1126c6339d34b,4
bs_3abbe57c2568bf703788cc61,6
bs_3ac662ba5a10490954e04623,1
bs_3ac82482d0dcc93ef737dcb9,4
bs_3acaaf4cbf4fba4f41c7e505,1
bs_3ad663669f9acb958d3b201c,7
bs_3aee7a8a496623853f569742,1
bs_3af20860a603f7210e56805f,1
bs_3af860d1f59dd17f32d7c715,6
bs_3afd2bec118c59b348b6d440,1
bs_3b03e14ecfdad169015ed457,4
bs_3b0afab97613b07c465aa8eb,2
bs_3b0ed508d6706624a62b8cfa,6
bs_3b1079deed4f561cb82176b6,7
bs_3b10feef375bdcda97c1a88e,5
bs_3b11ad7e9838e460cc329d1e,1
bs_3b126dc8f8766936d9c77446,3
bs_3b1d907b616eef678ffcb395,3
bs_3b25b6fc624add6ccf0708ea,3
bs_3b27261b2c1e6d1acb166109,4
bs_3b2901cca4c7dab49b6b9f2e,3
bs_3b3725860302f78a800005a8,5
bs_3b39c1865b4ce60050f02e2f,0
bs_3b46caf893e1a0c0f03a4fbe,2
bs_3b4e99b3a21e48eaf8db1a96,5
bs_3b53eb7a8aef4bf9fbb9fc47,7
bs_3b58f603a1ae4b36e4be9ca5,7
bs_3b5d667550ee352e619ea22d,3
bs_3b5e03d59b2dd0003657c2ae,5
bs_3b5f01752eee0828e1c53655,5
bs_3b620efcb9af0a463f19903d,7
bs_3b62d2e8ad808180b6ee1fc9,1
bs_3b6427a9c48f02ac7a3c7562,0
bs_3b747e92253d6e538c6f4a48,6
bs_3b786ddd011a4e825035190a,1
bs_3b86a253a300d108a66d13cc,6
bs_3b8e29adb84dc0ac6f3f842e,0
bs_3b8ffb7f61ba4a8ca7aa91eb,6
bs_3b91e8fd80bf1128447b7ece,6
bs_3b9258c9a5f97b8c037b03b4,2
bs_3b96e85c68728881118dbad5,4
bs_3b9f9b0dfc6dc5373f498b18,4
bs_3ba405b28bac2d9deab2d0ae,7
bs_3ba946f87d9661e35f77b6a2,6
bs_3bab4c98f0bd2b3ad8fd02b9,5
bs_3bacb3ce9fd14750cae6fe7f,4
bs_3badb40cf9f4eec62fc8bb6f,7
bs_3bb95e9f3afa9a38c3574892,0
bs_3bb97d11713b2ba06b787beb,6
bs_3bc704e3bfa383bad12d1edf,7
bs_3bcc38527456286e1e23d292,7
bs_3bd962f3c2125daa102a592b,5
bs_3bdde50540699a58a0808d41,0
bs_3be010b0ac6a9ed997750154,6
bs_3bed1e1142bdc3a79c1bef45,4
bs_3bf4b89ed280d676693d1dfc,3
bs_3c0051d434cee431e48f9ca0,5
bs_3c029c315dbba401cb81f5f5,5
bs_3c0929d3048c56c7e4beceb4,0
bs_3c1dcd6906e90a08de8f4749,5
bs_3c21118d1ee833cb42bd1caa,1
bs_3c22b95564b31d030028535a,4
bs_3c2e5ac952712db1df226c82,1
bs_3c2ec5f1a728057d36638746,5
bs_3c32dfee14f84faeb7ac0a89,6
bs_3c3473576166b05750e89f1b,1
bs_3c392062dac375f95bc06cb5,0
bs_3c3c37d1e5b2f59be0729215,7
bs_3c453ba9dc9313557227fd44,5
bs_3c512c4077773530b924a7c7,2
bs_3c56eb355ad39d21d9336e9f,2
bs_3c597dcf599b27d440239794,5
bs_3c619d359fd4fee410792998,3
bs_3c63b39d11307dba8021aa06,2
bs_3c73cfae14662fdf42525201,4
bs_3c7659fcd1e58a71a0f2ee31,1
bs_3c7db9b548d932a94c71a47c,7
bs_3c7e244ad96b93c82f8cb4c9,3
bs_3c8b55244bf7494672b51279,5
bs_3c927110e8512ee3db317be0,4
bs_3c936eb7d9bc2561a748f8f8,4
bs_3c93ed32d47c96efc1dc266d,3
bs_3c964f4e17d42355c16755f1,2
bs_3c9b610a712b00b5ce82adf4,0
bs_3c9c298fa0dae41d3db59489,1
bs_3cbb710556ca126e43ab0ec4,3
bs_3cc403176691d832f2fded6d,7
bs_3cc5491113c0afed500e748a,2
bs_3cc79285b714b2402358bcee,3
bs_3ccbf8834bc48fa134b48d60,0
bs_3ccc9e3c0d10f2052aa5e963,0
bs_3cd242c2aad745258c01ec58,2
bs_3cd2764b2b02862c8204e3f6,4
bs_3cd300de068888fbdba0c88a,6
bs_3cdbfb4da90095dc0653b670,3
bs_3ce4387207dfa5fbe829c627,3
bs_3ce4ec27ae2df319797bf773,7
bs_3ce71129e6c5713c8946ef14,1
bs_3ced0f44bb5506d81e77b392,4
bs_3cedce3b298a71481912e06b,3
bs_3cf3067fb9d7b35cba106751,6
bs_3cfe72849459afef338cedbd,3
bs_3d0197913535bc7e959b8426,4
bs_3d01a26b70168aa8574b2f06,4
bs_3d0a2c849f078635a553702a,2
bs_3d0fd087f89c722333911efb,5
bs_3d1463a8a87d1d40bd3e500a,1
bs_3d1512a7387d0dcabb3730c4,5
bs_3d2e36e93371a4bd454ad642,1
bs_3d33b67d8983412acbfae828,2
bs_3d3eb1161f353d22a5b8cfa1,6
bs_3d417dc6c880924a934cb900,0
bs_3d41e86f423eb2fb58f054ad,0
bs_3d4454f89fd12c18d1ec3058,1
bs_3d48cf1e7356c0b87bdefbf2,1
bs_3d4aceb8057a8aefae81b98f,1
bs_3d4beee54eff19f55137a3d4,0
bs_3d4dedc217682acda177f1b4,7
bs_3d504ede5b8407addf124ab4,7
bs_3d517cd3d7ed81ed0c8deb20,5
bs_3d56415e351c3a3d45b912a4,2
bs_3d5788ece88e289674b97c6f,7
bs_3d57d91f7614a6c53da84b93,4
bs_3d613b5705418c8710894f3b,2
bs_3d641d1d7fe1b608044d7c8e,7
bs_3d6635b0eba64ce49e4af2a5,4
bs_3d67da06179a8a23a8fc81c3,6
bs_3d7ce97ad908a84d39707b43,2
bs_3d7d39cc94c779302534b3de,4
bs_3d82eacadaa26f68403b2cf0,7
bs_3d877164de6227684c718fed,5
bs_3d88ce269c35fa69f51f521a,5
bs_3d88db7f86c1b6a13954fe38,0
bs_3db6189277c9010977b3f7df,3
bs_3dbb5b5a71203326e458f8f8,1
bs_3dbc5ea476871a6fed18859f,1
bs_3dc4763a864a48a12c8ba3bb,1
bs_3dc61df472c7d1ddb9766882,1
bs_3dce9fccc03d36055ffc5f78,3
bs_3ddb7ff231e3044f060abe78,3
bs_3de154cbd9e75044d7e0798e,7
bs_3de59af16af4f0d6e9f26c52,1
bs_3dfc453d66846f9e834bf7d2,1
bs_3dff1dc93a623213212630f5,4
bs_3e0226560340754617b5fa2f,7
bs_3e03364dc8620007bc7eb70f,6
bs_3e0390ae9ab97d66c5a30614,6
bs_3e0ba27d714514651920fb0e,0
bs_3e0c1b6d4950f659ea4fad4e,3
bs_3e2dd871d9c3b94d46066ec8,3
bs_3e36c1d16ccc8b2d952b9d20,6
bs_3e3b78a81d407f645c6a5775,2
bs_3e3f08e14fc722177baf263e,1
bs_3e41caa476f7c31ecedb0251,6
bs_3e451f65b87b3585bbe5d792,3
bs_3e58005561779aee2b9ca25e,0
bs_3e6af780803b53e8b0ab33c3,7
bs_3e6e60d92ea837b2d1f2a1b2,1
bs_3e71d89802a947e47ef3f72c,2
bs_3e743c21f6dae640fef1f5af,7
bs_3e746fa84acc2b9fe8637950,0
bs_3e7c2ca455477f035a1fbfa4,6
bs_3e7db5ff4db32c3041ffe28a,2
bs_3e83bae0ba6304039da1a7fd,6
bs_3e84fd3d2435720833a04275,1
bs_3e9ec28eee1229c101d5e4c6,3
bs_3ea4a92fc81d068872bde137,5
bs_3ea918416017e8831b4ea4c5,3
bs_3eb166f93b28a40f0bb07f5f,7
bs_3eb5eddb1f0d4be16d3b661d,6
bs_3ebbed09275de19cf4f8fb82,2
bs_3ebecc4359392f3503e8a091,2
bs_3ec31a414de5f086b5789719,7
bs_3ec7d39897c2f096c22745f1,6
bs_3ec8fea14caa98fc1d2f2758,4
bs_3eda6c479066b52b02ce8b4a,3
bs_3edb51007719cb107fdad45b,4
bs_3eead2fa09b1d0341e859adf,7
bs_3eef5256e0c2b2dedf830df5,7
bs_3ef3fdec928729e20c960558,2
bs_3eff543f92b73f05ac4380c0,7
bs_3f05dc587630b97eee6ae9bb,0
bs_3f0cbc84b64c24415fdc1708,4
bs_3f0cf2991630bea7ae816448,1
bs_3f0e1796b5a0b7bf9fead034,1
bs_3f0fee117340c14c3d4a2f8d,0
bs_3f170ee1f2dd50fca3f3b299,5
bs_3f17e67a6e349769ad80498c,0
bs_3f188e81bad49e7fa2c89158,7
bs_3f189a737f7c4c41f8464055,3
bs_3f1b5b325990d0de8e9b4d6e,6
bs_3f1be8ecda45f0b58cb29bb2,3
bs_3f1ee7b8a8357bf81bfa7cb6,3
bs_3f209e3f3f132696f9e4304f,6
bs_3f240b24c9e93cbda73d0a38,5
bs_3f2ea3b4ea2548ecc8ac7f03,7
bs_3f33191419f3ee4691850ebd,3
bs_3f3b7463974cfbc10a5d4067,2
bs_3f3c212acf53e0d461eeab26,1
bs_3f46d5788db55bd3b0e901a4,7
bs_3f4a318fb14079409836501c,7
bs_3f4b155c6e8926d2b0a8ea9e,5
bs_3f51ab93c5bcb2f13dbb7683,6
bs_3f51b4966406401658b30f66,4
bs_3f52ba782a62842a4d0bd90d,1
bs_3f5a1df7844ab83cf379c4b7,2
bs_3f62f885ede100c595efdbff,2
bs_3f65b1ffb56b461eca005d8f,6
bs_3f864833808dacb4094893a0,5
bs_3f88ebc272d5f895e93c1dbe,0
bs_3f88f029a238167ddc0ea299,4
bs_3f8bde056493375f1333667e,0
bs_3f92b1394f9c801f656ea9d3,1
bs_3fa0fbb099eff023d3143bd3,2
bs_3fac2f03496b6a7b0e10c96a,3
bs_3fac77401e0c00855fb9f3b5,1
bs_3fb2fa75fd123fd4ce328068,5
bs_3fbab12b37542d469f800c46,5
bs_3fbfb3970333fb98d8447b67,3
bs_3fc9d68553b3fe7e34dbd614,5
bs_3fd316f7bf256d179e8d7033,4
bs_3fd6703f43b3e9aa29472bae,4
bs_3fd8ec296206e4eb174bb0ce,0
bs_3fd8f32f75221f6ef9e1771a,5
bs_3fd9b7f5827fc9b7b497eabc,7
bs_3fdde1cb905492e57ae9ca6b,3
bs_3fe03a713ba0077d0174dfcb,6
bs_3fea77653e5fd767b14455b4,3
bs_3fee6d6f7515691bc42f34b0,2
bs_3ffa8b797e60ce048511bfcf,3
bs_3ffaa657d5446d1a317c2054,7
bs_40088a0ab9df78b2d040fff6,2
bs_40172789b5d4ed97b107eaad,4
bs_401d4af8ef9a9d9cad6ac2b3,3
bs_40324b8d138b2d2e4a96d58b,4
bs_40341d14df37d996b6bde8fd,2
bs_403d5418a1bbdd02c8d40857,6
bs_403df6137a643cac2cce9d03,5
bs_40434449617a78c8c87f72e2,2
bs_4054d206cdc760d31089024c,6
bs_406b7772bba360bdec9ea080,4
bs_407a55770866b7bfec7479dd,0
bs_4087736e5be0b9aeeec15f03,2
bs_40997e0b8879e2351e7cbdd9,0
bs_409c7afbb8e07c5ab5fddbc5,1
bs_40a4cb6210304f58dff199c3,4
bs_40acac7f6470526cf2ba6b13,6
bs_40b080f0916f09f280cc35d4,5
bs_40b10e4b848ec4f1fa1ce8a9,3
bs_40b1cfe1f7a19f8f7ad521c9,3
bs_40c2bb1e423a00a03bfbc488,2
bs_40c594ef2eaf7ba13147f5d5,0
bs_40c9ea7a73f23fbc2ea7257a,3
bs_40f1457dae219786b0c1a582,1
bs_40f6053aadd5121700f53a39,2
bs_4103821447abae10fafa9916,4
bs_4113c4158dc9d8f978ce2ecf,4
bs_41161fc6529f48de84a38526,3
bs_4116bd990f3d5b89f9c75254,7
bs_411b30fbe1af87d87a837292,4
bs_411ec31a6030b055116843a4,3
bs_412077429fc0b6c2ee10f888,0
bs_41209190a10668a6a8ff1867,6
bs_4124edfd54be7a8daae49957,6
bs_412940daa1dddb7cf282bf5d,5
bs_412f384613fcf6c3f4532a43,3
bs_41300674c68ffad65c77283e,4
bs_4131a150763ec810a3763ecc,4
bs_41334acc5d5de65c13cb1b07,4
bs_413df312e8766bce4133b35c,3
bs_413ed2b8f630a55157a1564b,0
bs_413f142496d700458a13a099,5
bs_41423112245dabeefc70a04f,1
bs_4145bfe4ebf4b6ebbc784abe,6
bs_4151bd51bb74c9e1370524fd,3
bs_41599352a053362f39c88f3a,5
bs_415bf01b19dacfb446bc7d36,6
bs_415cec1597f12b5c8fb0779d,0
bs_4165be824f849af5c16a8ce4,1
bs_416c5c751812382af62121d0,2
bs_416cde925d8481d06343ed21,7
bs_416e1115938dc27dd92616ab,4
bs_416e8e5183f9a815262e7e56,5
bs_416fb8c3458146f35f008658,4
bs_417c21d96876aff015e791c3,2
bs_41817f3c980d882e07e63923,4
bs_4187da583171d1072f8e8379,7
bs_4188ca180ee88abd6c37a829,3
bs_4189a662984fa045927e1e1a,7
bs_418bb50be2fc7e66977ae9ab,1
bs_419462f2398e5f2c63668716,2
bs_41953da7d6c91647cc8da114,6
bs_41a72dbdd00413d6337fed77,6
bs_41b1923e5c3058b4110524cc,6
bs_41b8d143073c97fb1216a041,1
bs_41b8da988f5b8fb00a33c750,4
bs_41cd4ca56c0286c299243d99,7
bs_41db50ec9e5e2bea676fa5c1,5
bs_41e07a37212474058402fd59,2
bs_41e0b1984b377c53b291af07,2
bs_41e2d2429df85d024fae68f0,7
bs_41e484872df13abe9886a912,5
bs_41e9e832c6352a1d9385ed9e,4
bs_41f56a05883ec4d2b417061d,3
bs_41f71320c2538eb33c8014f9,4
bs_41fd712e992b2f5b7e1be449,2
bs_41ff9435caa2eb51d1f3fa8d,5
bs_420006f957695ddf1ba17b2c,4
bs_4204f34944656bfd3b847ee8,7
bs_4206e4f7ac12c252f2ae99db,5
bs_421f42b66c15c4931a26ff46,4
bs_42242a76d2f409368e9c958c,5
bs_422fec83d130f3248129be8d,6
bs_4230fabdaa87d1fae937ace1,6
bs_423114cec58eaa663f425dab,1
bs_423b38f98edb88f8fe2a290f,5
bs_423b682fb4b04c4b50fcf53f,0
bs_423f1a2d8b73a3111b44bac7,6
bs_424ae678b531de0c23457914,2
bs_424d596905727c111e819a5f,7
bs_424f9111e83cbe7fe1585971,6
bs_42530dcd6d94601e1e5f3c8f,4
bs_42537bc9ece531d75e1f7833,5
bs_42551019acfa1f72caa23e57,3
bs_4258464b12e6729aedf76c3d,6
bs_425c0d2b1c5b757f34562b7e,0
bs_425ca442d81c20093c9c97b8,6
bs_425df8ce956e400c4e1cae3b,6
bs_425e2840b3afbedaff9a13b1,7
bs_426c2c580b18c9a85664cde9,1
bs_4271c00c65c942000917b077,4
bs_42751dd3e1201706aa86d6de,2
bs_42775726e7454f247c2640a3,0
bs_428315f0a47fc8fa34785897,2
bs_428efdca696ac3cc0a509bc7,6
bs_429483b3ec82a3d2b36f02b8,5
bs_429958bd7181e40370cf8739,6
bs_429b2ac081ae67da44827264,2
bs_429f484d9ef427b27e0cfca8,0
bs_42a1ee7e4e625277e321eb4f,0
bs_42a20b6984bc4575c386d966,4
bs_42aaceb2ed636bae2bf634f0,6
bs_42acc5fc5c632b3d9209d1bf,0
bs_42b78eb21f57e25d2a6b640e,0
bs_42bc3f1e0d8199da19ad90c1,7
bs_42be11bb8487d9f33127cb9f,0
bs_42bf1c4bcd7d81c7d3ff1c5b,0
bs_42cd17c743ff51d0f1bf7477,7
bs_42d0d12bdf2f088cd41b517e,1
bs_42d5e98707d2bb036bd73b38,3
bs_42e25078882be04bb342627f,3
bs_42e2bfa135efbedb32fb293c,0
bs_42e89a0efc62885c95b92810,5
bs_42ea9f86dc0a45196e1def37,7
bs_42ebadb9bf26e2a6fe53c2ec,2
bs_42ec37a52a0a9e4241dae319,1
bs_42ef50b35cef9e99c3d885b0,5
bs_42fd5afc8311f817971f9370,0
bs_43061b49b3c37b3220909c40,1
bs_4318639905295503f9b89038,3
bs_4323c574968617a2a2e180a5,5
bs_432451b93445323b3df5a10c,2
bs_4326cb86fded6e05cfa09810,1
bs_4327ada1a38fe624a18d2728,4
bs_432ab184e161cb1b34e42799,0
bs_432ce5f10547a23f65674494,1
bs_4337e030361f57af02624e18,5
bs_4338de197219ce33ab874acf,2
bs_4344ef36fb24202efe3d1d92,2
bs_4345a5dd8567ef735d83f312,2
bs_435dd469d1aecd385d625195,6
bs_435e588f031fa4c1c9a09bdb,6
bs_4369312a336818ff799dd1fd,1
bs_436943ffa83acf9c68ea8552,0
bs_4372bfe07083320aa399ee2a,0
bs_437972243cb8b5d21e195d46,5
bs_437d8a5556564e294bbd8e8f,4
bs_4383ad8cc7d00d5ac315350a,3
bs_43893d25830e2a6d37a96887,4
bs_4389d03795c648c142621e6d,2
bs_438bb89784641c8c9a798644,0
bs_4399b4af7bce91ec060f8c6d,4
bs_439f5f73a90781a6aec332b4,3
bs_43a337bc7b83038b3e5a1ef1,4
bs_43a402932f4bdc663e2b3c02,2
bs_43a5a5c2e6e858e01325df9f,3
bs_43ab521cdff6c68db921dc49,3
bs_43ae4f37fc5956f6d1339b30,4
bs_43aef1f6a8a1f58d5a31eedc,0
bs_43b746de4c04d51a18a84a5c,5
bs_43bbbbeeb4896ac25c515371,1
bs_43bc9b587e055924dff0d230,7
bs_43cb3154e007668820b01fbf,1
bs_43cbc14752011d24f0e5f073,2
bs_43cf7f69ebf35ae3b848b506,3
bs_43d2897733ca26bd5281202b,4
bs_43d45ebd33aa93a3a152b304,4
bs_43db8117cfdf5f7312ed45fe,6
bs_43eacf8a3006a1543f7b4fee,3
bs_44041d1383a141259d630598,2
bs_4406e5d74dc636d3fb3b819e,4
bs_440f3287c5d54625ff2dac52,3
bs_44127c5f24e835afc842f9a2,6
bs_441a9a722c62611aa3144571,1
bs_442d42efa6cb50ea260fa2e2,2
bs_4446b24ff7bc876a4cbb3077,3
bs_444881d29f014ca8121effc3,1
bs_444eee750b96785aef7cc6d3,5
bs_44514d3d90e4b31fe9b6bafe,7
bs_4457e7e37239be99f6042815,5
bs_445fbb7ac4048c5a318f125c,4
bs_44644868def8baf935f3e66b,4
bs_446544285af2a1e3f176715a,1
bs_446ceda0b277cc5b688a41db,1
bs_44729a838b9551d027328c38,0
bs_4472ad8656eaeb16469ffb71,6
bs_447620d49a7387a586a74488,3
bs_447ac6cfae92713b31fec61a,6
bs_44818b2006c044c7a239d3f1,6
bs_448aed52596d9015ae2acda0,3
bs_448ec0a25b1cd3255126c084,4
bs_4496024b519070caaa27e539,3
bs_44996e01b7c151da8e4d8321,1
bs_44a3b2ff10e2d20d07a772c4,2
bs_44a6b4402160d1c73db6b116,1
bs_44af7d0217d0b44de547705c,1
bs_44b640ab142340bd63f85b8b,3
bs_44b6db92c5e475ad939ed256,3
bs_44bc6a3189ecd84c427b1cac,4
bs_44c09b1759c89f2b2df65c6b,1
bs_44c3ff421ad8a4be9ba238fd,3
bs_44c8e1d018b8cc746da7a808,1
bs_44ce65a10ae20d74b7c13501,7
bs_44cf2fac52e4641b2e875edb,7
bs_44da4aed03ea4c7574b6661f,2
bs_44f0b44809046235748c435b,5
bs_44fd3054fd0e1846641c6640,2
bs_45086c0f6f48f7797abe4a28,6
bs_450bd264b755f177ea518f19,5
bs_4517df19eba98a09df286550,3
bs_451e081667a03e821905b87a,2
bs_451ff349d077ea4515431fa7,2
bs_4521bf9f50263381f87324e0,1
bs_45267b0b5e9d83afd60ca77c,7
bs_452e6a98e197df35453dcb6c,7
bs_4530174d729dfe8001103971,4
bs_4530328a3fbde3f55ff936d2,7
bs_4533e543f4fceca5de04daca,5
bs_4539de83626f1fc6d3cc072f,5
bs_453e4b8b5bb3c9e372f877ac,2
bs_4543d5e791cefe03f86a6cb4,1
bs_454b5f31df42bce7945713a6,1
bs_45561ef91650cb1f568c166c,4
bs_455ab96a40bc75170fc22784,5
bs_455bd68ea08e3538d60071e2,1
bs_455c5cd26fde1dca1d44e268,3
bs_4562cade60c63b4745950e92,6
bs_4574b5cc7c58302bb2e52647,2
bs_4577134e7bc0e85e7815106d,2
bs_457c5a61dc218d3ec029bfb3,7
bs_458200eb40ffd1deacb93579,7
bs_45845555c89c3b21a45eaddc,3
bs_458c9ce8cb2a863a4ee12f90,0
bs_45a33e35a3097a1cf2bb5c63,6
bs_45a55970026ec7622b2dd1e2,4
bs_45b3e171fb6fc9330c514d58,5
bs_45b64a1ae5bd88690437e509,1
bs_45b7b295ebbd26658dfd6f77,1
bs_45b8e9aa79e46090054932e3,7
bs_45bcc35b2f33287618f44475,4
bs_45cbe0e60c8755785d28c398,3
bs_45cbfcea702375af408a539a,4
bs_45cf6baacd3d863f6d48bf9e,4
bs_45d03d2ce646ff74a0434a17,7
bs_45d3de2fa3814be282513b7a,3
bs_45d5a6a181e4477dea114e03,2
bs_45e474c2caa867e3df2c549d,4
bs_45ecd59f9e96c9c9e1355ee6,4
bs_45ee5044fbe0f96a712c483a,0
bs_45f0f3bbcce5b015155118a7,3
bs_45f18b4965b821b055a60bb7,6
bs_45f2e625a7c6e1e34c8383bd,1
bs_45f7defa14ad89ea30fcd846,6
bs_45f95966abdd648b347a277d,6
bs_460120c68921b632298e457f,2
bs_4607197950a780c3a7b335c1,1
bs_46071f2b4a5a40526612d022,4
bs_4608f62b62171174b6c20c96,5
bs_460ea1bfc704d1d49ac7a767,0
bs_46110d37362158ff761603d9,2
bs_46156ca52dbc5aa744c8447f,4
bs_4617919dc904292658bd65b1,5
bs_461a1ef431f402772c64d52f,6
bs_461c09b7f8babefe534e2633,7
bs_46213765bbe5a7876f087967,1
bs_4621f351e4c0c240ca2ee329,7
bs_4625422d506e6a02d3d50730,7
bs_462693f5da5a6da5152e8f16,6
bs_462b6ec5eea2b8f23d63c68d,4
bs_462c6a9802acc4bb36c7a139,3
bs_4637a7e6d0d1d34741f1c146,2
bs_4639fce7e7fc7571df1135b4,1
bs_464722e88f5f0ce42c30d397,4
bs_46501175b3712b098c7f5f25,2
bs_465455c4dbe79c4791d2833c,5
bs_46632d33e4a1d8b17176eacc,5
bs_46639a5dd1ed600d8b990f77,3
bs_466d78b2a7f89db5fa831dd3,7
bs_467a89962667a2fd1805ce0a,0
bs_467d47eb5f841044c9d2c7f7,6
bs_468a8a8b6dda8180b1200a63,4
bs_469dda1ef423176c3fc30cad,2
bs_469e383293f6090fde93336d,4
bs_46a53ea290ceebfb3020a0f7,4
bs_46acdc2c187a2a8e2c9ec070,7
bs_46af9f6d968904830e83c124,3
bs_46b5193fc9ecc06b8cc69f0a,0
bs_46b78519e0f3f5317ac77690,0
bs_46c1739771f5bc6aa5ecbe99,0
bs_46e0ca3821274925f1ccd5c0,5
bs_46e70d7f046a32c272ed66dd,0
bs_46eb548321a103043b707ca0,6
bs_46efb025de045a888a35b158,1
bs_4700fa0ad00c675b5beb451c,6
bs_4706cf0ed5d3622658c64c1b,4
bs_470b3ebd8e637d4a7f090b4e,5
bs_47218f5d81e409d38009ef51,7
bs_472e38cbc97863c188499b62,1
bs_47302c11e1c885fe6a0f739c,4
bs_473dc86f0e7694e531aaeaa2,3
bs_474210fa7cfaa90bfaffb4d7,0
bs_47447c99e08c7e9244a7e3d8,1
bs_474bed76f51f09906361e133,7
bs_4750bd3ec76c06af18b34d63,6
bs_4780fe70f3c1acc77c6b8cff,4
bs_4783317db59a57accb365f8a,7
bs_478c4be0238b00699f11a91d,2
bs_478e006b58bab618f4ec545a,4
bs_479be8fff69c4fe9ff8ae2fe,4
bs_479c8ed072dc1b48855ba9f4,2
bs_479f38bcdbae26d12193c34a,3
bs_47a4ada5fe8cd2d23022a5d0,1
bs_47a964ca84d51adc76ec033e,4
bs_47a9a01150bbec8d7d873d00,3
bs_47abb4cd6c034be8d9ae650c,1
bs_47abbc476f72a756f5323963,0
bs_47b5d0b468dfab62926d2729,5
bs_47b71cef477ab9c802000ad8,3
bs_47b8ddb05510f27adc7e05aa,3
bs_47b8e84e1c8f3dc727c2bd2a,2
bs_47c218dbb55c808ec3abc894,6
bs_47c428dfdec50a566267b417,5
bs_47cce03a766e71cefc588e5d,6
bs_47d218b0be8edbbf86187eb7,0
bs_47d3485c9446a861d145a2de,2
bs_47d3929179c46eef6f09472b,0
bs_47e14418afb4dc0222491c01,2
bs_47e1858f169ba39b8e399e0d,1
bs_47e5b70ba82d7c243b9388cb,4
bs_47e70a2c77c1d5fd9f42aef9,7
bs_47eab4c57b2ad8b7e05a470a,6
bs_47ebbe9f2c492e6ebb679f61,7
bs_48025dd11e9fda8c52aa178c,3
bs_4805ea374fe2209a50d8292d,0
bs_480a297fefbb14d78481865b,1
bs_480c74cd7d685414fd7e6924,2
bs_481095b97a28d08591e7b60e,2
bs_4811c024e01e9b9ac7d361e3,3
bs_48300f5e95594b2de1d862a9,1
bs_48345b6a594ea8bf1e5bdf00,3
bs_4837391a1d31169ef7636e34,1
bs_48380db6a207c5ddc7e1ae56,1
bs_48455b06a67d7a3c883fe77a,7
bs_484b8f9433a9ff52e1fcaebd,5
bs_484d44a16b7553dd7d4fac08,7
bs_48556ba680172772aa63b96b,1
bs_48589e645b7df8309f0b85aa,0
bs_4859227f97918614ec81ae3a,6
bs_485e3fd979bb69b19db050f7,7
bs_486245d78e9d86f635530442,1
bs_486ea04563724c81f2e6db57,6
bs_4871a67873b7c2572df936e3,2
bs_487ad6fe0999f8ae16903937,5
bs_487af448599573d17c31dae6,2
bs_487e30393341d2af35fe062a,1
bs_487f35b6b8e932c4c6d505fa,3
bs_4887c6649f37037fab73f088,0
bs_48899917bd5d6b3e6ec357df,5
bs_488a6b9f8a6a9956fb5928fa,3
bs_488bc039a45e00d608b7f35a,4
bs_489a513826d6544100094f70,5
bs_48aa1151b50e056bd04f59a0,7
bs_48ab5e270cf0f203e4472b5e,4
bs_48ae5136edb9b4a57b1795db,0
bs_48bec183f162aaf1e29c6006,4
bs_48bfc4a1f2940b0f52cad3ff,5
bs_48c05a1dc6c5bca6f88f5090,0
bs_48c25defee15423a456b8125,6
bs_48c26b2cdc7a108747b3e57e,5
bs_48c3d55a0cdb51d12c35f4ea,4
bs_48d3357c006c33c4e7017896,2
bs_48de0c1c2dc9029c1124be61,4
bs_48eaab07545241ad3b72ff09,4
bs_48f630d59f626739b713191c,5
bs_48f794bbaf354c574dbf9e7b,4
bs_48fafde8b93ad85cf34afb1b,3
bs_490085e4e45158b6a09cf8cb,2
bs_4907d0f2092ffcaf5d78c654,1
bs_490e14de22171bec1598d248,3
bs_491b84df0d7babdc6fb6e0c9,7
bs_491c381884cc20dedaf3a490,6
bs_492eb5ba905c3d71d4b6164e,1
bs_493602b71bf01ba9b3032ae7,6
bs_4936454c89bca8608b08f3dd,4
bs_4946850047f107e86896439c,3
bs_494f2b977c0641916003b674,6
bs_49578fc9b8ef2775df4db9d9,7
bs_4957bf15c764d3444ddeb8ea,4
bs_495a154504eace457337ee30,4
bs_495d2c16050297a19ceec7ad,5
bs_4966facdb42db9db6eaf087a,4
bs_499008f90d55cb251ec9c9ae,4
bs_4996e2dee113b8eef66076b6,1
bs_499cf89945f7dfdd724fc3ca,1
bs_49a8cda0920b45a1d2db8fb2,3
bs_49aa80d4b837ac4d8daeb836,2
bs_49ba0130fbb69073e5a72782,7
bs_49bf644e5a1f76de81c098d7,7
bs_49c8f8edf0714a3a1e99a03c,4
bs_49d99db581324541f8abc4d0,3
bs_49e22ca6ce1c7cbf2fe1663f,6
bs_49ee9276b0ae3fdf10a4b4b8,4
bs_4a027dd228f63fc0ac0ed90c,0
bs_4a064f430d8142450ac9e24d,2
bs_4a08760e057084a065b0cf9c,5
bs_4a10a122834128c1d5c850e2,1
bs_4a15d035633777b5d4b32db4,5
bs_4a1acb0ed6865717f5a63b2b,3
bs_4a2979af6f86e4da4050f0fe,2
bs_4a384cb942fe071f9b5ce49e,5
bs_4a3d1a319a9bcd67879b36b9,1
bs_4a50e660c9e4f01f549344f0,5
bs_4a5391c4eff36bea71b09a59,7
bs_4a577a04d023495a1d7efa79,0
bs_4a60870e14237c3da658a31e,2
bs_4a623056540822d5ae161a79,4
bs_4a646c844a76700a65d98d34,2
bs_4a7556600286b5e35d1865e8,3
bs_4a770ec969d2bd71f4547a2d,0
bs_4a7714f3282eb796a1a9e816,3
bs_4a7d9b208562dbd16fcc6075,3
bs_4a7f831c1efd120a8a90a45a,2
bs_4a8047c9fcaace324f2815b4,5
bs_4a882e7c9ff859e759fb6cad,3
bs_4a8ca7d349dd23779c977d5d,0
bs_4a9290f9682406233ede5f73,7
bs_4a9458cc76f0ca151f10cc75,7
bs_4a99d48c8eb0616eca69bcd3,0
bs_4aa1019cbb63f272efa30c4a,3
bs_4aa28d28df021efad13604a9,6
bs_4aa31f6019216b2c800fe287,7
bs_4aa92758f0c389156e758f83,2
bs_4aac678631b88eed5412dd1a,5
bs_4aad12fe47734e9bb8099c8c,4
bs_4ab7a06e9c6b850bc46b89d4,6
bs_4abe8fbff26216b30f0889e2,3
bs_4abf5c75d2d29e34b9bea164,5
bs_4ac60c34e9f8aed88c05ddac,1
bs_4ad6c23306ddc80ebbd1789e,6
bs_4ae05dd62a1a78e2c8ecedaa,5
bs_4aeed92a01060b1c531ce564,0
bs_4b00da081214ca7a93be9b83,4
bs_4b023c04cfd55f33b3154cb9,0
bs_4b03ac49c7da188db04fd8a6,5
bs_4b0cf42e9c330c064024112e,3
bs_4b0da8e374a862719430eea9,6
bs_4b19f0aa1647bafbe7703aa1,1
bs_4b1aca62eb3e368d50a91964,5
bs_4b29c105f7328b29ad462baf,1
bs_4b36a7a85414f2e79d1e28a8,0
bs_4b377509f83a6c654ba8e52a,5
bs_4b3f05dc955b89131287881d,3
bs_4b472ddc0588c996db6e5fb9,3
bs_4b47de7a80d0593eac767de0,5
bs_4b4b281e1c1c84b7f0e78a76,4
bs_4b51267c85d7083743aab8a0,1
bs_4b57523338841583f65bee3e,3
bs_4b5bf6ceb999aa0ebf00d006,2
bs_4b647793dd644341b04398c6,5
bs_4b6662202487facb2238bc40,5
bs_4b6c379267aab36f328530d8,5
bs_4b6d232976173a0274ce88b6,3
bs_4b725179c42378813c5ae37c,3
bs_4b73e72b4ef2479c177daad5,4
bs_4b7aec281e17512977d8a79c,3
bs_4b8099776237af3da8b2b1bb,3
bs_4b865dfe4e372c8cfc556cf7,3
bs_4b8eb88b098382b524d69f05,1
bs_4b8fe39adbee0b255b69c572,1
bs_4b9e3afdd07fb48bb1724deb,3
bs_4ba5a4306a12564d3ae6ec3f,7
bs_4baa025348f94c4ce6dbb55d,7
bs_4babc2b546f0e713e6dfefc9,1
bs_4bac9bd5f047784b8968c1a1,5
bs_4bb43ca28dabd2307aa3ae35,7
bs_4bc008e6674c985fa109f909,1
bs_4bc73bf7fda9dea9820bfe12,1
bs_4bd19c3d4b6a3fd82a10db98,3
bs_4be17d1840c26d6c7b24d82e,1
bs_4be1d7b33f375965178ac0b6,6
bs_4bf3c4523eb222ba3331c165,2
bs_4bfb147a74a4d3f35600e304,1
bs_4bfded610fbb133cc153f6e5,5
bs_4c0ebe0be6341dcfbb4673f8,7
bs_4c14cc467b670358a912afff,3
bs_4c165bee60bf738e8110bb52,1
bs_4c176ca1560b3a00181199f0,2
bs_4c1e3ed857ba7b88ef08702c,4
bs_4c23c588df2387f42f1c2634,0
bs_4c28d4ffb33d8124c15f654c,5
bs_4c2a0ebf2d854c396bc9c156,6
bs_4c2bdad0acf02a99220962b2,7
bs_4c35a0ecd620ec53227b9a28,0
bs_4c375c5cb0c0ddd61b61cd9f,3
bs_4c3956091ed2f3112443bdb1,5
bs_4c48214cdc2d069c11f170c1,6
bs_4c4fb34ebbe973e08f07920e,4
bs_4c53d99a6fb6d7f2a21edd2f,1
bs_4c5664a88d3bc9a3b86f675c,4
bs_4c58f36bf804f1d581097d6b,7
bs_4c663a2a1cef6f44e6f720ec,0
bs_4c68cc7b709a788ae507434e,6
bs_4c696dea5a109b89a77d70e8,0
bs_4c6a79fa8eeee693ba4419cf,0
bs_4c6d2942d8966e032b6cc266,4
bs_4c7460a524452f8bca890030,4
bs_4c75ca2a3b7c766257378d20,6
bs_4c7b86b0be397dd564dede3f,0
bs_4c7e2935a6348fe9d8bfcb82,4
bs_4c83708a9f5f969860b662dc,2
bs_4c8a897b397a3f0e1dac9bb0,3
bs_4c8e24f846b4e2bfa58aaadd,2
bs_4c952f3d5f97b1175a185b38,1
bs_4c966097a498da44dec90735,6
bs_4cb25c79681f25ff049c4ac5,0
bs_4cb5e23a4497cd4b4f49c678,7
bs_4cb8ec6dd5bba9bcd71be2b9,0
bs_4cc363ceee6982900a9acaaf,0
bs_4cc8e62dee223dc670bb3250,6
bs_4ccac4332b3a15b6186f2bf5,5
bs_4ccd2d9d98cc4628b04fdc2e,7
bs_4ccdab6d1d137c438a689852,1
bs_4cd079914a9097fbada19f8f,0
bs_4ce0ab6cc4cf99e5ed956bb0,5
bs_4ce486bf9bbe4fff588669a2,4
bs_4cf4cd618a0b80fa50b9f19d,6
bs_4cff398585f644e0fc3de8a3,3
bs_4cff96bfddd234ba2074ecad,7
bs_4d03e7d77e68d5d95ec7d163,0
bs_4d06ef10bdf2bdd829856729,3
bs_4d10fa3d3929bf4d24cfc32d,3
bs_4d23648a55cb1b17139b608b,1
bs_4d236ec93ffdd77e80befdd1,3
bs_4d243042868012f40c4ef1d8,3
bs_4d2ad3c3d9aa06286c41867f,1
bs_4d2efb403e88b5879b15471b,1
bs_4d36f5a2a7f537024666a436,1
bs_4d38b3db3137a389182f00aa,7
bs_4d3e187279d101c011f115a6,4
bs_4d496f5bde224a30eeeb5d80,2
bs_4d4cf2653002e4d753f14520,7
bs_4d4f021e26637df83302258c,2
bs_4d536a18eca30c55da993d50,5
bs_4d55354dfc8b86960d71ab24,1
bs_4d62abd471f4bbe87bba0e91,3
bs_4d63ab25fc31542f1ff44169,0
bs_4d6f796546153aec097764cf,0
bs_4d7552b47e958e7793b120b9,7
bs_4d8e67c025ec3c31c07c058d,2
bs_4d970f905190e61f1cd7d8e9,4
bs_4daef2caa643aec4b695f7a5,2
bs_4dc442919103cfa971df5113,4
bs_4dc446349aa49e16c27de69c,2
bs_4dca26562d9568ae5c97aaf7,2
bs_4dd9c8f4525b87325bfc8735,3
bs_4ddb40017386d50ecec0b276,0
bs_4ddfe0bd561f36580d5cbf8f,4
bs_4dec784bc69739db608a3014,2
bs_4df449255bcd46280f134d03,1
bs_4dfe1580532a2b3b942e83b9,5
bs_4dfeb915f7c67421dc7d4fd6,6
bs_4e05dd9839ce980f43c3aa42,6
bs_4e073badb968341f63b60214,1
bs_4e11fe95c8c76dd2ec96167e,1
bs_4e12191c46d7c3b60812edff,0
bs_4e1ec5626776c972b2ab4955,0
bs_4e220cb23ebd4defb669a6ee,3
bs_4e29de72cee14c6ebaf78cd9,5
bs_4e2a3b3cb065bacdae619d7c,4
bs_4e2d81c4a0288f14d83de6a8,1
bs_4e31e5d20451d167efe708f0,3
bs_4e3454b63307bfccdf2ba7e6,2
bs_4e59fa32dc87f16512364a1a,2
bs_4e62753836520b407f935faf,1
bs_4e66f5b193f88d1eba3482ff,0
bs_4e6dd400f81b11d46e517e83,3
bs_4e70da0a95bcbd817a2be834,0
bs_4e759500fb9696a3a91c5858,4
bs_4e7a8415153a73e2b7067b31,7
bs_4e803b10eb8f59ae204789f3,7
bs_4ea6b4b4e733a82debb9fdee,3
bs_4ea70f98bcd2208056a8fc8f,6
bs_4ea88ac8ca3de72537193c21,1
bs_4ead0371d670b6ca81352a08,2
bs_4eb228d059a0ea226f424ec6,3
bs_4eb88e3525cfbc12ae4c2226,2
bs_4ecd640177d9db45572720b7,4
bs_4ecf72acdcb347a8f374c660,7
bs_4ed96fe5f3110b252ac3183a,6
bs_4ee2d2e3acef3914d187152f,6
bs_4ee2e83cb2e34a57b796eff7,2
bs_4ee37125243c04e56634257e,6
bs_4ee7f46229bf260479b2dcc8,3
bs_4ef5cb44e4e6cafc887939b7,4
bs_4f07e5125a89615c9c314e21,3
bs_4f1086cef2a56d047e5e41bd,1
bs_4f15410e05cbeb8d3b3794c2,7
bs_4f1715b091cd79fa417e364b,6
bs_4f1ed88219e743c5af5ed90b,0
bs_4f21a2f8001f991992985d37,4
bs_4f2b79c53cb53e1e104eb937,0
bs_4f2b8a4f472e87c3a00df948,6
bs_4f2b8e76889c56f53cfe7cae,6
bs_4f2c992fbd7843efb92df797,2
bs_4f2cf2fec9b415b53f67b8e4,3
bs_4f32a777cfb59ab932f2ac0a,7
bs_4f463bfe7e8f14b450413bc8,4
bs_4f49514b2df642ca5f3463f0,0
bs_4f4f440ff45c99c385366b4d,1
bs_4f5ef588205296a4efcf3156,7
bs_4f5f922bb04ffdb402620b04,7
bs_4f5fbbc615d74980124d2c05,7
bs_4f661a6823ee94e038ef4904,5
bs_4f76d1e0a25aa72ba3f9f207,3
bs_4f77069b19a2aeea16ac0dbb,7
bs_4f7feb8aec6575057eb9e8b5,6
bs_4f86d85398f6a7b1906a0d06,0
bs_4f877cfb379bcf2cf8ec7d3f,6
bs_4f9ad50cab0116f4b870344e,4
bs_4fa1e6ea02f09411fa91b0da,2
bs_4fa9f0daa5854dab5c4684f4,6
bs_4fb0dc0291e9b40edca58034,0
bs_4fb4028710333969acec3584,3
bs_4fbd6fa72b40bc7ef4d0ae6c,5
bs_4fc88d830298458c56e74e56,5
bs_4fd1bc74ff10a1272a9737fc,7
bs_4fd1d4c2cca74c03af984e84,6
bs_4fd31bbab49bd22c1fe45053,7
bs_4fde9d0cae6df0d0c12588d9,3
bs_4fe4a42b9f229d080535c88e,3
bs_4fed3790bd01e8c811abf604,7
bs_4ff29a9b27abe562a8a0b585,3
bs_4ff625b7c5fd2cc2f72201ae,3
bs_4ffac039b2720693ffd07cbf,3
bs_5004fc5f9160e02d1bac58f3,1
bs_50053893e59e58d5495b04e8,0
bs_50116a0fa59dc4cc4647a9ef,1
bs_5015af577123dbb1d6620540,0
bs_501732a7ef2264494a4385bb,1
bs_50188cc3e7ecbb0529d36abb,3
bs_501ac247445c7e49b7073bff,6
bs_5029d8052fc2a7603312f322,2
bs_502d68ed3548d873f56ec283,5
bs_502fcb0af14bbf1a2a0f240f,5
bs_503e93ed242b63e1b63ba007,0
bs_5045ff5e8f1c2468208200ce,2
bs_504c1a768f767aea934b9752,4
bs_505d9df38720d95fc8fac75c,3
bs_50674b6c8fb12a27d3e3c84c,1
bs_5072aa8df983a867fe64b68d,3
bs_508180d9efb7945c082f5788,1
bs_5087485490da043bf10c65b6,6
bs_5096437c61a16f1e65c101f0,3
bs_5099b1c9a465ab09ef9c3794,6
bs_50a6207bde36c28094b23f4e,2
bs_50a879536ff46a9dccc3d90c,5
bs_50a984505f14040c3f60da71,5
bs_50aee8f246f570cc1b72b07a,2
bs_50aff7888aab85b8a1ca3367,5
bs_50b4e7b3631240c8539ed517,0
bs_50b58ce91f69c266da751c5a,1
bs_50b963d9048472314f42beff,1
bs_50c0c0ea5d8c0a592a2408ac,3
bs_50c42bdc0a4f75be6775e840,6
bs_50c903e902414bcf36e37286,7
bs_50cf3ec08ceaeb607ddbd4c7,5
bs_50d4fbc281720665dcfc585c,4
bs_50db2c2fc4bafc43dfe5048c,7
bs_50dd53f42765ecd5ff1a0542,7
bs_50de38b811a67dd46ec08c14,4
bs_50efbd20f7175d2a98787e9c,5
bs_510889015af886d79e931168,2
bs_510beeb21436c59eb46e7ba5,6
bs_510fd3398d0e8d18c3172ad2,2
bs_511162e9b2a413ef67ec2212,0
bs_5112833d7a6fca2f9e4c766b,2
bs_511365cb40f46f906aeb2b15,4
bs_5113cb3c26bee1e17585ed10,5
bs_511ba65244465612fb457435,0
bs_51293917341446d3878a4138,7
bs_512ddc0ddae6d60396ecf622,2
bs_5135730b37ea4dcb489054f2,2
bs_5144bf59d036298f78d760b3,3
bs_514a538e72f7151a7e5e8dd3,6
bs_514bbc6d5ad5def7a18dca9d,4
bs_515b1d147e7e8337e117b755,4
bs_515e5a2ba7b2024243ffbc41,3
bs_5164a26a509ba61fd10a7a41,3
bs_516bc5b1cdbfbeb6aff14c4d,3
bs_51792afa1dd45817cfc6bf5f,4
bs_5179b72df5635c50d1f57dd9,2
bs_518a9caa4f19da40eb9a2e12,3
bs_51908f53d186478b33212bab,2
bs_51926e2d648444cef9775c5e,0
bs_5193c74b7a4e47556cb6eccd,5
bs_519a09bbf72385c4a94b606d,7
bs_519de2fe7be31267ff37a268,7
bs_519fde55a36fe106e1599a5f,1
bs_51a0a0dfea108de9ac7a3a95,1
bs_51a23afccf553a4ce92d990b,5
bs_51a49617e5c043ac83fa44ab,7
bs_51b1f0d9f5907ff1fa398842,0
bs_51c60f7abad0d1d18301a676,7
bs_51c686a0dd698b70ce36d9a4,3
bs_51ca182a5d47d61a2bc0d1e8,3
bs_51cd5046a453a78af8ac287f,5
bs_51dd324fd56e7602b1d7fed8,1
bs_51e7e246eab3eb7bff9ea918,7
bs_51ee874c52b47dd4e7c356f1,2
bs_51eeba70eb2dff0cd3d249b1,5
bs_51f2a10a227f95e4e0c823d6,7
bs_52019636e09422252cf1984d,3
bs_5204a1a20c808c51834ea67a,7
bs_520c22bfa96d3a25ef5a8e1f,1
bs_520fc9b978b61e3133e9bc96,0
bs_5219117be04cdf8424d41378,6
bs_521a5474285e9a3ade33ae69,2
bs_5222b0f381149eb80256f2fa,2
bs_522548f7a0956b5d5aff1957,7
bs_52260d834f98f018747133b3,5
bs_52331151223a8598a3a91487,4
bs_524554653fe92d6840c513f7,2
bs_524c89b6c9833b1933016201,2
bs_524c9ce95ca22e07d1a2a5df,4
bs_524da9ac583f83f2cb49f1a3,7
bs_5251e4bd5c9a043129ed81a7,2
bs_5264dfd51531e7df3cef57d7,2
bs_5277b407d5ce2b6c61d968ed,1
bs_527b7e2a707149438e6d9452,4
bs_52816fb1e379bef4277b7990,2
bs_52828a2a9a4dce6b09e4765a,3
bs_5283d6b446320611dd15dc5a,2
bs_5284eda5dbc7a54be22efe77,6
bs_5298126cc37afc3fba43ac1c,1
bs_5299f15a436ff80c6bb7756f,3
bs_529e86095ba0b641ab345332,4
bs_529fac6f666e7a139a1dd9a9,5
bs_52a16a78862e39f4aec4fe0e,0
bs_52a832e0b3717c14ae1f91f6,2
bs_52ab03881241fed11420ab50,6
bs_52ab962b0bfb7882db44f90f,6
bs_52ac87600638aeaa1c38f15b,5
bs_52ad932a1cf0c685117b9f81,2
bs_52caec8967e6631e82976484,5
bs_52d42faa0332c00f78d3b47b,5
bs_52d95008e7bf2bdc408eabaa,0
bs_52db9d58d6e9233a9d00adbc,0
bs_52dd79d515cd86eaac195f6e,6
bs_52e752852ce3f5d72b01961d,7
bs_52ede015bd6d8c37f1dbab3e,3
bs_52f727c1864421ae57ab716e,3
bs_52fd921833cd7aa2c849e5ab,0
bs_5306a1a7e804ad470c604221,5
bs_53086d54eca433af8aa3bf41,6
bs_5309eda1e643dc3c1f437fb9,3
bs_53250eec7bb7600c4f205869,7
bs_5326b9da1e9405fb7a93b400,6
bs_532f9fab16aa24e52da288c7,5
bs_533121e04fcf0e572b5c6f4e,5
bs_533175daf415d7397fd62c06,4
bs_5333229fa25d7bbb6acb56ca,4
bs_53338fb8a78ac7754b32bd44,1
bs_5335199add61cedf43c98fb5,5
bs_5338332873c383b56217311b,6
bs_533adc4ef41fefce05350512,1
bs_533b53185532d13e3344f062,3
bs_533ce8fa4f6ce26b88ec8887,3
bs_533f22570277d22655b193a5,3
bs_5342df3fb3dcd0f9058619ab,1
bs_5343e2bb47437748ac73796a,0
bs_534429b9713fa6ecdcd328a7,5
bs_53458c31744480ceb3998e85,7
bs_534f75ec647479f5c4ddb6d2,7
bs_5350dfcaaf4530da050107da,1
bs_53543112497f2d334b268f36,6
bs_535491b4a6f9a1dbdb61b26e,3
bs_535732f98326c3fbf75429ac,4
bs_535ea347cbcc949e03c0a91e,2
bs_5367ff5356f3e4a67c1f02d1,5
bs_53772f1071b3df37cf01fbe0,6
bs_53833d8f130345f2a2bbb01b,0
bs_53859b57691857f56e2218f2,5
bs_5386fcc2c5be18456929561b,1
bs_53884cedfaebf652713a7a36,4
bs_538bd35591e614e535c0b35d,5
bs_5391ee872d682ebdc56272a6,3
bs_539f263821f6c9eeee43b341,3
bs_53a46516d18bb14768d0db26,4
bs_53ba440e707e2169305125e6,3
bs_53bc84ef4bbf9f20b92e0ebf,7
bs_53cc8d8181995b11f0f18fcc,2
bs_53cd619964b9059b9ca9c327,6
bs_53d08dbf88f7b7fedac1abb6,0
bs_53d3464d9c97973edb569062,3
bs_54036fa177c138d32f153276,5
bs_541857bb17db2e7dfdcca723,7
bs_5422dee2c5f593593b5f9bee,5
bs_542b121618865fa8e55f3f0c,5
bs_5430e99ed79bb5eedeeb256b,7
bs_543d77bcaf884808e7545054,6
bs_543d960f9263dd7291bebf5f,4
bs_543f55cc9357cdb926db7e21,0
bs_5442aa717a5bd2ecf91aa115,5
bs_54544b8a679b3cbb0b438d16,4
bs_545c3edf6c3d2569a29cb1c8,4
bs_5463153e803d73087c0c8f92,2
bs_5466175de41eff8183b51bb1,3
bs_5468620a721b39339697f1a9,6
bs_546894178f85e06baf97ac30,1
bs_5468e9aaca891f833ed7db97,1
bs_54735a0aae028e363f70dff4,1
bs_5477e74600fbe18aad93a7a4,1
bs_5478a4626da9170fe79f6651,6
bs_547d18001660f6328ea3047e,4
bs_547d9240e7ce89db6b1f3ffb,4
bs_548214bdac28dafb61df4e7b,2
bs_5489b5f86a4d130af831c06f,6
bs_5489c4129126de449c537b9b,6
bs_548f5ecc5cfa5d27c1266e24,3
bs_54910431852063a0544dd4c8,3
bs_5495e1cb1bd1af11b734bfb0,4
bs_5495f053b315ad8b6bb8238e,5
bs_54977d160adde3999071acfb,1
bs_5498ad47f3a653f6ddeca592,3
bs_549c5b1401079a09e29f4e7b,3
bs_549f74c00de611685458cad7,5
bs_54a4694f99af57c4bfb8fd93,0
bs_54a9756c665261171068b2eb,4
bs_54aeff5e60f5a622459e2975,0
bs_54ca3d23883403723cc0150f,3
bs_54e3dc8d9cdc5bda011d511c,7
bs_54e6805dfd379b182e92875c,0
bs_54ead86ba0cabd09a479f968,2
bs_54ed4ffea398fe53a75046de,3
bs_54f26dfaf04344fb86f1461a,3
bs_551b0001af07747fb68799ac,2
bs_551ce2baeb7a6fefc3e6c89d,2
bs_551dc3417834080b2a27b22b,3
bs_55212033b33219d6edd06b44,2
bs_552912bd5e931198924a3551,4
bs_552b2ef4ec506e0944a6169a,0
bs_552de935e7a23625094fb011,5
bs_552e48710255139a2785e4ff,0
bs_5530a8e151a70f8f19eb9c48,2
bs_5530bc45d07dae8099f23d00,7
bs_553534bf9a21825b355d7626,0
bs_5538c3ff1e0405b801b659c1,0
bs_553be21e43adb6e8bc4fc6e9,7
bs_5547a36eb1d9b6c4035616e4,5
bs_554b93fafbd37c77f51f4bc0,7
bs_5551d5ab988f5c302fcdcfa3,5
bs_555507310fbda158c0e0f772,7
bs_556a0fc16821555c10e2f578,3
bs_556aea0dc01ad01ac2f0bf37,3
bs_556d55d0fb6297ecc1a3f2e8,6
bs_55705b761601c2a9201e371b,4
bs_5574b1b725789e36711b98d9,0
bs_5575c038c1bfcfce4ed006ac,1
bs_55777f3fe912ca0c4ef4c367,4
bs_557bce07e46489c1a16b7be7,2
bs_557e2be81d14654d9b489a4f,7
bs_557f883bcfa222b641a73fed,6
bs_557fd99d19299d24da8db191,7
bs_5583e8aa46bcfc600538498b,4
bs_55876f90b31c13a3bff7abb2,7
bs_5589668e3f34fd1024810996,0
bs_558cf20a71bff63e46dcf1e1,1
bs_5594b767594e851514b31ef5,3
bs_559682bef1716e929ecf4d60,6
bs_559b45241cd86d9ac2637565,4
bs_55a730281cd5882867789cb4,7
bs_55b32b8ccfd873955a4c2b0d,3
bs_55b6fb722ee7e12ab9fac78e,5
bs_55b90b34822a28591ab0ca51,0
bs_55b9ff4705a2c4b217943edd,0
bs_55c82148cc1184fdf83ba053,3
bs_55e100324c1528a0ce01ff0e,1
bs_55f56d8ce67c8070af413b0a,1
bs_55f641a6a21e1c8cf51034e4,1
bs_560071f77fb070179e7c60db,6
bs_560bca8a9af76ef16b795873,4
bs_5610823a6a4d5f475af09cee,2
bs_5615bca823985c4b76ed6b06,7
bs_5619c73db0ac0dfa43ba9f2f,5
bs_56227d27e4a96d434c51440b,7
bs_56281cc59698cb243f09f24a,6
bs_563da5f19e00b3568ecd66bc,4
bs_563ed20fdcff1627bf921ed8,7
bs_56430b3e58039beca65f4a32,1
bs_564bb3d9b3e2c2abe9b28f45,6
bs_564e778167f57c2e6009cd15,6
bs_564fa89ccd9053cfe1ba6f5c,0
bs_566629da176b8570d1bb86f2,3
bs_56707050fa1ef28354a9b620,4
bs_567747b9d9b8e164a454f9f5,3
bs_567c42de1306e811c5f32127,2
bs_567f90af84cf103214b4deaf,6
bs_5680f668b7a9dafa58e5edac,4
bs_5693e04306b7bb11c92e613c,2
bs_569c700505ed63e6f5d60563,1
bs_569cb317a76cdd5ea4dc3896,0
bs_56a16852c22a35486188259a,6
bs_56a17e60ce1631827b7d2564,1
bs_56aad9783bfda6037b194245,0
bs_56aedf5f5bc42c895eaab852,2
bs_56bb7b36893f3fcddd1e5919,3
bs_56bee7ea275e117912a3074e,2
bs_56d38e7853ae7fed3cac6ac3,5
bs_56e1889ce1c36f97ffd7c89c,0
bs_56e26b0dcd4194270542fe54,2
bs_56ebc774e3af7760c4592552,4
bs_56fa816549ac2d0f56ed4515,5
bs_56fd032480ed218f73569095,2
bs_56fd7ef03367418c4b629d32,7
bs_57013a6ad6098d325e9de3c3,7
bs_5701e2d7e10fd14f4cd860f0,1
bs_5705888e87bff3d55ca1dca9,2
bs_57078c446f089e38b1c9e5da,7
bs_570c8b9826ae9c771d385bcf,4
bs_570de8f0d6f684789acd3628,1
bs_571b7783e393dd9c563bd297,3
bs_572123669afabfcdcd40e51c,4
bs_5722680ba35ad9af07292003,2
bs_572c26f9eb956eaf214e5901,2
bs_573af842a698eefdd252528c,0
bs_573b7315de372fabdc80ed4d,4
bs_573d1f039201bb798326216e,2
bs_574c806fbfc871d029fa759d,7
bs_575f2b613df8c837be987a25,6
bs_576f907d186c90bff1d705d5,4
bs_5770633eb299443c07892d06,2
bs_5772d69b65abaec7ff628e7e,1
bs_5774cf2c364f6670259dde17,2
bs_5775c6e51a00f2b57dbaaaa7,7
bs_577c00cf9ee501f9f7a99697,5
bs_577c9c2cdc3f47aedc08bce5,6
bs_5789feacaffe87875c4b8e32,3
bs_578ccad1aa4676600b892562,4
bs_57917a24e6972e9dfd12c276,3
bs_579aaabfba5e50c0821347b5,2
bs_579d55e3c7aabac9804d974e,7
bs_57a26cdf40331f29850a2c7e,3
bs_57ac94a4ccc2a8f585a07ad3,6
bs_57adc944d4435394aa4bd6c7,4
bs_57afa9739f08f9f3a9a83a9e,3
bs_57bc04983f960f968638de2b,4
bs_57bd3ecc77722db1a918db54,0
bs_57c3a9e0b0aba7fd2ec53c52,1
bs_57cd79cbd607a16b71ba55b4,6
bs_57d0f569c9e8b2c4d125894d,7
bs_57df8ed3c1c07a5ff53e99f0,1
bs_57e213bb96714543d36344e2,1
bs_57e21a8958e8dac83d38ba8a,5
bs_57e239dc24ff4b1a57fdfe16,4
bs_57e41c6a45cf7431024c0b4f,7
bs_57e77153d67137ae7842ec8b,1
bs_57ef67bda298259199bd2b1d,3
bs_57f3c569a2ce46e6ab2f0d3f,2
bs_57f68fa18ac090c0f69504a6,4
bs_57f856bcb7704da7a59c0069,4
bs_57f9cdff72e931f9607acceb,1
bs_57ff4bd9fccdf041926c0236,3
bs_580b94287051918b172b18d0,6
bs_580ead69fcfa06ed6f36ef55,5
bs_580f16cfd469c111328b5734,4
bs_58268eb1032790122dbea249,5
bs_582c488f69cf31362e579a4e,2
bs_583104342d14048f1c41c5e0,0
bs_5831fe65be0749ade86b42c4,0
bs_583cdff806b961c4b087728a,4
bs_58490eb6ab10d926e19c0a25,4
bs_584b98d623ed31e4b2c54036,0
bs_584d19b50281aeb3c5820ecd,0
bs_584fa6d15e2ae9ed34b9f830,7
bs_5851102e083d2e89ef4bcbae,4
bs_58549d9208a776b4c232f3e5,5
bs_5868ddcc894db7147d03c3d8,0
bs_586936730ffebbe4d6add7a9,4
bs_5880a47fff8823c9b659a556,4
bs_58818bb4579ae0122aff02a1,6
bs_5885b73249a9c3018e788f5e,5
bs_5887ebfb5fedd02e1c6e34ee,4
bs_5890815dcea3ab14ea68704d,3
bs_589614056319386f6f15dbda,7
bs_58a0db60d09bb9b3ca3a5ba6,3
bs_58a1b43cef6775b5af2d6dc3,7
bs_58a4e7a418ac00fda78e3716,2
bs_58ab03acfaa87c5253ca0717,3
bs_58bd0472c3c859474858f8ed,1
bs_58c10fdddc5051d25ba188d3,5
bs_58c11ba065592cec9512eb4e,1
bs_58c3600228a00c70d3f42235,1
bs_58cad8aad9a2a8ec5e2eb70a,7
bs_58cca702ab8027dbebf0f090,0
bs_58ce18d654005f725642283a,2
bs_58d00d6a1e7480888862130d,1
bs_58d1ff75c972be17de23870b,6
bs_58d38b5cdda953d5745c4689,0
bs_58df41f62a5e0c4205a11818,0
bs_58e2d428007be357d9885622,4
bs_58ef83ce11abd23fc23828c7,1
bs_58f0d2b28453a6087d31a021,4
bs_58f3a3dc6ac7dcd755ade1db,6
bs_58f94679d80b451bec1853c0,1
bs_58f96672e8c5593d9877afe7,2
bs_58feae98d01c643842873474,5
bs_5904f4bf3c9f1d4489ee8999,3
bs_591220c95b69c0efc75b8865,1
bs_591ac178d8829534284a8890,5
bs_592ffa476611c754261dea11,6
bs_59396282ef1e6b7c09294cb3,3
bs_594c99d1ce86b715cdf2888f,2
bs_594f225dc4c3f8f1e1c1024e,0
bs_5950e10a73617222064b844b,6
bs_5958bf3cf5f917ceb18cc686,5
bs_595ad0a0c7afcea41332f40d,6
bs_59670fd588336497fdbe874c,0
bs_5967bca4e1dfe302ffd691f3,3
bs_596abc7f791db211b9ba4608,3
bs_596c66a0cb0c92e7057a42d5,4
bs_59708fca5ec4a09967e73ccf,2
bs_597350ca3b89880c14fb56f9,5
bs_597580e562d8e9878df64ca2,5
bs_59760e50276082b19b242e59,5
bs_598bb4e7d2514f81763a1839,2
bs_59930bb90d17bde0f1efcea6,1
bs_599474eeeede55689ab4146c,4
bs_599d1d256e1ec0807ec49854,6
bs_59a958d5d141c0469a31a74d,1
bs_59aa39242ae86e83b01e63b8,1
bs_59b2d2f53ecd4f2a128e13d4,2
bs_59b84e28c6278bcbf95e727f,2
bs_59bacbe3b0a8ae48ed7ebee7,4
bs_59bc8256e81991a494160208,4
bs_59bd34ed54eaa52db795c483,5
bs_59c2647df650d8d02fead0e9,6
bs_59c8b1f2a81d43f06dea64b8,6
bs_59da98d68ddf5a23902080aa,0
bs_59df7b5aec215272619881bc,4
bs_59e934bc98d7f3349d8f1eb2,1
bs_59e9cf8702b86f6151596fff,5
bs_59fa357ae654dbff70cec4d4,6
bs_59fb7c36d3a8c65d36b268da,5
bs_59fda5212b6be777947c8b5b,2
bs_59feaf5a5c78b626b9cc3cc5,2
bs_5a026d2d92b7552723579721,0
bs_5a051ec1f58182445628d3bf,3
bs_5a0a48dbc44f4cbb18082708,0
bs_5a1860669a8ef98f503eb88b,3
bs_5a1f77c291c922546ddd6fb7,0
bs_5a389b0d3bf09553f7efd5f2,1
bs_5a407de0030db6cab0f43879,5
bs_5a58238c5aa9bbc6dae7609e,5
bs_5a5bc31cede6379f780721f5,1
bs_5a69250044c99fd424cf2c6e,3
bs_5a6d6529b2d9c1afc8b0de5b,1
bs_5a7aa013159b8132dfb333bd,1
bs_5a7c2f24e1836c74b2eabdc3,3
bs_5a7c5115fbcc97d8ca753e07,0
bs_5a7e06a2a200146ee8f2bf22,4
bs_5a9d2a07a606b5511a8e9c98,4
bs_5a9ddf605f5ad2a039a7e0aa,5
bs_5aa07573a98e30a120f7bbf4,7
bs_5aa3c5d9344d70821c845719,1
bs_5aa87e2c5f6db3b52caa77a0,3
bs_5aaa1cbd4d704daf4e0aba22,2
bs_5aaee6c1bc541f46fd6f3441,4
bs_5ab0da8789de450dd75e7d06,0
bs_5abcbcc6cc0a166cea5181a8,1
bs_5abcf11355c7da125cd6c9f3,7
bs_5ac105ca306dba6889e839a6,4
bs_5ac3c8ae1cf55b8022796181,1
bs_5ac466874354c993dea660e5,5
bs_5ad0aa11cf186830c851ce68,5
bs_5ad75564459863de04df28ab,3
bs_5ae04d958c5a5764d7879a56,4
bs_5ae13ae8227820d5f5fcf32e,6
bs_5aed06aa19acf431ad8119de,1
bs_5af6bbc8bd97ed203881a2bd,2
bs_5af975d2d332050a823cdcde,4
bs_5afb220c3b229059dd2e9037,6
bs_5b0763ece306c5172ccc9445,3
bs_5b19f78b33e3f67062178a93,1
bs_5b203ab0c71929acbad9eacc,3
bs_5b22a008a521da852a60f516,6
bs_5b2b4c49b94ae3da09e83cbc,2
bs_5b3107ff25d96a7e76c1b025,5
bs_5b31d521da7064313ee6e230,2
bs_5b32b3195f3e4bcd19c60621,5
bs_5b3817853f4521076f4eab8c,0
bs_5b42d0897889e4134606c7cd,0
bs_5b45a039ec910542e342ec73,2
bs_5b48d5d5fc031691ff95dfbf,5
bs_5b50c25c7dc1ed459e08dfb8,6
bs_5b54ac4f278fcd0183b981ce,3
bs_5b59f4b866dcb83975a59532,2
bs_5b5c32704bf31234d2c424c5,0
bs_5b5dac889d242c38b0be2196,1
bs_5b625fa3b0d6d0d98e7efbfd,7
bs_5b637784987bdd313f8466bd,3
bs_5b6915b8584c039b63816920,0
bs_5b87b7425505004076c72bfe,0
bs_5b8b698599b4a04234e12f62,1
bs_5b95b9c5bf2b1ae4f574f26e,0
bs_5b9d3a0656a998a021354932,3
bs_5ba78ce41d2ccf17b499e6b8,3
bs_5ba93cc4e269e68daa0a8f92,6
bs_5bad0caa95bc54664694b49e,4
bs_5baf5a50c0995565240f8c32,3
bs_5bc06295e5cc7cc64c4da7b6,6
bs_5bc1492ca7fc9676700fbbb6,2
bs_5bc4c4cc71f85ae907bebb18,4
bs_5bc7b1c5884557897f3a1d33,7
bs_5bcb3bd4a8dcf05150df21b0,6
bs_5bcd95d1df7d3e8054b5f373,1
bs_5bd918d0c7e33d0f8882c042,3
bs_5bdd040c438d6480700a7d11,4
bs_5be47565fbe2956e0f114501,5
bs_5be5703e8b6dd59641751ae9,3
bs_5be87a6676cba3120d501d4f,2
bs_5bec654d8c9d5fd971241e3c,3
bs_5bec66a63e6496c6c1752d63,6
bs_5bee9c8e50e75bf6a3f4ed7c,0
bs_5bf100ae90bfe8095132c274,4
bs_5bf11450aa7874b7b5735b11,2
bs_5bf264ed689e9bbe7b9102f1,7
bs_5bf50b32a007554fa12e7526,0
bs_5c069c57019b29fa9f75c089,1
bs_5c0df31d647b7a3217dfb03a,3
bs_5c133ceacc0e48dc8187b61a,2
bs_5c14c590423c56e67675cdf8,7
bs_5c16dce98c3571406120ce98,3
bs_5c19c4995d3b86d0fc6e76ff,0
bs_5c23797f6ba830619c0710e4,0
bs_5c2a7282177a27a0a7802d21,6
bs_5c2f00fdea0eb1c735c34b9c,5
bs_5c36815f8e9316c9c9bce00b,6
bs_5c3aa7db3ca562c81a309d35,0
bs_5c41694c657ffc8747f5b690,2
bs_5c46cbd5457e9dc918fd1d72,0
bs_5c4be8e19bc3a9fa208621eb,7
bs_5c4d423a03e6c9b2cb1f674f,4
bs_5c4fdabeab8695c2fd646f12,7
bs_5c53af4521bb1647ab6f3ffa,2
bs_5c565300010edd23e4350220,5
bs_5c5c911013e4a1b2d80270ec,7
bs_5c6203a9dedd9239123fcbb3,6
bs_5c682ca36d08aed630fcff99,2
bs_5c6a21aa5a6e20f2c719dd23,2
bs_5c6b0ca934b171b5a46c3bba,1
bs_5c717cadb73638899e7242ca,6
bs_5c7369563748269be1824534,4
bs_5c96b02fb83c49b16db13885,7
bs_5ca1b73e0d63330246317f80,0
bs_5ca23fa9735dcab30be523d7,3
bs_5ca4ace88b2adaf0b358ce49,3
bs_5ca77c938f236647d9198f6a,7
bs_5cb6dfdda3d8b66715786329,2
bs_5cc326e422de2552cf9028aa,7
bs_5cc74ce9be37151fdf2c2384,5
bs_5cc98f140eb26f7725775fd7,2
bs_5ccbf8994fa03d3660b67ea6,1
bs_5cd3f42a3db2700eb0199524,1
bs_5cd42dad04bc8a37a120f24f,5
bs_5cd4f32cb13dc87961d80db3,4
bs_5cd5537ff2f3aa057ee7a8fb,2
bs_5ce17466b40efbb57f5b8d9d,3
bs_5ce26df5ded73f8b5a6e16a1,0
bs_5ce4c96c212e515b2c4e46e7,2
bs_5ce7ee1c7952c63af577373a,4
bs_5ce892d6f85b33ae0ede40e6,0
bs_5cf72dfe99587972fa12be7a,2
bs_5cfa808b3e3259ec02b4341b,1
bs_5cfc148aaf296994755664f4,3
bs_5d05022829d258865566725b,2
bs_5d0a6de061768d547dcdfab8,2
bs_5d104671c716ac512a91c8e5,3
bs_5d1433d83c314471d46a0319,0
bs_5d1cb623c6be531d761321f2,7
bs_5d206102aa8de67e06b89f11,4
bs_5d24fa2da08240e6201f2d4c,2
bs_5d2a7a8dde5d3e89bca6d6af,1
bs_5d2e1ee4925fd0f3890eda45,4
bs_5d3ec2765ab64d4bae02e2cf,3
bs_5d506e872c28db1a1410cb4b,4
bs_5d51032da285cd7056ecfcc1,2
bs_5d54d86defe7a0c8570863ae,5
bs_5d61135cb63b356601e25d66,6
bs_5d6cde6bb8f3d33224bc3cb2,1
bs_5d702e6e8959a0d67405d293,6
bs_5d77c55d1ded316879b917d2,4
bs_5d796692078a05865138d620,3
bs_5d7ebef09a7b40e84ab9c4ab,3
bs_5d8e58732c7f94ebeab7a282,3
bs_5d946f055255f20b6877ca31,2
bs_5d974c7d02d6eb4789b8717f,4
bs_5da11c8952c66498243a498c,0
bs_5da73a631f06f9bac105e55e,3
bs_5daaa2df756b55b88d03576a,1
bs_5dabbc0f683a6f4cd5a2ff23,7
bs_5db182fe2615d1bf2c83c91f,2
bs_5db58e0edb76d772f85357f5,7
bs_5dbb81b52a2369566e25a11c,0
bs_5dc5ed3f4bb5e6d3fa895af3,1
bs_5dc7f5ecee7141e5536e83de,4
bs_5dcdb6b911eae8cecb53a893,3
bs_5dd61a1bd3f3e3d495bdcad0,0
bs_5dd9d1bcd6e0a79cbda2d336,4
bs_5ddc2584a8f427c5a28040f0,1
bs_5dde5c7f5a4dd57c62d7a94a,1
bs_5de56a23dcdaa99829c6aafd,2
bs_5debc7542b794ed82b82630e,2
bs_5dee0453aa8d5f0759b9d924,1
bs_5dee3fb69e12e3598c372dfe,6
bs_5df224b0dc10d46a0127085c,0
bs_5dfe82a8f039bb7b4deb1e27,1
bs_5e041619229c86bc2958f771,1
bs_5e11a569bb07029123dd10e3,5
bs_5e1ba811a80b93c8b5173c9e,7
bs_5e2d58a7a4f954769ecf8a12,2
bs_5e2ecd4fc3f6e5ae3395e621,3
bs_5e2eec6b4bd75c16ad45679d,3
bs_5e2f963cb298c15d74e798df,5
bs_5e306cdf23ae1e0fc5e97da7,2
bs_5e3603f69861f23806612e51,7
bs_5e37aa1eac2364111e230ebf,3
bs_5e432459baf5f5d2444c34e5,2
bs_5e503d780412846ec419ecc3,0
bs_5e5a0cfa18eafba07ba23221,0
bs_5e62b1b57fbae3ccaa608d3b,7
bs_5e646e17807e9da1abdb6068,0
bs_5e73ded5d7d497700951ae92,6
bs_5e76fde769f6e9eb9041ae22,5
bs_5e7b7ece1e0cee4a966607c7,4
bs_5e84fdddeeaff0483eb60285,2
bs_5e87a2349c116f8d68f81ec9,3
bs_5e9f4b67d2810b64bdfe0c63,5
bs_5eafa3055651311d42eecb86,5
bs_5eb4f2608b225ed694795aea,1
bs_5ebf41d1a1a03eccc0b5a05a,2
bs_5ec18ffa73f39cffae3cb226,0
bs_5ec8a1ab2e4ef42eba929484,6
bs_5ed51e6ff246d5f0a94e4f43,7
bs_5ed6c03c828d94e59da5f1c5,5
bs_5eda77c2d5833b59c2a0bf45,7
bs_5edb74a56df590b0a74b6eaf,5
bs_5ee31662129a09486720f597,0
bs_5ee59ed63477049bc96b2ee0,6
bs_5ee5e43c6b72082656712f6a,0
bs_5eeb7dfee2cf98762b688e1f,3
bs_5eef9d1d4bdc84ba9d9010cb,0
bs_5efdb3e640ae617a471861e3,2
bs_5f01446eec4a64579ba935c7,2
bs_5f0acd3483c56e0d15d6962c,5
bs_5f0da610a409e22cef3ca010,1
bs_5f1097bf8fa62a5b16599139,2
bs_5f170b185ebc587d332a644b,2
bs_5f1ade542fa7bd3bf3dd80da,2
bs_5f21bb78f6b499c6cba749c0,1
bs_5f278a1b64e1c5c6f6723e62,0
bs_5f2d3fdb27b64815c848db1c,6
bs_5f2f7ce5814f2c24917af709,2
bs_5f33382824774d87db2236eb,7
bs_5f3340550431ddf7c115610b,2
bs_5f344d9b385b1083d46685a5,6
bs_5f353e50a04b8b79e25494eb,1
bs_5f41ecfa555f126b6e189849,1
bs_5f52a48ec98d645b5221c16f,0
bs_5f65e86dcfc1842046e63959,0
bs_5f665c7ff7c7f7153959de20,5
bs_5f67a250d46e6b8a4c3d61ca,6
bs_5f67f977a87435307a3fda92,3
bs_5f6a59f0ee9858e194a5d1d5,5
bs_5f74396d45099d76f9c28c66,2
bs_5f74460b071648b2d68bbd2d,0
bs_5f79614e4a06f5bb1ba9283a,3
bs_5f834d05d231306d78f99a95,4
bs_5f89b399ad4f7dfa6064287a,1
bs_5f933f6e49b4a2fa5ac77dd7,2
bs_5f9c5fb12f2a8fc1e79525d7,5
bs_5fa0c6c0fdd990803bade6d2,1
bs_5fa12dd9e148bc1a04269cf3,6
bs_5fa626188a955782af566a5e,0
bs_5fac1061ef7af8cbf2532300,2
bs_5fbaae442e32f34458a091a5,5
bs_5fcdd153c9ed3ed870e4aa06,5
bs_5fce42be1d736aeb68106799,5
bs_5fd1ba469998330a46c2e31c,3
bs_5fd6b6df6c0516054dcb97f3,6
bs_5fd79154a0497c0b99d2835f,3
bs_5fdce36e28de8d4858e6519b,3
bs_5fdd7ecde2b0963b36756b24,0
bs_5fdd95cc3b2d69229d02aee9,5
bs_5fe13fd0c4f1fdc0407134b8,5
bs_5ff25ec643ef508c2b4ef0bb,2
bs_6000cf1a9fbad7b1fb88df8a,5
bs_6004da1075473d1660945a9e,3
bs_60083fb75f4fa8c4593f820c,3
bs_60097bd067b1fd3306ba4883,0
bs_600addf795879e5766e44b4c,4
bs_600fd6539d414bfe5f047269,3
bs_6018e2f3aaf08976fcaf0080,4
bs_601a02faf5aa3a56f3713b52,5
bs_601c76b78be1842dadeace49,1
bs_6022be88522d8be142359fd8,0
bs_6024a6138c47bae6a67b57e7,7
bs_6027d3a669dbbe88e5ebca03,1
bs_6029a5bc84328232d4ab45b1,0
bs_603da8ebe6edf20f5e5ff23b,2
bs_60402aeffda999a120ecf8b1,6
bs_60412fc0eb535dad054b2a8d,3
bs_605f2a009f64120e9fcba165,7
bs_60648004ce9e0ede8ad66855,7
bs_606b4ce7efd4869142cee49a,5
bs_606e69d5f28a40f1cc3fd094,5
bs_606fd1aa2439128022471bde,3
bs_60716337a6ecf9dadc1c2e0b,7
bs_6079a1308a094f4e40bf724e,5
bs_6080348a719893b3330522c3,6
bs_6081c6c410ea4c99c41265bb,1
bs_608224631daed290d82b31c1,7
bs_60845bf9a6f1e91d6e6b1719,5
bs_6087436b427477a5ee313783,4
bs_609191d413a61b02280d9b6e,3
bs_60953c52d65b161c82700c9b,2
bs_6099e73cfd21dd5547ea2906,4
bs_60af4aa95bdeef9d9a8424ce,3
bs_60bcf4ea20410b7d4686542a,6
bs_60c02054cb37e60b07e843cc,0
bs_60c62ccf92cdca1f45bf38ad,0
bs_60cfc09a5328dc8a47b4ae27,2
bs_60cfd9a940706263cebf0320,4
bs_60d2ecfa145123bceab7c14d,2
bs_60de299ede594f166ae30ac1,2
bs_60de44c084c86a404b8bd170,7
bs_60ed07d407578c2420e5bdd7,1
bs_60fb439a46652b3d70cf719a,3
bs_6102e00dacaeeb4d37ff4c1f,6
bs_6105936790a9bdc316ddbbeb,2
bs_6106c13391d9b51b50cafdfb,0
bs_61159d99f10651a13fb894d8,6
bs_6122527fa52e62ba10c657e9,4
bs_612d6264f63531ada9453ffd,6
bs_612f614ff850b5dc54d06810,0
bs_613ff9084b909b287979a3cf,4
bs_61415d15e8ccdef959c44992,1
bs_614dcc9e6198f3713abe71e8,7
bs_6154e40f19a787682da544ee,1
bs_615930e0e629c6f4f7a81fe3,6
bs_615a62738e5f353459fbef40,1
bs_615aff42356528b6598eb260,6
bs_616606e32b29da12234f7eac,3
bs_6166e22f6d15e3c7719d6990,5
bs_616a8326685b9fc7625ebdae,1
bs_616ac520f4c9538715556b16,3
bs_618021080ac59af13850e2eb,5
bs_61815b4d5e70bb457956419d,7
bs_61858d809c47fd2ee387d166,1
bs_6187273a7d4d536934fdf358,5
bs_618fdf27b2f0f41e696ee425,3
bs_6199b7efd8c6efbae8624f5d,0
bs_619c1c1d4d1d5b1c919955a0,6
bs_619dfa8f8bdcb8dd51d24d10,2
bs_61a49541cacfca0a75fbd3ff,2
bs_61b4314b115280dfbb1cb2e4,3
bs_61b45b2b66f1c7d3cb7b4ea1,2
bs_61b84ff719b0a6d9f48bc0e9,1
bs_61bcbbc6f05bbcabc2c8705b,2
bs_61bdb727557f1bfff7b9f1f6,3
bs_61be0c1a005b1f392c69b397,6
bs_61c062ed5f8435bd9b1a18d5,2
bs_61c68c044c893c732628dbde,0
bs_61ccdbc5b6f3228333224568,6
bs_61cea1a3a9846a132f12abfa,1
bs_61f06161a86e3efba0079986,7
bs_61f1b02844eb643a6b463b7a,0
bs_61f1d149008dfeab87c4ffc5,2
bs_61fa223a13bd3dcad4ae6af0,7
bs_61fa58db997504fed8fe3d08,7
bs_6200bbc4fe135f3a0935103b,1
bs_6203b05cdd72ab9de49c3fb7,0
bs_62140a25080b0f27c8b8288e,6
bs_6226ef5f7df53d1e5e92a295,2
bs_62276ae29561632e000189bf,0
bs_622849c2284690be4c8437e6,0
bs_62296e982c09e03893949af1,0
bs_622ef9cb4e49a7a8f0317982,2
bs_622f7f061c79031f9cf4e762,1
bs_6230f51df021c1d52351261c,6
bs_6239d70ee2efd8e756378305,2
bs_6244742604baeea75d3c5255,5
bs_6249db29790663615b00612c,2
bs_62514f3c24b9cb5f722e5e8f,0
bs_625ac8cca3dc59fb1abd8520,1
bs_625e9b48b822cfb48166279a,0
bs_62603b375f4afe1c0a0dc4a6,2
bs_6260b33d88102c6f71b3d635,1
bs_62629bb9565a4eb1c5ac88bb,3
bs_6264e4d3da32075f9da1d6f6,0
bs_6265144ba1677aa912867485,4
bs_62654e66ef0326625f5b1659,0
bs_6268cbf3caf130ff515666bb,2
bs_626c5b76b8ddb3f920e9b293,1
bs_6281d16553535fc7d1ab12a1,7
bs_628ac88d47fe81254682de45,7
bs_62958fe8306c82ad484d07a4,2
bs_62b0c79a1915d4567549eae7,1
bs_62b174082ee3e502ba59f589,5
bs_62ba10e2942918d51445a6ef,1
bs_62bda41b77182e0e4e2ed86e,6
bs_62c0a19caf02d7ec5648c2ed,4
bs_62c2ab887a76ea1ab660ee11,3
bs_62c7a913d4af54dbacd3c1c1,1
bs_62c8720aee785af440ecabd5,5
bs_62c902d3d1418ae53b75963b,3
bs_62dcc883cb46bd8b9e6ade28,4
bs_62de2f1411f97a0e08e95edc,4
bs_62df3c03799964d74d2bd231,0
bs_62ec49b7794380d445d990c9,7
bs_62ee7c0fb8fa728aeed5e37b,7
bs_62efd88dbfb3afdcb4c07417,1
bs_62f0d58a782b2459ee549443,6
bs_62f3a5266232dda77377b9e1,3
bs_62f6ffb332af7da114990758,7
bs_62f8def194bee09ed823bedc,7
bs_62fbea3ee3cf1796729d0dc7,6
bs_63087eda88559892af932b4b,6
bs_631b58b00c73583394ea76a6,3
bs_631ce5e98263272c511af796,6
bs_631e339b5873d5c48ee30cda,1
bs_632ec410d42b33ca73ac22af,4
bs_633148f08d6665f56f2d8650,1
bs_6331db31ccc503d8857d8093,2
bs_6335b014a9730815cca66cf0,5
bs_634e1ee2076f213dc402e076,2
bs_63598b3de1304dfefeed8ec7,7
bs_6360899761a2354f949bfac9,4
bs_636475b118ac7bc53e45f64c,7
bs_63695856303cb07f98999a05,4
bs_63733f91b828676e791d6ffa,7
bs_6379ea355ef93bde639c1d70,0
bs_637bbbe8152026354eb75eef,1
bs_637da5924aa55356ecf0b042,7
bs_638b1ebb92d77c23adbe8c95,4
bs_639aece98e4e6e683233eee5,4
bs_63a0ca52d12a74db6b61282e,5
bs_63aecc53ac72051297d09d85,6
bs_63b3244b52e1e16192a08c08,4
bs_63bba329535474a23ad2a4ef,6
bs_63bbee74b4fd4e4f311a9c68,1
bs_63c3676d33023b661df16f18,6
bs_63ccc66ae159aee5f5851a00,2
bs_63ddc2cf2f2a1f068bd4c8f7,7
bs_63e21cca2f65e5d0f9883373,1
bs_63e93d76105356cfdd910d79,2
bs_63eb7c0dfbd347dbb57d2768,7
bs_63f538b759a862e8e8613351,6
bs_6400c18364aaae00c9201ef4,4
bs_641805798f6cccfd938c3739,2
bs_641846e643dbe7f60b5b5926,6
bs_641da312052b5c31d2b9419a,2
bs_642da965b84a7f4d4211112d,5
bs_642edf4dc40ce60a21e0f8b6,1
bs_642f8e29ba7eebf4b43a8384,0
bs_6431d83539508fee7eb3d3cd,7
bs_643422a142f3c4011e682756,3
bs_64379811b476cf62df006928,2
bs_644790afacb9a324cbe00a5e,1
bs_644b2b0463e962f49ba0126b,7
bs_645093a1fd9af6f97690228a,6
bs_64524e3a29d897ea759c4216,4
bs_6457bd86e8c02fcdf597f130,5
bs_6457ff7bf5eb32c2ba8817b2,0
bs_645e740d852d6075d0430d18,2
bs_6464465cdbeff4725c1eb769,6
bs_646dcd7c27d76ed81bd12afc,2
bs_6479f88a270597c2218c7f73,4
bs_647ac74c7cfd0f1fc976f6ea,0
bs_64955baa0e11105792a42107,4
bs_64a637c926010f7ff20d39d8,1
bs_64a6e34917f55433abd44711,4
bs_64afd5a6a728c171053899b7,5
bs_64b27dc5cc61dfba5c83240f,6
bs_64bb46ed6bd9452093d702fa,4
bs_64bbae74900e08ef12461b19,3
bs_64be1387d7edb630e9d70ca8,3
bs_64cb533ecdbf21cfefb476f6,2
bs_64cc899521a27225fa696aa3,7
bs_64ccb36cf27c899d69949349,5
bs_64db02b3ddc67f36617da67c,5
bs_64db808258d63961f5ef495e,1
bs_64e7e9a01b1072a26511248b,3
bs_64e8e7a338e328cd5d38927e,1
bs_64e92e9c99402eec4f6112c3,1
bs_64ec7e4529fd5913bf88c980,0
bs_64f6685834a8458a22efb459,2
bs_64fb5347e899145a0e824eae,0
bs_64fbb20e7b5edd1d6b2b9845,4
bs_6504198e9f5a62c7830e6803,4
bs_6517c6947e73a0eac03724c8,1
bs_651b5044b67d0d1dd0766bdc,7
bs_651c865933013db8af40f42d,1
bs_652467581651ff5dd973ba9a,1
bs_6528584b7cc917aa96a02d6a,3
bs_652b629b2a9acdda083acb88,3
bs_653001cb877b35974d7a986f,4
bs_6530db73e91901c03f560aa4,7
bs_653bc1a9563d405480d89ceb,3
bs_653e8dc17babc079876003fd,0
bs_6541033ad50f760891b67d0f,4
bs_6546160daeb0821859ea0985,6
bs_65562607137f6cd2139f2b0b,1
bs_655845f2f7614e8f5973e50d,3
bs_655cc03f2883dff486fe58dc,6
bs_65626f4ec27798451c08d518,3
bs_65631a34696f2e580285b08e,6
bs_65664fe6ec23d6f4ed14d193,6
bs_65672ea3d0c5c47b092eb5f9,4
bs_6568d5d417748f572f5e1b36,3
bs_656f390b1fb089bda25401ca,0
bs_657156da4f45807de110a4fd,0
bs_657b576bd71e14d7b2759d0c,6
bs_657f75306fe5d9160d6aa1e5,3
bs_6580b45ad41cd2be88dbaa06,3
bs_659374bded9a0a1af8b13d70,6
bs_659674ef35e2af00c690c944,1
bs_659e6408377c1e130cd0ec5c,4
bs_65a35007e00acbd9c8a56463,5
bs_65a5ad393c133fdc0590e01e,4
bs_65a8cddaf4591815ecc94109,4
bs_65a99e33231b10bc2a25bee2,6
bs_65a9f1752b4533e1c1dc3c77,2
bs_65ae29e5b6005131e5ce8b38,3
bs_65b0460f6e1ff032457138c4,4
bs_65b3d0b93f2141b9af735cdc,4
bs_65b98573b92f399c0b746c44,1
bs_65bb50ed0bbd8d8021c5cd5f,4
bs_65ca170a4328b613b29d84e1,1
bs_65cb9ed851994fb041248010,5
bs_65cdbb61664b65a5f3adf180,2
bs_65cde39e5104459ab314e77b,3
bs_65d043bb289549fee359c1c2,2
bs_65d8669839e5c72cdfe4456a,1
bs_65d8fcf6f7a0dd408ee1b253,4
bs_65e6c0f19e04c59b14b52e7f,5
bs_65e7e4fb5766d1853a35d4f0,1
bs_65f1b07bc16e71ac95007b09,4
bs_65fa9050b2d381d7ee8dc927,7
bs_65fdebb6b3d822b298294063,7
bs_660bdeddf2226ddac5bce2b8,1
bs_662780cbf417ce25c02ffcc4,2
bs_662c094dc2cdb34697a8b02f,1
bs_66315387acb64e614e56e767,5
bs_663c96da6dfe0d14532b30c4,3
bs_6649f9ceead316add4445ce5,1
bs_665096fdbd76bf8b3b8de87a,4
bs_665720c78b74a4fbc8b1f71e,2
bs_66631adf221c1b20737099ae,6
bs_666602a3732ef104bac4791a,3
bs_6674d46c386a9f59211d6ee0,3
bs_66764fb123f31507cea3c2bf,4
bs_667662c0be07c585dac161bf,4
bs_6677622d0e9bf5cbd781c32c,5
bs_6679d6f2b51cc4227a29d81f,3
bs_667cca7e621962515e328d59,4
bs_667e5129be95c2b6a53239c5,7
bs_66871f5267340d1583bfb9c8,0
bs_668913b93e83d64fd1001cf9,4
bs_668acf29b9f2560db10718b0,2
bs_66905e8f9ebff0138f7b2320,5
bs_66a71d7a7d67ae407f9d1b5e,1
bs_66b7507cc4db96789cf115c4,1
bs_66bcbbf31b3ca8d49f4be153,7
bs_66bdd930ea3ecfc7836f6457,4
bs_66c00cab292fdc5dfe2113f3,4
bs_66c091e394500076a7804c34,4
bs_66c3ec9c6b64f4a319acf348,1
bs_66c6d688f082f3e6bf4dc86f,4
bs_66d0053d79e581c4434a8e22,4
bs_66d36561b718c0254b236b1b,5
bs_66db6e5d9312da3851921461,1
bs_66dc9c1f6d949b98693182e6,4
bs_66e31bad8a906b88a3180a1a,2
bs_66e7525e5186f95ee1f0afb4,5
bs_66f1fe6b59556b32da2354a6,3
bs_66f20f3a21e0f8b3c8341325,1
bs_66f923b717aae2f2d501e2a3,0
bs_6716efd7e2bd235ca8ab3444,7
bs_67255d331c924eedc3c92a0f,3
bs_672ba61def96f85701d19114,2
bs_67330ec8edb4d83fc4aa5209,1
bs_67339c09439d851eea856652,2
bs_6736c5baf3c9b5075becb172,1
bs_67373696bd8ce5924d9e533f,0
bs_673c29238a999aa62de7741e,0
bs_67447063aada486bdc817096,5
bs_675ce7b4019819ab40f9b55a,3
bs_675dd9f039ec8f81a6372539,6
bs_675f830f3dd750e99278c26b,6
bs_6764ed98f3fc1e38b2834e4b,7
bs_67682d43768ace0eaade0c4c,2
bs_6770800b16b950b4705f4e39,5
bs_67714eb3bb2c88cd336207db,5
bs_67726f698c2b4833bd779f68,6
bs_6777a4723e73d198da750d78,1
bs_677b9b7686a0aa716c1c4d26,7
bs_677bdade5d3f972fcb86fc0e,3
bs_677cfb7b667fadb9d9acea25,2
bs_677dcbba347d434c168f8538,7
bs_678268f691bd6c5ae3f02a88,3
bs_6784956b05d37b9d4104f71e,1
bs_678d28255de0db5bff838a2d,3
bs_678da4c54e9db5a06e2bd96c,4
bs_678e8e1bc2243b7906e8db07,0
bs_678ee09ce589eaf885926985,6
bs_678f312d2114ac9ee48564fe,5
bs_679fd9e70020074d3039dce6,4
bs_67abbab5450cc0bb17a6f948,0
bs_67c1ecffacbcadd4db6e4169,6
bs_67c623340d4318335d1bbf9a,3
bs_67cd4858ae2e31b93d7ec18e,7
bs_67cf6ac5d00416e7cae124bd,3
bs_67e68377955024132526c6b3,1
bs_67eb58aadacb181d4c5814d0,2
bs_67ecda9599a906a9bc10ec4a,1
bs_67fb51e8e956ebda322e276e,4
bs_68045bdd908f760ddbf7d147,4
bs_680727e271bbe55e5f2ca4d7,7
bs_6808c59652f3a227c1dbb0d6,0
bs_6812ce2b11ffb0ea417d236d,4
bs_68136e8ea828edc0a84d7b9c,6
bs_681c4f80ad364239773bca65,6
bs_68233bdc5fdcdbe5e0688233,0
bs_6827cc691d9d04dafbe56023,1
bs_682fe87f0b038a369498ebf6,2
bs_68308acb94464a0e8f376fdd,5
bs_6830e044a84eef5c05e94621,0
bs_6830ef399775c2d0b5362a44,0
bs_683faf5f91a803613ada22f7,3
bs_684bb7777ef9ca56747d3a2e,2
bs_6850bbb0ef55f95c6a195be0,3
bs_68510b65a2f5dd3e69af7dba,6
bs_6856b22f345762eb9010a4b1,7
bs_685750adfeb1a2fa400b60c7,5
bs_685800bd82b680c036cbe7cb,7
bs_685c8789b3c23b4e4214a20b,0
bs_6867b8dc7b88d2ab9e04ad50,5
bs_686bd2a0e69a509040a213ec,4
bs_6870e8320dc09dce8ca965cb,6
bs_6871f94cd9bf00b0014ebd99,6
bs_68770495029de131fea5a3b8,1
bs_68797996b4103bfb5d95ebb7,0
bs_687a6faadf3be1b599909598,1
bs_687c066666c2a1670ee5c9d6,6
bs_687fd5bc575f894a20fdef8a,4
bs_688350e14aec787007eb4873,3
bs_688d5cafbc3b2c52f7230806,0
bs_688d6eb9c6cf1ba016aba8f8,2
bs_688dc41b58edb217db3046bf,5
bs_688e39e744b9ea8544a4e17a,7
bs_688efcdb006bf959d6c39be1,6
bs_6899ef247d43507b9d3a467f,2
bs_68a60380f59f7cd19eb997c5,1
bs_68a9fef220e0d8f0f02a312f,0
bs_68abfb6b192b112e2f21d61d,3
bs_68b2d0084bd5fdfc54c0e0d0,3
bs_68b4beca9137be68fd948072,7
bs_68b651a673f62c82b966df08,0
bs_68bcb08b5816b570e52bf120,2
bs_68c64b80760f5720d3d92149,3
bs_68cd422d05bd8b17ec011088,2
bs_68cd751ea42760e96982e5ed,1
bs_68d1fd1ebea76c1c3af449c2,2
bs_68d41bace629e6bee577b1f4,7
bs_68d764147764bc9d35f73c92,2
bs_68e9c4b58a7ec10bec9efe2e,7
bs_68eb92b68f36c99fca0d8632,3
bs_68ed09fef7a04f156af16e7c,4
bs_68f4ac7b1832ee30b4eec8a1,4
bs_69061c3eb8a6dc9bfb3f7e33,7
bs_690644dad9bde6cbf8e3367b,6
bs_6906a3820a3c032b8b4ec09b,2
bs_690779c618ffa34aefbfb029,7
bs_69097510ad48f6591e4be0ae,1
bs_691224110617b607460e0dd7,7
bs_69206570c009970657453fc3,7
bs_69215d94c803848d0551232b,5
bs_692401badbf604b60bd04912,5
bs_6926ea147fb6007bbe90378f,5
bs_6928bf2ef2b6837e68a1d76e,7
bs_6934445e1e92c7ace528c1ad,2
bs_6939fd64350c5423cb05021b,4
bs_693e458bdce97bd9e5898066,1
bs_694a2e6cbb806115dd9b223e,3
bs_694a35e5625c284cf73eeb47,4
bs_694b1252342b3d64055297e3,5
bs_694d174b5fbd1f8bd6a80ff9,2
bs_694f17614824a2994b9c8e07,6
bs_695022dc1005b6d6a98126eb,7
bs_6950868b606c21913cb47185,4
bs_695571bfea03f9c45e0383e0,6
bs_6961190e1eb1b31c8bff2815,6
bs_696afbb5270e7d9922d5c43e,1
bs_696cccb7e9d2deec8d6ca5ee,7
bs_697489c42d6531ef2f862ae2,4
bs_697d4b5438b39b598ddec68e,5
bs_698012f9119cd910b660ea13,2
bs_698c73be9debfb05cf2f1bef,0
bs_698cb5e0bc600d486d0ab85c,6
bs_698fcc7e41ca7c3b50c7bd62,0
bs_69909ff5fd44a5cc03b40d5f,5
bs_6994633fd42bdcc411af60b6,6
bs_69a0c2394f154d53768d9b73,6
bs_69a4243cc399876d93221ace,5
bs_69a9a811f662d4e69e5c4fb6,5
bs_69ad9fdf231e76d5decc0424,5
bs_69adaf3934ea0587292bcdb3,1
bs_69b82e9495c4df1c05ea66f6,6
bs_69ba2613685278bbbb69870a,3
bs_69c22cbc228397eefba6e1a7,1
bs_69e0b9c37c7e94a472b706db,0
bs_69e91d7ce8345c604f9370d0,2
bs_69ece18d78a361cb32646fb0,1
bs_6a077c5127f9b353e692e980,0
bs_6a148b7f1dcd0efee708357c,4
bs_6a1fca57fed630e7ee64b87f,3
bs_6a2d24a05b86c77d97992801,6
bs_6a2f0ae9f09924d7bb1ef1dc,7
bs_6a3771757b0c55037c719f00,4
bs_6a4689a1244d6106130c29bb,0
bs_6a4f341dcd508406816e4e0b,5
bs_6a558b1efce8a425c55fe35c,7
bs_6a61026fb7ece7acfc62f896,7
bs_6a6779b1502ac7f99263fb6d,2
bs_6a6f623892c378741d487f97,0
bs_6a8dfd2293b637e4881f374b,4
bs_6a9d30ec4def20961ba3b302,5
bs_6a9f5190ed46b5e4763f53a1,0
bs_6a9fa45a2661a3c7d280da5a,2
bs_6aa00d152a5a1264072956eb,3
bs_6aa0f6e008637b2dd13698ff,7
bs_6aa2502a588b54e36d7271c2,5
bs_6aaceb54b260dd935eabfbdb,4
bs_6ab78907ea1d13b16e9a0c7d,3
bs_6ac77e43b6e73a060c9e1332,0
bs_6acb7928b8828d1dc027938e,0
bs_6ad0010fabdcdb28801284f6,7
bs_6ad2c6007dc34799ab861ae9,3
bs_6ad6e496f44181a7ed501a53,3
bs_6ad8d3c80fd93d1cc6193f5e,6
bs_6adc99e74f048b8709f7d9af,5
bs_6ae0d7d8564ade8f34570227,5
bs_6ae69ed21d5255a8c0663bd2,1
bs_6af2ef9bcc2d6522756a7cc6,2
bs_6afb934bd91bd843c8ea1bed,7
bs_6b028cbeadd1f1701b1cbc85,7
bs_6b02a9c72d2c9ed07eb5099d,3
bs_6b06aff16f20069e351272a0,6
bs_6b0cf03de2d42b84454c5736,3
bs_6b19559ac6996b8306cc8279,5
bs_6b1fcc4855b77264fbbd02d2,4
bs_6b239907f50776effdc305b4,3
bs_6b263c45828331642814f2d8,0
bs_6b40ebb8d4856fb91c8ee9b5,0
bs_6b428192606855a681ee97a5,7
bs_6b4f92ef01baf3d64ebc910a,3
bs_6b52b5e9e17adb32d34ff934,3
bs_6b53c8831557326deff2ce9f,4
bs_6b5cf7deb1648145d5e51f6c,5
bs_6b6aae720bee0328ecdd2a12,5
bs_6b6e4f698d498254d548758b,2
bs_6b70e475937dff2d26c16fcd,3
bs_6b72d901c5b384e3c674141b,3
bs_6b7363cd0178c95a716d809e,0
bs_6b78dd26d243738581e86c1e,5
bs_6b8e296d250062e2ae313bed,7
bs_6ba3ef7540ac69057be8bfa7,7
bs_6baacf80a43bed1f1b0e88c8,4
bs_6bb60c92eb2760c7dbc3dc3c,4
bs_6bb7382a632363064c73953c,2
bs_6bbb74d863f2c371417284c6,7
bs_6bc673b5d35bbb1d8fa49b6e,4
bs_6bca1fe185dfbf627b00dfa1,5
bs_6bd006cbae232f7bf044588d,1
bs_6bd095f0b3e65b57b6c4e660,1
bs_6bd8b91e5dd5222d270e1c3b,2
bs_6bd8c93f5cd026435f82f9bc,5
bs_6bd910b30a1af091d3fd0d75,1
bs_6bdc44eef673b5636ed057f3,6
bs_6bde55fc86e6163abc951d32,5
bs_6bdf239cd11f748570d63729,3
bs_6bebc4f7934f445dbf9e6af9,4
bs_6bed9b5178abc3fae38fb990,5
bs_6bf325e217b5565c3d9fbe19,7
bs_6bff91ccdb42cfbdf533f900,4
bs_6c057f7a9f45d8eb63295f72,5
bs_6c08f917c6baff5d864665ab,6
bs_6c0bfc4d05e63123c433eae2,7
bs_6c1151d1f0045b49cfb8eb16,6
bs_6c127985676c25cea2dc9fe2,4
bs_6c15cf6d5c6463660cbbeb32,3
bs_6c228de8b380e94f5eda99a2,0
bs_6c25553ca9ebcdbcc94141e1,5
bs_6c277add0cb2dd207554e571,3
bs_6c31c24c27f829e3936b3d1d,2
bs_6c374d6d28d08ed3654144fc,3
bs_6c37966d26eb2829500a6f8f,3
bs_6c405a5efc72afb5f961027d,2
bs_6c433a9874efca85142d73ec,0
bs_6c5b2b6d6fcad106c1ac8953,2
bs_6c625e0d153fc69ec8a7b2c5,2
bs_6c75a20a38d608ae1deeb697,3
bs_6c858cd4a71400fbf54e9964,5
bs_6c8d351f5c8f53de167ea8e3,1
bs_6c91e6e0c8861bc8c70db299,5
bs_6c96fa2a28b48c753ab86199,7
bs_6c99673291807c28a33d96b6,5
bs_6ca0830f19d4433af752d36d,7
bs_6cab38d8985ee240370326e3,4
bs_6cacb06d70ce09ec49381baa,4
bs_6cb515044856a995e73cccaf,0
bs_6cb89402547b4d7ea945dd53,4
bs_6cb99520580fd660d52d32cc,0
bs_6ccbcf6aa7a1977f18eb3afb,4
bs_6cddb9dbdb9575e70ae4656c,6
bs_6cdfd1c55fca64ec6088ae40,1
bs_6ce3468434b82eaf74a41031,0
bs_6ce7fefd8becbb7ad5696e1b,3
bs_6ced137192f47b89a414a6aa,5
bs_6cf9c6f7fcd5ec63e2cec265,6
bs_6cfa181a4429dcf7a598f195,4
bs_6d0588c1a933ea01203f4a00,1
bs_6d1ed94acd4688bce845785a,5
bs_6d242d0fd17718e4dc344d30,0
bs_6d299701dd14ec8630aac608,6
bs_6d31ae85bfbcecb0cea9739e,6
bs_6d325571a99aad5499b5cfd0,3
bs_6d36be8bc366c1611b776b5b,6
bs_6d388016539c88ad806c56d2,4
bs_6d3965efca556d2defe77a1d,7
bs_6d39752e8793e44196cd681b,4
bs_6d3c69250e67b5abf5659c52,3
bs_6d3fd60223245c8a07a863c4,1
bs_6d4496dfc77a2ee76981845c,3
bs_6d44ca6ca0d5f742069a48b1,7
bs_6d49d87f0f719149f4b10fee,6
bs_6d4ae3776f8f5deca9ddd26c,4
bs_6d4c7da3a14ade416a906b0c,4
bs_6d4f357a8d8c1aaa26aaf972,5
bs_6d533508ad0be78515c0b8fb,7
bs_6d549629f743ab41ddd82643,2
bs_6d59b1ea90446556f30b7e3d,0
bs_6d5bb5c372a3dbd91c94843a,6
bs_6d67f3f99725f89e0755233f,7
bs_6d7175c8a0898fe945310f61,3
bs_6d7181702cb79c7351b3875d,4
bs_6d737feda3b628c04248f3c3,7
bs_6d782c8e755a43d373b925e5,6
bs_6d81ff2ce59402bc073ae7ee,5
bs_6d847d41ddb304763c95effd,0
bs_6d895f873eebbf51b97b9b65,1
bs_6d8b1e276bba128a93dbef56,3
bs_6d8c3172635d4901ca21b3cb,7
bs_6d947bcbb12078ea4eaa087b,2
bs_6dacb0f696259fa28b410f07,6
bs_6dc05ea8041fca097aaa221d,7
bs_6dc33063a8d77437ea245a2c,0
bs_6dc703f4b98f5b9d34babe8e,7
bs_6dceeba2f66a19dad9ebe6cb,0
bs_6dd4d0c313506ff6cc8f28ad,5
bs_6dd4f785d826c292c5f756c4,6
bs_6dd85c3d762252c50e4741c3,2
bs_6dddf1ddd9ca8e10d546a86a,2
bs_6de1d9fc3f4525bba0ac2c30,5
bs_6de5650a1ad5b6e608ea4142,3
bs_6df3661e87db31e9c7618527,6
bs_6dfa9b28e13a681a7bf738c6,2
bs_6dff1d88223fd308c9680ef4,1
bs_6e0009cfcdada2433e343a5b,4
bs_6e01c80879e6eaa6841720e5,4
bs_6e0ba9489dcfd9326fde03ff,2
bs_6e15092319c67f33f0591b0b,5
bs_6e16b315736ce478b68a1bfc,5
bs_6e1ca6bb2349ee914683c681,2
bs_6e220dbf2475bca83f2d5187,0
bs_6e2ba238de27ffcdb7957115,5
bs_6e2f7c70bfc6afdbd75e2467,5
bs_6e3495ff3d7968580b026f2a,1
bs_6e35ee625ee9863813698845,2
bs_6e38dbf5f8c15e1557279958,3
bs_6e498c2c6f86e0577bf6bf3c,5
bs_6e4d78e9241a460c18f5dff2,3
bs_6e54b09ff635bfc9afcf4d74,1
bs_6e552854cb2d7017bb5a8557,4
bs_6e5601950a4507eb101c1491,7
bs_6e5f58b4350c717667f76800,6
bs_6e6095b6a010360f4dccdf2c,4
bs_6e628ee370dbce6045d6f1d1,4
bs_6e7214245857acc07d2bbd66,1
bs_6e75fe9579932c287d06ae61,6
bs_6e94ba79cef345842890cba2,2
bs_6e9ace0dbf03969a55b5851d,4
bs_6ea1eb79bf5c8f3902b772ec,0
bs_6ea71430b078489727fcf592,5
bs_6ead7b1e09872b12b9f9b875,5
bs_6eb8efc9492079aaa10c4054,5
bs_6ebc1aea10883eb7b7a10b6e,5
bs_6ec00baeb1ef183f4347d7ea,3
bs_6ec3942512eed5680872b1d9,3
bs_6ecb48c574c3f6d6c523b5fd,1
bs_6eccbb546cf271f8795475b1,1
bs_6edd242f84fc5cf6a05d7c41,7
bs_6edf837e7256df6d0e181574,1
bs_6ee4493afec0e669cdaac27a,3
bs_6ee97ccb97dec1bc8a602c36,5
bs_6ef09cbfeb255d71fe96c3df,5
bs_6effe622c9785b4252cfeb53,1
bs_6f0b0eae8b8e444b11fe4b74,0
bs_6f10d324e684bd5f6a6d4be2,7
bs_6f167b2a155659d0ee80d2a0,1
bs_6f1a8887de119e5e16f5684e,1
bs_6f28455b6fa877b925596e6f,3
bs_6f32185d0492dde2b6f1d05e,3
bs_6f3661b2a7cfa253cdb7ab0c,2
bs_6f40f3033614fd9b9636fea6,5
bs_6f42709e361f2408473c1828,1
bs_6f45b8cae0722784f8fbdb6a,7
bs_6f4cdd62c55ae6f7c90f35b7,3
bs_6f4e5749d22e85ba1182691e,0
bs_6f57d118e9eb23951600cea9,2
bs_6f5f816ed2e2725f70e18bb9,2
bs_6f5faa48dffb5a0910ad3eb4,5
bs_6f5fd75c34b7604003d080cb,6
bs_6f7298f7b5037d5ad158357f,5
bs_6f7be07092ea56c4ecd45991,4
bs_6f7c163f24419c24af8c98ec,7
bs_6f802dd374744d9f7e356c07,0
bs_6f82ec73f2424af1233d967d,1
bs_6f8456dde74072356341d168,0
bs_6f896aed706a9f03e3251183,1
bs_6fb6722843846b5fe789145f,5
bs_6fb7be358d88eb29b5dc4a50,6
bs_6fbe9d0e4c0a3ddf9f8e5023,7
bs_6fc3492dee8d3e9bc212fb48,4
bs_6fcd148ea04c47be5bcbfbfb,4
bs_6fd5bf79b846ba0727bdc18c,6
bs_6fda36d0974f0adbb42b83a2,3
bs_6fdd92266461c1e6c2d228da,5
bs_6fedbce06628b923de65964c,2
bs_7000be9df47421f50cc307b7,2
bs_700556ee839f42b3e3ddf4ee,0
bs_7005eceea94b84a137062e92,3
bs_700d6ce7ec8e408b6defe42c,4
bs_70104f6351a152eb35c4e340,2
bs_701763716604f761bc333b8c,3
bs_701835bee8f1ff5b8bdf17c8,7
bs_702725f72d498a1cfcb8a323,7
bs_702b343faca76ed70d5fb002,0
bs_702b7a8d95a45d1aa2c32abd,5
bs_702fce7578bbb64bc140e0f0,4
bs_70317ae034a7045a76fef2c5,0
bs_7038f9317aa3541b2b2dfce5,5
bs_703a643ac5eafd62f8ed983b,6
bs_7042788bcc97ac60c9795625,4
bs_7056b6ea282b629ad0a705be,6
bs_705bc28ce44de960a49c5adf,6
bs_705c244745f6cb67bb6d5878,6
bs_705d6d985338eee36d21315f,3
bs_7062377036aeba0baccc63b9,3
bs_706784cd9c6c34b8ba04566d,5
bs_706a7b8682209f3426eaa8c5,0
bs_706d158b7fd02946e06d1122,7
bs_707688e7dee28f2f0eb0a212,6
bs_707ca859de763c2d18d8e7ef,6
bs_707f08d50a1ed3cdf5d99e11,3
bs_707fbbac20b9082f5464314b,5
bs_7084a1be24a093416e16dbe6,4
bs_708b141dffd7201764f5ab4f,4
bs_708faf9d649a8ea6a10ad6f4,5
bs_709e639e3aaf60e2ff9a35e4,1
bs_70a30f57a2b932ee8ddd7828,5
bs_70aaa227737976e2e324c68f,4
bs_70b32725b4e3f7b92aa57d2a,4
bs_70b43bf69c150fb304ce0e27,3
bs_70b452012310dc7abda855f8,6
bs_70b5156451ec9a9a2064e81e,1
bs_70bb501fbd5d86dcf356284e,2
bs_70bd5671e190ca6bb91ad1c4,0
bs_70c1a0b62b0721ac6f87fcfa,5
bs_70c318eb2197834bf99c5607,2
bs_70c42ec9f352440b9ae7bcf6,2
bs_70c65a329b63fc208f691abe,1
bs_70c84534f8b385320ade9815,3
bs_70ca00c3bfc58859b85232a2,5
bs_70cc0c61113c1f0941d19b51,3
bs_70e5a73f80aa589496ae1b87,2
bs_70ec73846ac7a8f8a1e631fe,2
bs_70f2625d97f457465a348afb,4
bs_70fc83236cef3f9ca255efe5,4
bs_71000a5e44ae9eca18069ae2,0
bs_71009c85be4d83ea35892542,3
bs_71026ba7e60a49a6bbc78287,5
bs_711d3a1eb04253f93d80d4d7,0
bs_7121d0410bba3b1c9da1f386,5
bs_712abdbe9d9442e7955a3006,5
bs_712af987f7bb080182718680,5
bs_712b1f5f771a86c5ba616e90,2
bs_7135625f6b91bfdd01b28fb8,5
bs_71385235cac81c542d982527,4
bs_713af9078a7a90e7f1c5266c,2
bs_713eb0aa913d8c065fa7f547,5
bs_7146d1006ea3e5bd8554e442,1
bs_714a03591d1d04529e081db3,2
bs_714a2b5906e7cfa91f36c05b,5
bs_714e2fc7f909ed70c005505b,1
bs_7156fb53fa6b33b216a7c782,2
bs_7158b2234a15b56a0364668a,3
bs_715b8b75525ef21ccbbe5cf8,2
bs_716a6a4b9ffbb77994eb578e,1
bs_71725307b2547f9e3b75decc,5
bs_7174f34c001b8fe141477480,0
bs_718318c5aad8903d5449e42f,7
bs_718b2307290a827f80e2d78b,6
bs_719439147258be768c6c403d,5
bs_719d967c7e2729bcd39a877a,1
bs_71a0681fd4ac4ee5a3e0ecf0,3
bs_71a82eb8e516bddfb68c67fe,6
bs_71b2e24b24d4df4a5078d612,4
bs_71b539067a5195ae3e5514cf,4
bs_71b974d43fdeacc38821d414,0
bs_71c4068b123b59ee86113516,5
bs_71cad433d2ef7efbc7d53558,1
bs_71d2317c7f4cd44aceb50431,6
bs_71d4f320f0c472867b9642e9,4
bs_71d76cce217e86037a7e370a,4
bs_71d890f816f799419b0e0fcc,7
bs_71db09fc2665eb0d99610d28,5
bs_71dbf34160187d37a25630cb,1
bs_71e09c7cd42fa5f662b40f42,6
bs_71e580cd965f3107d079dca6,3
bs_71e6b90da5d35c6e312d8231,6
bs_71e881af8d2510ef00f5bf7a,4
bs_71ebfb589480bb5750f7cd94,1
bs_71f5840078964e60acb5d9f5,3
bs_71fc0117635428bbc1f211a9,6
bs_71fc5485f2aeac51b5c599a0,1
bs_7201b53d5ff8429de86fb48a,3
bs_720b14363124f82778258bbb,1
bs_720c50c88566736468c506cb,6
bs_721287aed175f7eb789db405,2
bs_721553195e494d0476a7720d,2
bs_721979a7f54e3fdd84b60898,0
bs_7221fe9288f9662a047d0c10,2
bs_72225efadcb00a3f7743cad5,6
bs_722e59d3e22bd0d807ddae9a,6
bs_72372597d649ab47260f03c8,5
bs_72385996c651cee87aa8dd1e,4
bs_724224aba9f5c0f3f04011fa,4
bs_7247df26ca3eb229020c7dbe,6
bs_7249f3afe8b3d5f6cba4a701,6
bs_7260c693db830c245f265a66,3
bs_72611facfd283f60d12027f7,6
bs_726d6e076fd56e3b0f8416f8,6
bs_727a8e729bba62229599be9a,6
bs_727d5a72a73268bab9ec456f,1
bs_729a6797004b6c0cb355e409,7
bs_729b785d2b8d554fd44db5ab,5
bs_729c71f4ac91b1769ebced08,3
bs_72ad6b93cc4bee4ecc4c7052,1
bs_72b86ac140c1388044e9a56f,5
bs_72b95977a47a79ba2a7d186d,5
bs_72bf56a3ce5845b235d36fe4,3
bs_72c7e6b2416e27ccaff3705b,3
bs_72d02f5de162fb947c946c10,2
bs_72d3b67356f47c6f80c65eec,7
bs_72de9fc35b4221ec1fecc055,0
bs_72dfa1f36880b2c8ff138e42,6
bs_72e8196d29a146ac84197aed,4
bs_72f7485882c4431af8548926,4
bs_72f9a7f94db77ed8d6717477,1
bs_72fb008b75bed0059403383d,5
bs_7302e2979d1ab811f65d1c9c,3
bs_7318a69781c70487e652eb2d,6
bs_731d05e85f8193a9ebea7e72,0
bs_73205bd9c6cd3708fb372915,1
bs_7326bec81943bb34041c3348,1
bs_732b19eda2ac05d4b6c6ddbb,1
bs_733dc44f57996af09361df4a,3
bs_733de604703a296c31e23191,5
bs_7345ca027414bd7897fc1c87,2
bs_7353f273ce67cb6f8d967583,3
bs_735d46201b6eea121533f32a,2
bs_736278ae0708c4206fa8f851,5
bs_7371a62469679ceef23706a2,1
bs_7372ad5181c43c9acefc8bf3,1
bs_737581ab2bea13b2ba66b480,4
bs_73793fd31990d7e8cf2ff45b,7
bs_737e84d6162a08a76e1e116b,7
bs_7382d267ab463972b36179c8,2
bs_7382e49d65782ce7cdf8b0f0,6
bs_738424d5e570e1660116276e,6
bs_7387dfa6d58cfac9f3c30d28,5
bs_73965bfb952fe62bca9505d1,0
bs_739d34398bc1abe68cb370b8,6
bs_739f9804aefa3b283069ed90,2
bs_73a44a43f2294dc916ac55ec,3
bs_73a7026de322e55b484fd4ba,6
bs_73b14d962acb696f1c9ac31e,0
bs_73b24fb615ec649761be1df5,7
bs_73bd4aa28390c40d9b4f11d4,3
bs_73c0875f57548f4e497b9e45,4
bs_73c4e1f01dcfe5f8e96707b1,6
bs_73cb000886a0e270b9878bb3,2
bs_73d0e45f4e8eb5e731d58e0c,2
bs_73da54ab6cdb7fc8e39e81e9,2
bs_73de0bb27aaf48aedd1bb564,5
bs_73e57a53157608b6741335e5,7
bs_73f7f1196796fe1603824482,0
bs_73f935e1db9e3b9c3bce6d69,7
bs_73fa6f3fe127a34e3b99d0d1,2
bs_73fa9b9ac7c1254ce9f4eff0,1
bs_73fc50fcc65ae954b2cc5701,4
bs_73fde9db35f08092908e5e2b,0
bs_73ffb5b07f424a97d31234ab,3
bs_740592ff9bf2fcde48ad3007,1
bs_7412b2640618586a727b6a40,2
bs_7417beb4261f30556a61b4c6,1
bs_741e5bc7d5bcf06dd8a097e6,0
bs_743611279e94db3930423fcf,3
bs_7443286073c4a2a0dda51156,6
bs_744563b57a9a474e59656677,0
bs_745621d64a82a2cb235f3eb5,0
bs_746612c1f7730ee577aeeba2,0
bs_7469f6a814f8e1471b5107aa,6
bs_7473d7c427ace589a81cc011,1
bs_74767776d696575c96b585f3,3
bs_747f51ee6f3d409d3144a213,5
bs_74859125171afa76ccc5bbb0,6
bs_74883642efd41ae97ffe0477,1
bs_748913d85c91bc5b4f4c3826,0
bs_748e5403f477104e0ffc16e3,5
bs_748f45237c3a3e3556332a07,1
bs_74944d3218ef210787691941,1
bs_74946488e3d3209acadc8446,4
bs_74981a1796863b59d4ebc39c,1
bs_74a384e9574a4e5beb5c8d7d,3
bs_74a9f40f165a1dd73bacbc4b,2
bs_74b09230bbd420672d72176d,6
bs_74b9d27838f18c5c8bd2bc3b,0
bs_74ba85126fbc5a63caba10c6,4
bs_74bbee1f0defd001827f63e1,0
bs_74be2f3d1ce8254701b215e1,6
bs_74c3465fe1831ae61d4571aa,3
bs_74cb9cbdf4ba0c8c277cb32f,3
bs_74d069bdf547f2f1fd4b87a2,0
bs_74d3119aeb84188acb790590,6
bs_74d319ca8184b0fc9357f5ea,4
bs_74d4dd727d58a0dcaca6322c,1
bs_74dc7dbf7c81c3bafe97e47f,1
bs_74e0471fc0a3e3e5f16b1c0b,6
bs_74e6a82b69906c0c9a8372bf,6
bs_7507f54242b429c8c96e5618,1
bs_7510d882ee663749866fcd4a,2
bs_75178baafaf3584185801e58,2
bs_751a3c6396fade2ba1a0b876,3
bs_7522a40f86b9e8a2b67b355d,6
bs_75238f0d7af25f5a8b41d72d,2
bs_752fd752c65ee0192cace063,4
bs_75389c03df61ac9df1a6ceef,4
bs_753bae40403ba97401917dfd,1
bs_7541be2200eabf4b290b413d,7
bs_7546bb4212160546b7fe7490,5
bs_754ee7e0a44dd1d92b210001,6
bs_754ff84efec128c021928334,1
bs_7551255bd83885f9765db942,2
bs_7556fbef9bcf9b7685483fb6,6
bs_7558b0c990274e913e44dd76,1
bs_755af24c73af0d702fcf6749,0
bs_75645cb374513baf4b61544b,0
bs_756e02053caff29ed9c938bb,1
bs_75732991a61dfaddf9812af9,5
bs_7573923f377722449a04c612,3
bs_75756ee08b6e8476eb8d23ff,5
bs_757efc0b069f1c9d65093ee0,6
bs_757f631994e67e26a72361c8,6
bs_7597aadbe0a517a4c3a6f030,4
bs_75a848c8f3046d35aa2a5598,1
bs_75ba96c95a552f1ac6f2e391,3
bs_75c437d5ee56dc7193660511,0
bs_75cdd5fb22695a4ee0a7c4f5,0
bs_75d0779c09ce63d0d346a060,2
bs_75d3bbac3def17c09b231dd3,6
bs_75d7b048e17092e5e39da0f4,4
bs_75dac5116edab43c2bdf2184,6
bs_75e74797f8cb8f17eeab392b,4
bs_75ef48f735a2db1f29ef1f3d,3
bs_75f6e21a737641063c1c494b,7
bs_75f7b52e279bd57f3e0a8a38,2
bs_75fc58b2ccac200160ef0261,4
bs_760d83e366a6b5ddd740ec23,7
bs_761d558340a2862fde74f9f7,3
bs_7622c9f674d681a33ea273e6,0
bs_76238347c6d0649641451220,6
bs_7628466e2e2c7e35f62f747e,0
bs_76287478e65045f556016972,0
bs_7631a8bdd22a3c35efc3c280,4
bs_7636f5ef19527f523be22217,6
bs_7637dcfb18dd4bce96b3683e,6
bs_7639bae28c4bd9a795f72de4,6
bs_763a8ccfecbd05c60ea93d0a,2
bs_763ab5f31a4060cebe5fe9c9,1
bs_76413af931e463d4f024f964,3
bs_7645108338ec01f23d9eda6a,4
bs_764c00a4bfbf950fc9857694,1
bs_764edae57b6d5bb1004cdc0c,4
bs_764eff3a1632665effbba724,0
bs_7655bd8ce42697a6e4e39347,2
bs_765696d725981c428da0fee5,7
bs_7658b01380ee612c1b646633,0
bs_7669280cacbab318f6874e06,7
bs_766c3158ca9cd03d90f4f868,0
bs_766f898313b7e4009246e190,6
bs_7683e80c028286dd4961427d,7
bs_7689ae238f897226402f9ebe,3
bs_768a8e1f38c580ae16b69103,1
bs_768fd92ef94e3733509c6d32,3
bs_7695e995fb031a32d11deb82,5
bs_7696f2a4faee7d2fd53ff6da,6
bs_769daf8a7eec89915ea9a21a,0
bs_769eb0a09a5341dd94c7678c,7
bs_76bb3de3adf7ef71ccfa28a3,5
bs_76c1ad9311febcdeb615bb59,7
bs_76c8836068f64cc647bb19cf,1
bs_76cac42ad50f4eb748fb8fa3,7
bs_76cd60a9339318e539ba834f,5
bs_76d03dcef0dada3105dc442b,6
bs_76d2cca28cd1a40863f513b0,5
bs_76d5c360e97150151b8c0cd6,5
bs_76d7f4429c279a3cef07d979,6
bs_76ddf48f76dd47a53018c30c,0
bs_76e8856d619e326cd839b16d,3
bs_76ebba71bd582f901cc1ad01,7
bs_76ed15626e53de916ec781d8,3
bs_76f58d8a628d5ef732a1b97f,0
bs_76f5bf543564d8beb6a1c87c,0
bs_76f96be80d8194fedfea4ebc,0
bs_76fa4932f9e53aea0a20b2d2,4
bs_76ff4fb28181a169f58d91a7,3
bs_76ffacbb752b4977e5ccd357,0
bs_770266ee48da976aebeb0405,6
bs_7707954fead38c7da1952e94,3
bs_7721b255ebec6e8b4277ca4f,7
bs_772ab1f9d95ffb54840c7217,4
bs_772b591e236e80873e279427,6
bs_77346a14cc59da78717140f6,2
bs_7746c991c75477296e71393a,0
bs_774ad655d3d125e1740982e3,7
bs_774f651839c1c5f66ff4f577,5
bs_77511aeff2eb3b843eaeb07d,0
bs_7768e06b7246ce209f324ec9,5
bs_776f9977a099ef9708f97714,6
bs_777c5d40f958fa969a0fbeb2,6
bs_777ccfe88f8e404ea034b220,4
bs_777f6bfaf6b949e5df303b24,3
bs_778815fb9f4d981123e1ac14,5
bs_778fd953bf85f7232813e6a4,1
bs_77939ab8fc25f8d494edd612,4
bs_779483feab6aee9a4ae9e9fa,4
bs_779f44488676a416d07ebbcc,0
bs_77a1e89673580f9de773c80b,5
bs_77a68ca6b606aa6666874b6d,1
bs_77a8584b9446ee4993f3742e,3
bs_77a93ba4a12d249f89b85964,5
bs_77abadae4f2fe7674b8cfbb9,2
bs_77ac46db03019845d50f85e5,7
bs_77ad4ab04e1d3302d6d7a430,0
bs_77ae008daa5ccd75b458b88d,5
bs_77b317c27043a429a98f37d0,2
bs_77b5190e6478494553571153,6
bs_77b9b2974bf099292afc4f4c,6
bs_77b9c21c672fac7e593ed723,1
bs_77bcfbeecabb2cba1be16e0c,4
bs_77c655f4a9cd219b8db69ba8,4
bs_77c75d171600980b2f00b946,4
bs_77c89ee725c2969563a1ff9f,1
bs_77d65180e3148268c9d11a1e,3
bs_77e1cacbcb14a9bc1b07facb,1
bs_77e346982903259190d8d562,4
bs_77e5fc800e9f578943facdaa,2
bs_77e77e7a94ef974c2073881a,4
bs_77edbd2e8a91470e6b18a178,7
bs_7806265272f045e0a5670b80,1
bs_78089d92ea50c9cf535be291,7
bs_780dcd03f52c33d3b75bf0fd,0
bs_78113e666e424e6f4adb8a2f,4
bs_781232cfbb4669264063d237,1
bs_7812c25c486bf399627c5c60,5
bs_7816fcfe3b7b720a4daa0a31,5
bs_781b04e69b857b4ac8852f75,7
bs_781d7b1c8f53a1b9630781ce,2
bs_781db483b6c6124588cf02f4,6
bs_7828f9809d8cdbc1a6e583d5,1
bs_782e8f4475246cb3d37efb55,1
bs_78346344e349fbf10be9068f,0
bs_783c464b426917f1796c08db,7
bs_7840e38d6c54a78d3362ec2c,7
bs_78499f0e53382b368e3b3648,3
bs_784be00488fd63b75deebdb3,1
bs_784c9c7285cbc126d353d2f0,4
bs_784e5c98e99affedd7e4ce93,3
bs_7858cefcb24a9073cc502e01,6
bs_7865d3fc228665c8678506ca,0
bs_78755809f488b6fe565cf765,1
bs_78762fdc5f68ad44d5d4e598,2
bs_7879050b729069cedc8187c3,0
bs_787a5b693be9cc37186dca74,5
bs_787fe22f982b16d71189b6db,6
bs_7893fe093a52e8db20405815,5
bs_7898502b4be0e9b90d50969a,3
bs_789eea05555cc9caecf7e609,5
bs_78a094635070c604e7ba0b9b,0
bs_78a8c278e17619564cd6fe87,7
bs_78b25b6abd526624879edb22,6
bs_78b40b536d6efa5fc3375098,2
bs_78bbc0034614cc4d3f5b1c52,2
bs_78bc134915e3223f84993071,5
bs_78bf71fa84e2a168cb71506e,6
bs_78c89e374dfb9e968408c947,3
bs_78ce4abf17dd04f1bf72b804,1
bs_78d739f209ffb4dd6b147e8e,2
bs_78da281f4fad7fc2e9793cc6,7
bs_78e70245a6bde76efc8ab93f,2
bs_7907ac80f4c6a2d4490f14cb,4
bs_791612418ed67c538ced5ee0,6
bs_791d613abf2f3830a992fd72,0
bs_791d93d9c191f375000dcbbc,7
bs_791e091dcd87f8fff9755c1e,6
bs_7925c1b209b17f295c67d551,5
bs_7926632b993925e690dddd34,4
bs_792b84a40b43fd90512769e3,3
bs_792f1b97b182d22b25d4e3f8,3
bs_793485181b9f0e0203fd84c4,0
bs_793590555c80c750c83cc5eb,6
bs_7935cb2a9cf7f4435092f020,0
bs_793bf3997ae9e3067d7f774c,2
bs_7940e68968e3e67ec95d8c65,5
bs_7941275e3a2790e6039fd20e,6
bs_794d623bed8af879538409b1,2
bs_795a06fd453a8e67ae26bb88,6
bs_795b7a691354344f22e0bf58,0
bs_796233b048c25ecd0c8b6932,6
bs_7963f7bf40cde23612d8129c,5
bs_79643bb6657c671354b1a553,3
bs_7964a85ec42c758fdb89cd4d,6
bs_796f1f96c22080ca10017588,2
bs_79891915426f4397a5eb3f73,4
bs_798b6a4605e69c986bbcbaef,7
bs_799404d55e6c54d88d0d7e1e,5
bs_79966c52cc864a61cc0379ed,6
bs_799c22c88045bbe99c073b72,6
bs_799e45c8a42b7904d6fa55c6,6
bs_79a714f4f0b0c45fb4b2b11d,6
bs_79a8efcdca6068cb0b6190ac,2
bs_79b710486cad4af0e8676c20,2
bs_79c1ca13d198915169ab0781,4
bs_79d26793a25efecf12956bf2,2
bs_79d2cf51c3fd65a331a3807e,1
bs_79e7b10e24c164464157219c,1
bs_79f191820624096d5d077133,2
bs_79ffc1c7c2bf3ad6366bb760,2
bs_7a127009654757ee893dfd9a,1
bs_7a1b4d9c4d3ea4029df64f60,1
bs_7a2108345e9cbd8bccfd240f,6
bs_7a259aaba07a8952bfbcc2bd,3
bs_7a2c1cf882944b754d9eabde,1
bs_7a360a1c682f5f7fc947db30,4
bs_7a36ecf64f06333aca45b04d,7
bs_7a39c79ac5ee0f1861d1d5ce,3
bs_7a427fcb237931b525739b95,6
bs_7a459373dc5fb4348f2215a9,6
bs_7a4b5a5d06cb72fcaed9bab4,7
bs_7a4c388fe4ebbe2e3288aa7c,5
bs_7a4fc577165fcd6d922ebb65,5
bs_7a590362e0a895e538fda3e9,2
bs_7a6b5489b9dd7d8cd517c738,0
bs_7a6c2e2470e9912e3d38f79f,5
bs_7a6c5cea15acef8b2d831dfc,4
bs_7a6ee16a081a99b6299d439d,2
bs_7a7431585c8fd3a9654a3ad0,3
bs_7a7de282d2621f5c28eb1027,4
bs_7a7efabfc22a673b746fd82e,3
bs_7a90204eb689267475306a32,4
bs_7a977b4242fad81f9d811a84,1
bs_7a9792df4351597c5d835852,2
bs_7a998fbbf2fb315f0d438a7e,7
bs_7a9fc64eb02743f4c8c28410,5
bs_7aae4a4bd67d8349a106d00a,2
bs_7ab4b571bec2b05c37709ab1,3
bs_7ab604c630e916d9b590d9c1,7
bs_7aca3ea8570da5cb67cbddc4,1
bs_7acc430232b6e0538f07d080,1
bs_7ad59e585d39ed02a86e3e71,1
bs_7ad76a8a96ef96960967955a,5
bs_7add8eea935bf1de476473b4,5
bs_7adeeb2aeb40e944c7c6e10f,3
bs_7ae396ef0c5912a3b88c7618,0
bs_7ae4445f5a0d6d5912f8f130,3
bs_7ae7502ee56854e0b73f3c84,6
bs_7aeb517d04e60097e43849d5,5
bs_7aef659cba23e81b7c0216b0,3
bs_7af55bab16d7409ac07de849,4
bs_7af99fbd5825bb1d24ee4cf4,6
bs_7b0402f087bf1efb73e69436,7
bs_7b12bbdc5fa00f3dec134240,5
bs_7b13638ba9954a401a8a5ea7,0
bs_7b15e2467082d84a372039ab,2
bs_7b21071e1156a0d21c925857,7
bs_7b236965b45c637385fed70f,0
bs_7b2b8212109a7a7d4c1298db,4
bs_7b361136a021ca3fcb05b653,1
bs_7b37d4d6c6c29ebe9fae1246,6
bs_7b3af7b6921405ccf04fb817,4
bs_7b3dda7175110e29c0ea57c8,3
bs_7b401463841db40207a193a2,0
bs_7b4100376487c5c1902340be,5
bs_7b5e14cf6b58988b5208c39d,1
bs_7b788c8d43649977120a27a3,1
bs_7b7e63955873c5b24b1b0542,5
bs_7b83bad8637fee47b827af83,5
bs_7b8608d22563d8aa79c3456f,2
bs_7b896db41eeaff9c39487131,1
bs_7b8c3be9bcc02118dbfb3e85,5
bs_7b96d7668eb467d62d00b43f,5
bs_7b9b872c3d98a17a2ac15bba,1
bs_7ba6accb4cb497220439918d,4
bs_7ba6c139f6559075a872f4eb,1
bs_7ba789c42af243a75d300eef,5
bs_7ba9545dcae94f7cc8d1f187,4
bs_7bac996ae12275f8cbc2eb22,6
bs_7bb00f375de0ee9daf8e97a2,0
bs_7bb23a5e9ed278236558aca0,2
bs_7bb47f0b55fabcd94ff10ed8,4
bs_7bb5e169157094f1b1efa6b7,2
bs_7bb88476da081b6ce7b2e949,2
bs_7bc7753eeb8cd96bd473f59d,4
bs_7bc8785346f5311c9dc2b893,6
bs_7bcd211c8f9ea4334d4cf1e7,6
bs_7be1d521ce7f85fbb427af52,4
bs_7bf096b3e2bd16b107ad2e64,3
bs_7c036b8c7f6949232c5b338d,2
bs_7c169abaceee66f42787f42a,2
bs_7c2616b9058ee635b09c8f2a,2
bs_7c368021198d73fbb389037a,6
bs_7c3d49924e12304113b609a1,2
bs_7c47b00be932ef8c88f0d527,4
bs_7c4cb946e841f7bee3d0daa3,1
bs_7c4dab0c912c56859b31b26d,3
bs_7c5418f30b07e355a0d28479,6
bs_7c5f06d300707844957a073e,1
bs_7c6332ff36347659cbaa4b76,3
bs_7c6586733fdfca1728733aea,4
bs_7c66f40e6d553ec6899cf0ab,3
bs_7c6d2b1a0505c10029cccfec,4
bs_7c76bd7de5bc1c19f050e5bb,4
bs_7c7780404d041dab8a46e3d5,6
bs_7c7805b873822f9b7e745554,6
bs_7c8219c930126ae640bd80da,2
bs_7c8271fe3b212452d920f6c2,7
bs_7c8cb7908325959d653e8e83,4
bs_7c8ce301f6b12d258407d4e1,7
bs_7c8e69ac619b87b0324d2f63,4
bs_7c92105f3b0125bf284d8a6a,0
bs_7c92e59674bc242a91b90fc6,2
bs_7c942b86786ae33d704155c3,4
bs_7c9d7c17b033c3043c025364,7
bs_7ca1468045f75ff4b8c38af1,0
bs_7ca14f4e3773cfa2ee9652c7,5
bs_7ca1b31b32d6201cfc16b4b4,6
bs_7ca4e6d48ff2fba990255a54,3
bs_7ca700684756ae94753198dc,1
bs_7cb2cd514fd50dec8e594fba,7
bs_7cbbe64dae7532c7e742ceae,5
bs_7cc201564fa2db0500fa595c,1
bs_7cc455ebbea1de21410dea8f,3
bs_7cc76edab3ac429ed9fc4611,4
bs_7cc84a32af01683e0b782f61,7
bs_7cdc9f3fc3ecbaaea498898c,2
bs_7ce2d5585a64085cdcf39427,3
bs_7ce7066656b177b9fe4325fd,3
bs_7cece4f4b30f73f443681306,1
bs_7cfe9f0228f56a8ffe81e536,3
bs_7d0baadf207a874714ae69ed,7
bs_7d0d3f5eefaaf8d2320934b5,5
bs_7d0fb7032dc9c19dc53b298b,4
bs_7d109a4fc4fd9cb16ab64e3b,2
bs_7d161666699dc42b46e3eb02,1
bs_7d191edd41b99c7a4d83b07d,2
bs_7d1f49ba18a6bb76eb7d2941,2
bs_7d214ec3054400cf4d58086d,7
bs_7d2515eecc9ff44bda63a811,6
bs_7d2ddd8f5ecd8d06a850af86,1
bs_7d3a2bb48dadfa2efd7a9621,7
bs_7d3dc0eb9e7b2c9f7d622272,5
bs_7d4115bea7e6124f9d9665c6,0
bs_7d448a2dc0ff346265bf43af,0
bs_7d48e69737f90b0c97a47cd4,1
bs_7d4a76b19df817e637fe4b00,6
bs_7d504a7b265af011886bcba1,7
bs_7d5643bd0c1473a5f82588b1,5
bs_7d62b49a1628990a986806b7,3
bs_7d6a451f8e9b729394e25d90,7
bs_7d6f0ed210e5c922e56bb0de,0
bs_7d6fb0a42a875bca393f85c2,4
bs_7d71de0e2d729303b01235e4,6
bs_7d724177d50cc2a2c956bbfb,5
bs_7d73c6e7f597d3067cbacc5c,5
bs_7d7607f516df70036a6947be,1
bs_7d7d3c5f254df817405b11cc,4
bs_7d7d3f2bf0a67b78375b6df1,3
bs_7d895f1628ad2def022293d3,7
bs_7d9208b00543e811d64f9dd4,6
bs_7d96fef0a4c3704f420d921a,4
bs_7da140380ca15e66a9be6c5b,1
bs_7da48e230f888625ca16f1ca,3
bs_7da63e619ede6e64d7956fea,5
bs_7db24a8a1abfca84808c3500,6
bs_7dbc6a4e0cf7ebb3c4d7438e,6
bs_7dc4f609cb1fe9a32ba4e773,0
bs_7dc5acc11b8f058b59d619ac,6
bs_7dcec9a68be07932cc449e34,2
bs_7dd182accab8ee4aa47f5108,5
bs_7dd767b9ed6ca0f3501b5fea,4
bs_7dd8fe3d5f47c185628a0d8d,5
bs_7dda522ab25da0e3ceef41b9,4
bs_7de00bb25d000321a390ea46,4
bs_7deb47bd97e88a49a4d7318c,4
bs_7deba38fcc0bde179bbca27b,3
bs_7dec5e9062bd0dd68ebe36c5,5
bs_7ded06760aee59910e9b2f87,2
bs_7df3373212b18516270a78a8,2
bs_7df42a40e42df763a04652b0,2
bs_7dfbacbc04b4f6ec8cff605e,3
bs_7dfdbea40ba297b96b24ee05,2
bs_7e0ca36ef2b020d38605929a,6
bs_7e1c60522d79309d4f7ebef2,2
bs_7e1d635b63a63443f929ebd9,3
bs_7e1e1099bf53ea514750faa5,4
bs_7e2ee3e891bebc1666b2ff4c,0
bs_7e30cee9b7a72f246774b760,3
bs_7e31c545ba2190aaebfcbb55,2
bs_7e36e8e74cfe2c17aef3b5e4,0
bs_7e3c3e28080ecd8db996f515,4
bs_7e410f189eeb58c5d2a4f4ea,4
bs_7e43898c3e815eef061c4d71,1
bs_7e4d9d34552885fede426095,7
bs_7e526815ebdf84c022b700db,6
bs_7e686e61c9013b13f2360574,3
bs_7e6c3ff2db24d1278f635870,1
bs_7e789dee626ec41b34fa6f0e,2
bs_7e7b505ebf9a88971d0ee07a,1
bs_7e83dfa24a64c28da889f394,4
bs_7e9467af6554da4378293cd5,3
bs_7e96e9b853dbbc4b4d07b392,6
bs_7e9de21cc111379414cd8f30,5
bs_7ea0108184fab1e1c5ca9dad,6
bs_7ea45e857c3c3f5f86dab7da,5
bs_7ea645fad17cac0a91dee294,5
bs_7eb14f563410c4f0fd195294,5
bs_7eb17e3d4480b250c39111c7,2
bs_7eb8345a8cc0529c69d7d2c3,0
bs_7ebab4ce3bb6fb88c5458ca6,5
bs_7ebf5d9a9e5c10fbfc30fa88,7
bs_7ec68d448c9e42a44a5bba60,0
bs_7ec68ee4328035daa0183b87,0
bs_7ec7931b82cfe202fd6fabc3,3
bs_7ec90fbd27ea2d537f8210df,3
bs_7eca6f3438b8bf399f6cb0a8,7
bs_7ecd65c58987b354ce64e76d,5
bs_7ed0343d64978e5c1a361405,5
bs_7ed1882278f9d9c06340e672,2
bs_7ed69aa3621dda4799465018,2
bs_7ed8e728c9880a851fd0bd34,5
bs_7ededa13ff00987fc18f41d6,5
bs_7ee2230f4e437f80921c2d05,3
bs_7ee26e179046aa9a8ad5d1cb,2
bs_7ee77e5fa9ea66e48bc92177,5
bs_7eea46f58c00d08a25ea0056,1
bs_7ef4b9b584e95eedea49c38c,5
bs_7f0c470c9ba793efb7720eef,6
bs_7f121826ce7eb743da879b27,2
bs_7f1a751b331c04e1d870b887,4
bs_7f2f28c865381301954bc426,0
bs_7f3fa2bb2f40ea5a84f80196,5
bs_7f4e029991090bc54d191fd2,0
bs_7f5147b21b43b52fb6aa2611,5
bs_7f55255103b021bb00400fb6,2
bs_7f563059025f5f5090fe2f24,3
bs_7f57150cf8bf12066f4b3143,6
bs_7f5bcba3831bf60f0cdf3c2a,3
bs_7f669696c131590c72f14728,3
bs_7f6a19b5657656181fba7c60,5
bs_7f77df286f1f1974655bd8bf,0
bs_7f791ca3445912efc59c59f9,7
bs_7f7e4099050b816306407f66,7
bs_7f80e630ed99b22df7635c52,1
bs_7f84f190e5a6c4f17af55336,6
bs_7f88a4d61a424fd4a64c7f20,5
bs_7fa0cfd5b175716c71eeb7bb,4
bs_7fa13bfdc28c085e7614e74b,0
bs_7fa4dcec4edcfa92eddfd55c,1
bs_7faab5904ba461f10afc527b,7
bs_7facb59cee39490fbb5b9263,1
bs_7fb0deb3f0af05f1220b0e4c,7
bs_7fb23b6d966bb6c9d66aae6b,5
bs_7fb3bf661630b6fdc554a9c2,0
bs_7fb8351b584c53b819c555ac,4
bs_7fbbf17ea782989bb326e0de,2
bs_7fc8083859912a0e69098cfd,2
bs_7fcc300d27b7d3c932be1d82,6
bs_7fd26eee63e803181df6a8f4,1
bs_7fedae311119193cbe7072da,0
bs_7ff08ead8424b82c6bd5eda4,2
bs_7ff0a0feca71956e65ede57e,2
bs_7ff2518f62a499d07cc56d01,7
bs_7ff79557d9a999060ee795dd,2
bs_7ff8eb81ee3b58a49a680b70,3
bs_80058d9ff42e6a0fa799dc1c,3
bs_800a4fb16a00570d3bfeae9e,3
bs_800f036a6c287188167755b8,7
bs_8028d79a100de6ca99e135a5,4
bs_8032101e8bb62ec609d5a1dc,1
bs_8034e9a1f47fecef833eafd7,1
bs_803bf2ad31f363c32f4964f5,3
bs_8046f91fbc931b7db5760da0,4
bs_805244300f618a56239237fb,0
bs_8059b7f8f9454402c36e2e35,4
bs_80616fd20fb09721470c4f5a,7
bs_806a0a70257e9a10a2a6b4df,2
bs_806a99cb2480f6eeadad891a,3
bs_806bd8190af89d3a9cc746a6,0
bs_806d5c3403da0628f95c0563,7
bs_8074a4370de285e680b338cc,5
bs_8079f5d9d5a49c3f90bc5244,0
bs_80848eb71d0b7338d03d95b4,2
bs_8086ac0ed39b3b50ad6b1ec2,5
bs_808ca6c2546249740cee9188,5
bs_809a78c071948a6c270beb3b,6
bs_809a9ee197914f9453f503b5,3
bs_80ab473a571337835b4d356a,2
bs_80b2f5729b616030059010c5,0
bs_80b9b71dc7a7cd50c6c3e86f,3
bs_80d19756d25001518af340c0,4
bs_80dfa1793daa1c8c83c4fa98,5
bs_80f7b865898ffdb4d62a92b0,6
bs_8100fe6965e79ab07062244b,0
bs_810156ec4147ae1f818de295,4
bs_81051aafe4044e33f673cd62,5
bs_81051f0dee2e6503c17a527a,1
bs_81094dc177b5a3257a1f322f,2
bs_811727f66a705747c0717d64,2
bs_81197a78651048f06da4005b,0
bs_812c98f5291b3e2c4bfd93da,0
bs_81328c0e81da318a0c579a70,6
bs_8134db84127e68e7257a9520,3
bs_81351bdecc2578d6bf43a018,4
bs_8137a355d387f5a4a0245918,5
bs_814a416816e60420543145da,2
bs_8159d16b8afb232cfb74e9b6,6
bs_81610e3da93fa9d0194d1d65,2
bs_81615b7d4570fa5f8dd81fb5,7
bs_8161676cf6dfdd88d948094e,5
bs_81689682b120dff424a343ea,5
bs_8168ab96e8f3ac8fe5cd1592,6
bs_816d453a99d632af97855f18,6
bs_817c656405e63af82560eb6a,4
bs_8187369ce73e20d53490de4e,0
bs_81874ad80f36c6cb0b350d44,6
bs_818b910d516470d173bcc6ed,0
bs_8197f000fa1d58415912b4ca,1
bs_819a394b6ca46bb5fcdd585c,6
bs_819d6a1ac5359c390bae32eb,5
bs_819e97ee71c64de9d3f09df0,2
bs_81a17cc4dd063842edf8c12b,2
bs_81a74ce1dfccf4cd7df30bc0,2
bs_81a789fc70f7177d9ecb2ef0,6
bs_81ae749c79d7c3f609e8e794,4
bs_81b1ed14a79fc90fc26dc9d8,0
bs_81b1f2cd82554ca02af024f9,3
bs_81b4084837b0c2588ac50d2c,3
bs_81b693bfe7595345667854bb,4
bs_81b6ad5e64331c5facd91f41,1
bs_81b86892b91ba4ef005c8ce1,4
bs_81c236bf316a4717ccb8310b,5
bs_81c5926f1b3d50918456f3d8,3
bs_81c8ad5a4d4a76a80f6246c3,5
bs_81cf484c71ad34ed0cc580be,4
bs_81d2c68f095bdae9788ffe68,5
bs_81d584178531413b5a3b6781,5
bs_81d968e5df638e32c60ed359,2
bs_81e8ccdd2b9a7ec75d1068f6,4
bs_81efee19d7836181863dafc5,3
bs_81f429dfbb73a80d9febf96c,6
bs_81fe172756f0979917e16aed,3
bs_8202ca5ca46162fd2f2ba724,3
bs_820a434d66997ebd395ccb0d,5
bs_820f6dc0ee93ec4cf6d1694e,1
bs_821222b8c2e4951227456abe,0
bs_82157e5ec145bd8d1dcf8140,1
bs_8219cb134c41585d2a44078c,4
bs_821ad54e82791b552c3666ea,2
bs_821bb58dc553ffd0592d7bdb,4
bs_822044ea940230f1f43ce70d,1
bs_822db8cd48217b7b40bb42d7,6
bs_822fe2177fb2b57e1eddb677,4
bs_82328c3c129730485ca10661,2
bs_82360ffd50be1ea044ad625b,7
bs_82439b6f5a91fec2868d0814,4
bs_82471b2da93ca1b12bbda43e,0
bs_825296b660d3db43f5a1786a,3
bs_82576398fcbc4616701aa91d,1
bs_82580ce0d618e89fd43b2d99,5
bs_82587b54cee549663014dc90,0
bs_825a7946264bba0b1045ee26,7
bs_825b3b22f628e8025c25319d,5
bs_8277c0f72f6701f4e5fad296,3
bs_827a14eab8c09f62a3251aa0,4
bs_827d78134b16b93dd4289566,6
bs_828a74d4a17db9e27b835666,0
bs_82948740d100f60bd49de113,0
bs_8298cd8d8fc4500dc4ae38eb,4
bs_8298ea29d954ded5c25ed185,6
bs_82a62a87b25e1f5abfcaaf87,5
bs_82aae1544edda03ed2eb570a,6
bs_82ab89396839ecc76742d4aa,0
bs_82ac069df8676de9936750ac,1
bs_82b41919cbb2fe9834abfd4d,1
bs_82b943e16717886b6b418d29,3
bs_82c2a4de569cacf7ab8cf869,6
bs_82d2705d28b03b5e088a8367,3
bs_82d3704a2242a35c11eac37f,5
bs_82d677452524ebb8855e6f8d,4
bs_82d99f67de0b009c9d812742,7
bs_82e76dcc0d12d91034bb4bc1,0
bs_82f09fcadc70f0bb6c7af4c6,6
bs_82f2515421facb4ae18fff01,4
bs_82f7b1cffd6153ec16663321,3
bs_82fa0cf2f88c4b307c90851d,2
bs_82fea8699457d07d4483d4ec,0
bs_8303b17a889057e21675d59e,3
bs_8307fba250c0276f9316f92e,5
bs_83140f1fc171cc257639cf44,3
bs_8315a0beaf90dc67d1b708aa,4
bs_83167508676ed783c74bd9c9,4
bs_831e9f4355752d47ef2ffb42,1
bs_8326073baa8b62f99aec53c0,3
bs_83266d963739045a35dec716,4
bs_83291ae6fdda86b67d14f1d1,1
bs_832cc37608b4107d3b9385e2,4
bs_83317668c870c7e228db48c6,4
bs_8340d6b479277afc40a35be5,6
bs_8341bbd7031b98c6734b7a41,5
bs_8342f5da69331d10556dd31b,1
bs_834ad4d7cb4e743dd28a19b4,2
bs_83559c8e56c6f69ad616a6ae,1
bs_835aa879af241016c960ad78,5
bs_83740d08a943b74afe0f70d8,6
bs_837708214627506fb7d072e1,2
bs_83773591155233f7db2a0a05,3
bs_8379f5eae6242588a55fbfed,0
bs_83847d5564a75d626cf5b854,6
bs_838543433b69fe5115e06ac6,6
bs_8389b709c30722abe40b492e,4
bs_838f1cef3f00afb18e2e9b76,7
bs_83b0932dbb922333afb8cd45,0
bs_83c793cffb5ab8cb65c292b5,6
bs_83ca74898e8661b990d419bb,2
bs_83cdecedb4156cbb6709b96a,5
bs_83d8c6ad3582c1837625216f,2
bs_83dd3bc38038d1a3f69eb1f7,3
bs_83de1213f5fcd11f554bb1a8,7
bs_83e26e7a8dade4315866d304,2
bs_83e5b6c72834f8bbfcc1323b,4
bs_83e9378aea274d15533eb447,2
bs_83efa010f4179f785fa109b2,5
bs_83fd20ed23c591ee1cee1f3a,6
bs_83fefbfcab7a44da9a640e4d,5
bs_83ff25cd1936ebcee8907f5f,3
bs_8403f99f3011b41a589d83f5,3
bs_840d50e8c4750c7d73d69320,1
bs_840d69e424bd28be355fade3,2
bs_840e46440c5c38ab9e9459c8,4
bs_84114f61d715c1fe4eca2bf0,4
bs_8430f2ad2aa2e51abc758028,4
bs_8434346ac6832ffc6ec77440,4
bs_8434b8ca97255dc22ce42460,7
bs_8439e42b28c512700691a385,1
bs_843b1d4201578cf44d7b9a25,2
bs_844e2baaefc0f03589555e0e,3
bs_84524d46e66f52b85b5b43ce,2
bs_84657d9fbe297fbf5458de27,6
bs_846cde32b8ca0d1e537d59f4,3
bs_847a8239ab97253290103802,7
bs_84823a6f9829e13ee67587cd,5
bs_84889df40f12d9bf38b59326,2
bs_84923f29d8bdca6d1df485de,4
bs_84947c5b5d735933a37fd8f4,4
bs_8499c52917a40b7f37b17047,7
bs_849abf3f31c9802bcbf94e0d,4
bs_84a545562b0fee60eab85801,6
bs_84a8c69b872ebaf22b945ecc,0
bs_84aa152ee2b5c4e4743fcfe2,5
bs_84ac751ae3a358111c831c71,0
bs_84ae1a02703fc5eb5fe97c87,4
bs_84b08e2ccf9d40f798121fea,3
bs_84c83e32fd93b9769e2665ec,2
bs_84cfcc1d03ad4c4f98e5d7bc,1
bs_84dfc2f129a9c246be2ae8f4,6
bs_84e0c9b5d21f7d0bf3acb57b,4
bs_84e3e4f01c906266dcdbf6f2,7
bs_84e701182b28b2e04ef191c9,2
bs_84f42c2f8ac345fe549ee9ed,5
bs_84f8ae07007562e31a0c4a70,2
bs_84fdb38eba2a6779b4f8ddb8,3
bs_85085195e36f21ba99b53342,5
bs_850b4a12c9c14b4bdf8a3f8b,7
bs_8512c5810b2fdae1bbf17a43,6
bs_85196118ceba333379f2456f,6
bs_851e88721ddba44c322159f3,0
bs_852255ce35dfd00b79d90a78,1
bs_852af9d724c961d374baef45,6
bs_852c88f4ee06e48cc0794d99,0
bs_8532b4186fd1f4167a712865,4
bs_853621954cd2339816e8b1e8,5
bs_8546d34a0725b6419b93bf3b,5
bs_854fc1bae2ad8b8f5a313cd3,3
bs_8550c3f99e5a47f72664f5f5,6
bs_857a1d9b74acbdfe2fee654e,2
bs_85842b63d1a8dd91870e8f3d,7
bs_85850a2739199fd9372313ff,0
bs_858679ab3963236a83b7c1bb,0
bs_858c1ac55152a460fde20aed,3
bs_859c8ed80e4fe6e27dfeb72d,2
bs_859dec75292064fd483006ad,2
bs_859fcca64a1fc1a759451da4,5
bs_85a73157f42586f8f5257d54,4
bs_85ad451ca77bc36564a40645,2
bs_85afac1775abc8d898df65ad,2
bs_85bde73aa2d7224a1dea416d,2
bs_85c34bf5d3e7e9c94d0cdb9b,7
bs_85c40d34a567247200d3543c,2
bs_85c4e3c65371deb14d07e18d,1
bs_85c840ef54b592469f64ab3d,3
bs_85c87572c18c58b34ae53193,0
bs_85ca4f74d7ab5c951a1ff1b2,3
bs_85ccb5feaea4864abc969929,2
bs_85ce33635d89d143d08a6ab9,6
bs_85d47204e2f92c3b2a4605aa,3
bs_85d8b92c1734aadc417e796d,1
bs_85e1feb361b1c9762c53335f,2
bs_85e2edd38ab972db3a1145e6,4
bs_85eacae43e78b8bf506b849b,6
bs_85f14419e9c100ea9ec1a841,3
bs_85f2a9c0e879c62658479181,6
bs_85f6378923b83a827f17700b,7
bs_85f832ad0577c49ae8d4282c,6
bs_85f85b20a7da0ef08c794e32,2
bs_860684095a0b8f39654eb9cf,7
bs_860bed7d4a9794ebf96e0315,7
bs_860f35187a092c8bac4f6e9e,0
bs_8619adc9baef6ccb7fde58d0,1
bs_861b562bd10057bc536a42a1,2
bs_8620d7a46c057669f789fc88,6
bs_8621ecb6634e53317c3e867c,7
bs_86296daa8df62731361f57e6,0
bs_86314e556cd1ca466797544a,2
bs_86379f06146276cf464ee20c,4
bs_863bf0652803b123d39c83c4,6
bs_863c6709696afa5233abcbc1,2
bs_864611fcf9c20fe5e9464a49,4
bs_86503e7e4294aef6fa052459,4
bs_865793e2d81f250333aa649b,2
bs_86597052568be0577b9cc49f,6
bs_866039cd8806a8468ec0d907,1
bs_866c8543000bd6a4fb7cef86,0
bs_866dd7c244722102a5f90514,6
bs_866ead45472be6670fd6fe28,1
bs_866eff69ae63e7c76ab206c5,6
bs_866f59feda2a47f37a14cc18,2
bs_8671c3cd9eabdb84b40d1587,7
bs_8674443608474c299c6936e5,1
bs_8674facf19e10925789cfd44,4
bs_86780f8aab8cff586ba2cf3a,5
bs_867bfcdfc12e33ab6e511de6,1
bs_868a79d1b86609d4af02e9df,4
bs_868acd748943de2af5d91376,7
bs_8694d62224597ec9c8b5f1bc,7
bs_86a2386962f34fdc10216a16,4
bs_86a7ad9e86af4ea2b009a1cc,6
bs_86a8ec3cf38fa6ce8d405890,4
bs_86a9c85aa95103b5c8dc89fc,0
bs_86af7b7a595b5e3861d634ca,2
bs_86be28d9c6cd6fbd85d096f9,2
bs_86bf124682ce02ffa19efdcb,2
bs_86cb0742402a408acc22e006,1
bs_86cc6db628dd554cc7a93c86,4
bs_86d04568c1625347e917651f,0
bs_86d8ce6e43ba30779b0a71c5,2
bs_86e1cf0d3a797d629281378e,1
bs_86e5394a3667c8b7b4177b41,4
bs_86eb2fdba69a32f75967929c,2
bs_86f4329802d2ae557ffbe2da,3
bs_86fe6d54558bf5f6d89b710f,7
bs_8702539469e0f75624568e5b,4
bs_8705dafc75469930b9dae7ec,1
bs_870fc4c23868046093d2af04,1
bs_87143494d13019f81bd5d5ea,6
bs_871ba1876afa929856963a23,7
bs_8725077340008d5002527868,6
bs_8726d7f9dcfb513dda02431c,1
bs_87291d2b26ab726e091f4c62,4
bs_87296d8b24aa191b47622ed0,5
bs_872971c9912f7fbb2f05b236,5
bs_87372d88ffaca7b0f5242218,7
bs_873752f4397c10c469fa1d51,1
bs_87375ae69366b30a3463c32b,6
bs_874b8fb24a4d7b622f6d108c,0
bs_874e08acb269065ff4be4c8c,5
bs_8757fbba334700b9102b526d,5
bs_875b632f4d63002891406b11,3
bs_875f19edfcb3237656ec0971,2
bs_8765f6a69d58c4247696d7d6,5
bs_8766bbe5711092336112cb23,6
bs_8771d287c7d8038d56b8e272,5
bs_87783c5430bfc551fd2c34c0,3
bs_8778972c5fbab29f8243df83,7
bs_87799b4989f232e6a08d0e98,5
bs_8780160945adfb039b6f4700,1
bs_878250015ed425dcbea8e713,7
bs_878fdb498cf9beca277d057e,0
bs_87962efa4e6789554957c5f3,5
bs_8796fbca1b788909845f52e8,0
bs_879a3ea524d0684daf3f3702,7
bs_879f96370e3dbf02e8f4f5f9,3
bs_87a636a1b24cc3cc9892576c,2
bs_87ad22fc5d1477a81ecabb02,3
bs_87b2232bd3b4101bb6be7c57,2
bs_87b3e178bffe13e891d8fd0e,3
bs_87b4077af696ff9180a69774,0
bs_87bd1f19ee91edcf753d8e7e,2
bs_87beaa150d8e941784db437d,1
bs_87c5ec3fd179a9a94af3d2b8,3
bs_87cbbb45c1348d84719d2f8e,0
bs_87ce6059915713a4470515c2,7
bs_87dab7e79a156e345c76869e,3
bs_87db72bd3193b9b6500a667b,5
bs_87de5965e18e945f952f7308,1
bs_87e8e08b35df151e983903e3,1
bs_87f17480509a72234043452a,2
bs_87f89410b674a220498e3e81,6
bs_87fa87ad699e65cec20adea4,6
bs_880d27146a1149e8c215c710,3
bs_88101a7bc0dc3fcf2dc8d636,7
bs_88137ae5cb90c1595a625bfd,3
bs_881fe4347f6333606988bc83,7
bs_88244e42b9194b39921e269f,1
bs_8825386aebacfe7418fac268,0
bs_8826a0b320845e030afd6264,5
bs_882d9667093efa792cb1f6e7,7
bs_883a2c53ea2655cb91f2e1d6,1
bs_883dfed841a1ee19dea60dc1,4
bs_8847c24fd3cb5017297497f0,4
bs_884a61bafc7dbfcaeca069fe,5
bs_8855e433786464619268c0b7,5
bs_885693ac2e832dcd0e348710,4
bs_885a2c4d4b2444fc612996b9,7
bs_885cbca8f70875fb02ccd4d1,1
bs_885f8486d00201a125e9e56b,3
bs_8863217299a868a968f8615b,0
bs_8864f48283b7c7d77a2ed6b6,0
bs_8874ce70c44b6484012b9ca2,7
bs_88789b198eef01c9f338beb8,2
bs_887f14e81d3282f9c046d99d,1
bs_8887a4066f863ee32d99d471,0
bs_888a8e1d6a74137d0a89302a,4
bs_888ae3c50f3eca09c3f1368e,2
bs_88925fbedf5d1f388b344090,3
bs_8894bcdf30c4b6f69993cbfb,7
bs_88977dc502d36823dc05d547,7
bs_88a4fa3bd09af781dac82d53,1
bs_88a51adeff69a030bba7d686,5
bs_88ac74978578385f7ec83165,3
bs_88b217d7428b26637ec76b89,6
bs_88b9477920706a67a254d405,5
bs_88d03d0ddeabb889ec3916db,0
bs_88d15129bea1c5beb4bdcd6e,6
bs_88d6f7b6354a858fb28b84fe,1
bs_88df760fc51805df2d7f3bfe,3
bs_88e2bff1b6551c7095dfa666,5
bs_88ef7a4ce4710fc5b8fe14b2,6
bs_88efe8cf3110ef84fb629659,7
bs_88f260c6b76e08c8fa658b5f,1
bs_88f844a9f22370e0bd7929e8,3
bs_88f9c23bdf83d9bb12f17e96,5
bs_8900c94ff34deb6ff4012f95,0
bs_8903fdb9e7a12a7c54327373,3
bs_890d7e64b11d0d5e00cfa5ce,1
bs_890ec9adc15c2a4b5e3e61f0,1
bs_89113765dfe4d3b7d4992ba5,3
bs_8923a8d7d591c10c9a0a8cc7,4
bs_892411fdc139574e80653c5f,2
bs_892666858fe644135f331ee5,2
bs_89295d66bd6a0a0eb6bd20a2,4
bs_892a814b82bf49611d312c95,3
bs_892f1f7c760825b1cd7f6005,5
bs_893a607e3bfa5ae47c899ef2,4
bs_893e751802da46617433a6bd,5
bs_894d593338e26fdd84f6f0d6,2
bs_894ff233662432490e5cd28b,2
bs_89521cd89395522c85130dea,6
bs_895bcd046a41d24943e01278,2
bs_895c8d842458c235564c86dc,2
bs_896096b5b7ea5b2ae4c7ff3f,6
bs_89609d1dfa6c267b06cd0a97,5
bs_89689f434d2be4ebeb4982da,5
bs_8968ac6eb5f045b36403698b,5
bs_896f803d7cfa2a7e05d52bf7,4
bs_897a1f19df7f86c62f682fe3,3
bs_897ee343b3a79bb961407287,7
bs_8989e9ac6da77f457bf19a21,2
bs_898b3370edae061435e7dcdc,4
bs_898e71c73108bd4c23538b45,3
bs_899117c17c4516878fe2a3f0,2
bs_8995f691977baf284e724066,6
bs_89975deb6d4a317f9a142524,7
bs_899833b3807d0db2618d912d,5
bs_899b74a9a6aa2b3a473127ca,5
bs_899f82a51eb6e73882160503,6
bs_89a0dc3c844062d1d7909e13,0
bs_89a399238c43d30a1d964f37,7
bs_89c58cb26100d0ad12d8a653,6
bs_89c5a53309ee5bc6f26d2aeb,7
bs_89cbe73380ae99bfac445181,3
bs_89d09414ab4ccade8ab36538,0
bs_89d70f82631289a71eafa348,3
bs_89da8d6a53fe4fb2a2edc244,2
bs_89da9876a4a45e85a283a2f1,3
bs_89e6a26dcb2e0db990e452a3,7
bs_89ead33d819b635a4233ba19,1
bs_89f09adcdbbf3a275dc0636f,0
bs_89f49fcfabaeec598acb1070,7
bs_8a0459b5006d2df8b62fcbe1,2
bs_8a09d5654237acd1f4a3220f,6
bs_8a10cb7542952a699721f4c9,2
bs_8a12d05e39c654cf5245a9cf,1
bs_8a2409c23e2110dccd173bf8,3
bs_8a29a24a3fb16e97e9d308dd,3
bs_8a36373fecea8a4d7316130f,5
bs_8a3b0cceb841973dd42ef945,3
bs_8a474717a62e7b62aa6eddd7,6
bs_8a60445b8ae00d9fdcf63954,7
bs_8a7c370f9140505d690c96c2,7
bs_8a94db972d6624c240334128,0
bs_8a9580de45f48851998b4dd4,3
bs_8aa22d66ea1caf7c133d29ff,0
bs_8aa4b6615299193cf1cdeb46,4
bs_8aaaa8472f138c610c9b9718,3
bs_8aab685db4fcac3f0a38ee37,5
bs_8aba31f59d85923cc393b19a,1
bs_8ac1ac9a26ae1355e68609da,4
bs_8ae0383186f07edd3500405c,3
bs_8ae123547089bdf506b69da6,5
bs_8ae621ca1afab0a42636620d,5
bs_8aee67296491f94af414eabf,2
bs_8af088d59938da57abf238ca,3
bs_8af5f1241a2d939730da350a,5
bs_8af90428c4ccd139977923ca,3
bs_8afb060707c0c3c91d959f31,7
bs_8afdbe2c24e6d1bfd035ccfb,3
bs_8b0130dece429b78900a398a,2
bs_8b0afb6153a2ae149ad5d9da,3
bs_8b0e703cc2eebe9e06a51ba3,2
bs_8b0eb561bc1eed725f1be65e,7
bs_8b113b67cee5deab95bf9c6d,3
bs_8b16b17d2cd28df44179975c,2
bs_8b22ee3ce9429310a5a50cd7,1
bs_8b2b4d984c3b0c2a331f6c13,0
bs_8b35f2a0e5db908cc37f75d7,4
bs_8b3a180f7d229a685a61de61,4
bs_8b3acfed346734dc8e338d39,6
bs_8b3aeefe8d4c33e3e308a7d9,4
bs_8b3c221e445b0aaa10a626cc,6
bs_8b3dc50ca5a2c335ed8476a1,5
bs_8b3eb1bfd343021d11e6ab32,7
bs_8b3f9d3ff1f0f9a6ba16b81e,3
bs_8b400dffe5ca3b2dec176299,4
bs_8b48a52b3fe97d98a0004f7f,0
bs_8b4d63d96462bc4e63f8fc77,3
bs_8b5ea64e9a62a55622951fe0,6
bs_8b5fff83e20907709708963a,0
bs_8b6938367c8c3b45f68ea398,5
bs_8b713618ac58d01ecc735d14,0
bs_8b716d55d5f7b881e518fbef,5
bs_8b7a11136d18b79b17eccabd,1
bs_8b7dbe028e55ccd6fcbba92b,2
bs_8b89c27a1b37d79999fff1ee,5
bs_8b9103c23be4b3bbbc2026b0,1
bs_8b91923ee7d86d3b76f6c845,3
bs_8b9c3804c2fa4b2e116f81bf,2
bs_8ba5f9b754c562a7bb7eecce,1
bs_8ba968a1fecf15c5a8b94917,1
bs_8badc71411505359547f3f98,5
bs_8bae2e19fcb296c0f2b161a6,0
bs_8bc0448f30d476a2aa76d01a,1
bs_8bc0f6d244798121202b5a33,3
bs_8bcc4ef7282479332cd326de,5
bs_8bce2870f4c583a919037aa2,5
bs_8bd2482144e208bedec3bf61,0
bs_8bd6a663e685f4dccce05e26,2
bs_8bdaeea28ee739866564c40c,1
bs_8be396c76b3530d9a843f900,0
bs_8bf58fecd434dcd3a233fa57,6
bs_8bf7e9e4fbe53c2b553e3952,0
bs_8bfe537fe05c6da6d151071b,3
bs_8c00cb09ab19bee53c6ec6ff,5
bs_8c063cdac7959926d00048e7,7
bs_8c0e0b2fe0ac5a5069794124,2
bs_8c22ea5775b314f1042b38bc,1
bs_8c230d1e7c1336a6eca07ccd,0
bs_8c2a570c82d2c50559ff67e1,2
bs_8c2cea2973f2a0b62a879b73,0
bs_8c31237855b051c3406aef41,1
bs_8c3c6afc3abc828926cbc90f,0
bs_8c3d37d4aafa87f87cf82c4e,6
bs_8c475a64eb3d8ba59734f379,3
bs_8c4aaa6e3c7fcaa476f6a79d,1
bs_8c5075fdcb4d2425cd1d9093,7
bs_8c5c72565261963e3f559216,0
bs_8c7798e8355a5468dd45963e,7
bs_8c7cba325a1dde421fe2579f,1
bs_8c87fedc8c7fb68283bc85ce,5
bs_8c8a644121f14d82df1c84c0,7
bs_8c8b448eadd8f589e0332939,4
bs_8c8ff4068486a16bd7e03e2e,3
bs_8c91323c70501a5f99291223,2
bs_8c9350f51980c5da6b5919cc,3
bs_8ca34a7eb69c0ecc30030893,3
bs_8ca5db586dc65b2ab15e85af,7
bs_8ca6840807c10898ef5103b8,7
bs_8cb69bdc2d4055b34ebc5165,5
bs_8cb6bc941a15c7f81a296542,6
bs_8ccc99a46f6803268cf71e19,4
bs_8ccfce6cb2497af7bd7b3f6d,4
bs_8cd3ee510c493c72e2e9b9c9,4
bs_8cd8777f0ebd13b5bb7384fd,2
bs_8cdc05abb69c520ed9381ed2,5
bs_8cde43bcf1ade37ff3264f97,3
bs_8cf0a724a96c8496bb704c2f,3
bs_8cfd08bd78ca25024c7a5ac7,6
bs_8d135272244c31bb83600686,5
bs_8d23837181ffd7656f575edf,0
bs_8d2f57b71a350a093a3e6e71,1
bs_8d2f83940f0c2cd962011d52,1
bs_8d340fca1be1c4641ca1cfb7,4
bs_8d449efb2f466b4d7508098d,4
bs_8d4afcf32d64a46f5084a30f,7
bs_8d51173d42782bce2ab61462,4
bs_8d52235abe3903ef451ba346,6
bs_8d52291238fcf366a2adac80,1
bs_8d532248808346f60d20ed20,4
bs_8d58ed01689c7631a9335b1e,4
bs_8d58ee0792cee0b500914576,6
bs_8d61fbff012606fa56d128c5,6
bs_8d64f565cef1048395159b16,5
bs_8d680aea0bd93ee256009bfd,0
bs_8d68d79eff7491af7f5617a5,4
bs_8d6a74197a4ce669f17fa47c,6
bs_8d6ae686e0b3638438147b77,4
bs_8d6faa75d2b7aa9ad59c056a,2
bs_8d73e423199f1f3543507f7f,4
bs_8d81a08a4dfb333ce621427c,0
bs_8d884e2e3c32070eef49f73d,4
bs_8d906ed7490a8948ecabfa02,7
bs_8d96b81def812707e412b4e9,4
bs_8dae71aeb98838a77cf8d26c,3
bs_8dc6a285cd90163977e71032,3
bs_8dce4559f4974bbefb050501,7
bs_8dd1af15d21408cd298e8315,1
bs_8dd1d8115fd614c841cc16aa,3
bs_8dd5b096837f0bd96887f637,7
bs_8dd69437f6f3737b84e5d067,3
bs_8de53fbf48cde7fc4110a410,5
bs_8de7777994a0b25553a2a33f,5
bs_8de850bf8e699adf2dee9c27,7
bs_8de91dd26a9fae8153a5762e,3
bs_8debae8a17246501f707f0ce,7
bs_8df19591be4c37cb2fcd36f2,0
bs_8df30fdf35e4986aa327dd7a,4
bs_8df8d5ca33887a428b67bdbd,4
bs_8e00d0333015e02c6620bdea,4
bs_8e042217a61fd447d7b6ec60,4
bs_8e061308658871e8b5b96b79,1
bs_8e117a56cec2d9e41aa6cb38,1
bs_8e1b531c68aebf88931dc12c,2
bs_8e1dc0d2bf1794420cc68078,5
bs_8e20b8d92aa3a038c16e0612,7
bs_8e22d642c4870de1567c9277,6
bs_8e241d1414b59b0f5610eb03,6
bs_8e2570686b3bad4d8174ea10,1
bs_8e324f4fd58926e5bd72e716,2
bs_8e370af5519b2a4560727ec3,6
bs_8e370e75fccbc6b386135cea,4
bs_8e38f7cf28d72264c91567ec,3
bs_8e3fc7a91b019447bbd87bb3,4
bs_8e3fdebde8cb3d4aa1ed3fba,3
bs_8e48a9c4cced2ab5efb66f7c,0
bs_8e4f5847590ddfa40480145f,7
bs_8e552c23007dacbac8127b91,3
bs_8e55797a6493273482c933f9,7
bs_8e5ea09cd21f07dee2d3617d,3
bs_8e6539367772a8772af7baba,6
bs_8e658a09948a8080b5bb9686,0
bs_8e66781048929204fcbeff4d,2
bs_8e67562a2926a96df27fbb02,2
bs_8e6fbeeea9f7227acd31eb50,3
bs_8e7446ed2bf532547c5383c4,3
bs_8e7716a96e07e57b85098293,0
bs_8e7998688dd934da13ece949,1
bs_8e7af7b53d35ac4476f8fea6,3
bs_8e8bd8d2be24e3a7bafbebd3,1
bs_8e8df63e92adb50d644876d4,5
bs_8e8efe5add816d5276f8ddf0,7
bs_8e985154a93bf681402b6e07,1
bs_8e9e9695087ff0f1a17b442b,3
bs_8eafed9b6c38c302ea2c3b0f,1
bs_8eb0f2fa86d89b2c5687a5af,6
bs_8eb48fa8ac25efd4044686cc,7
bs_8eb9db9d3899a32acb39296e,7
bs_8ebba1e8da7c77978c045d41,6
bs_8ec6c9691da3d3690e64a90a,3
bs_8ec77395ed17c3f3110a2275,4
bs_8ec91ed772bdf669f1212075,0
bs_8eda50d669468038f07611ef,1
bs_8eda8e5fe0cfaefdb14e0138,3
bs_8edf972ac9d227d5934e7001,6
bs_8ee336fca8500e3d628a5e09,6
bs_8ee81f3b730172c6bf6912cd,0
bs_8eed95d316ae656e3a73255e,4
bs_8ef48488ee1324714bc556ec,0
bs_8efa9d7859adc91e66ed1d40,0
bs_8f01079feb2daaba5e4d5027,3
bs_8f0a7246342558216e1166cb,2
bs_8f0b525a0a0c9f79647043d8,2
bs_8f0ba6e320ff0fa0a2a10bf0,4
bs_8f0d4fecf6da867cc77ee70b,3
bs_8f0f5706ad638023404d52bd,6
bs_8f0f5fc1ee2ffcd5b5a4067c,6
bs_8f1617d79bcc94656caf5b9e,5
bs_8f344a08fb929ee8fc8dfdbd,2
bs_8f36a14ed5d24ab4573d87c7,5
bs_8f398dd295d1b12bf4ffeee5,3
bs_8f4295b4af2a933be0fe76aa,5
bs_8f52e2dfa56d1712268d9d27,2
bs_8f5ec6c0f4c8a4776d237d2a,4
bs_8f71bbcc1fa3e86a6707124f,0
bs_8f7d192cefbaa7b65b7854da,1
bs_8f9846d23088fca282f7aafc,3
bs_8f9eea37ec8f12507a75f08d,2
bs_8fa3ce3b7cb561ac9c51afb7,0
bs_8fa9a28e4295c32f6aa304a4,5
bs_8fb7f8ee2a8a9bc9c3e4a205,5
bs_8fbb27cee97e12fcde1ac8fb,1
bs_8fc221e7394a83d1f8e1a4c4,5
bs_8fc751d003ff0621d737f2e3,5
bs_8fd953a2f5e1f4e2fcabee2c,5
bs_8fdc4a1f8e14df54da621d03,1
bs_8fe50ad95abcf99be6417c48,0
bs_8fe90888d3279bdf8a8ae0d7,3
bs_8fedd222fe85a17309066443,2
bs_8ff043fad724198d3e89aec2,5
bs_8ff1638fea6f71a6fabbe25d,0
bs_8ff4b947a42738f32bf0dfcd,5
bs_8ff52a22f02001eb4fc59be2,2
bs_8ff9b682d04991cefc2ab59d,6
bs_9005f6f18d800c4428f11def,7
bs_900bf17147bef3c11b77757b,3
bs_9010124b6c01439b2339f06d,3
bs_901129942e18aa48d88fe61b,2
bs_901c9a7ff84a43e7b7a8101a,1
bs_90201dc229ca58003079d9e4,2
bs_902082d5987c3229e278acf2,5
bs_9025481f87619ede99e67a54,4
bs_9025eea895a5e51e880a4dbb,7
bs_9029779b91e050deea4e52c5,0
bs_9032969fe0bd61cd363f423b,3
bs_9033c932b9a313c28d5bfcf5,6
bs_903cfb9d5c667fcd1693ae80,0
bs_90415d95b796c592f3d6ce9c,3
bs_904b2b88fabfb07139c0e353,3
bs_904c3056d6ecfe3c4db8c0d5,0
bs_904db3fbd21ce30a8df63ac8,5
bs_9052695de20717e45b0f0ae2,3
bs_90555da075b921b507a9a91d,7
bs_905b56ee1672dca49bf7249e,2
bs_905bdec46b3c09d42dd14f06,6
bs_905d2aca6642d79c88b55f25,1
bs_90619d81f6fc4e7f37162890,2
bs_906a31eaacf6072c2c5557ac,6
bs_906a35c10dd27493243c2c96,3
bs_906f486874370c0a83c37d61,0
bs_90711b11756c57d3cc945747,5
bs_9071f6d2a46ec4dd4b5f7f7d,2
bs_90789927cde48b84a2ec27ae,4
bs_9085ca12ad0d4041adacf1d1,3
bs_9087c92f33a267bea3591144,1
bs_9095309cd6b6dcfae50a834a,1
bs_90991ef942c2e9e3f9c5ff42,0
bs_909dfd368aa9684c42b151f1,5
bs_90ad498d90c678f094786dad,6
bs_90b326b272bb6eaba7f68b6e,0
bs_90b8073394e0d61f731b75dd,6
bs_90ba233b7c959da3329e92a9,6
bs_90bbbb3300bcb83d8a667c48,5
bs_90bbddac24f48715e38cd26b,1
bs_90bd6775b7fe2ccd730647e7,4
bs_90c0e2cbd11cda083701e124,3
bs_90c8700542b1e3ea574ae52e,2
bs_90ce2eef67de4e69b442eb5b,2
bs_90d40e5d1424908ba04b5eb9,4
bs_90e2ed3277ebbc2d8d03c742,1
bs_90e52f72a494ee3fd01fac46,0
bs_90e9466f488c4def123add08,4
bs_90f1718eac7099fe87d1e7c8,5
bs_90f4ba0d5d785bed74ff0a66,0
bs_90f7dfcc3ea890d43107cc45,3
bs_90f8b5d868afbb61a5c017d1,4
bs_9104e2586044612c748cce48,4
bs_9105224c71a9fb443941460c,6
bs_9108beedd690050bf25ee4dd,6
bs_9113be0484549deebcd32068,5
bs_91140a0270b8f40066c98d63,6
bs_911e6d46ccf948e34de8bdad,6
bs_9129b24b37147cd14a7e77bf,5
bs_91305dabc24ca539b83d9fd0,5
bs_913104a75e45b39434fd06bd,0
bs_913133b2023d210dcd552003,4
bs_913bb5363a7d75ff12e3f091,3
bs_91403ee15a61a095f9526a8e,5
bs_91452e0b6cd41ccbf36b58dd,1
bs_9147de3164a3210e9e5dce56,2
bs_914999466cdb11a6240e71dc,1
bs_914d173c7553fad20333a310,0
bs_914d79bb08a1c3fec712eac2,2
bs_91525a3567fc4ab9d9ee2d90,5
bs_915537383ce38f2c18cda519,7
bs_915857d1b69b74f85c491f49,4
bs_9158cccee864c55a31503c71,1
bs_915e57faceb92a305f114980,4
bs_916849493020129ecd599ed1,0
bs_916aefc83fc455f09204730d,2
bs_916e2c7f9c04a54275ddd465,3
bs_916f331c66ea4d6852187786,3
bs_917496eefa9f9f952e0aee28,5
bs_917e2e2ac393b38b05b153ec,5
bs_918144110815bf3a533d9f47,0
bs_91956236f629bd716960d994,0
bs_91abea9c9b71baa85a13289c,5
bs_91acf808ee86fc9d1d0b7469,2
bs_91ad8fdfae9df77a6ee7c282,3
bs_91afc514d33dfdb1c79546d3,4
bs_91b13f7d772c1bedd4e97a9b,2
bs_91bd1d98c46f7ec077204db4,4
bs_91bec6db547f7819537dc18b,0
bs_91c71e1e21cf6c015981597d,3
bs_91c75dfc6602ecb1e1c99636,1
bs_91c93238efc432ba566d444d,4
bs_91c975d91ec0eae12557d2c6,1
bs_91dd25c93cf96fa239b670e8,0
bs_91e3bfb8ebc87f7c16f899be,4
bs_91ee4861ea62fd6898695d8b,2
bs_91f3c2a03b5c8208bb09da65,7
bs_92029a169ba2c596b265eb66,6
bs_9202b7661e1b179ddd3baf48,1
bs_920a4d64e384a40cf1b487ec,7
bs_920bf779d9660d3786d58502,6
bs_920d4212b1a312bbd1221c42,3
bs_921a6637b5296265f0a1c6ea,7
bs_921eaa231825a76b2c8b6e4a,1
bs_9225dd8b33748582b183e635,2
bs_922cb60e66dac476ecb24a54,2
bs_922fed23e4fe5f66d6d697e1,6
bs_9231a03a98c9f83ef462f850,6
bs_923edf3682645ed3a2e10540,2
bs_92412d4fdb8566c9bc3dcaca,6
bs_924637c8b47d49f229ff087e,1
bs_92470de94006f08c12866548,5
bs_924869f04f98cbc60e7c8507,3
bs_924def5fd57d6023ae994219,5
bs_924f40e44f16ca6c455be45d,0
bs_926d5301c5fc5130ecbe476c,7
bs_927246c31f30385e34a8cd25,0
bs_92744496e6a53980d2980e23,6
bs_927c0d38a38299169583ff64,7
bs_927ebd7d72efb1982089a363,3
bs_928c06ab3ec522ff49af1487,0
bs_92968597a935bbfbbee25ff0,6
bs_929bb1479b5acfc0774e4729,6
bs_92a9420be6ac83676336e374,6
bs_92a95a0847aa6aa6abeafcde,4
bs_92ac92ea830bfc1504c3d862,1
bs_92ba588cce0ef35115519cd9,3
bs_92c0cdd1631f113d9a5e4ddd,0
bs_92c6cd1b64902d6d3e98e0a6,3
bs_92d6616a4a64104b441752b8,1
bs_92dd210b762ee82269795d2d,2
bs_92e118fca9668c53a152503b,2
bs_92e1b0527f62b4af70697480,6
bs_92e2100fef5edfe20dfe5b6f,1
bs_92e4622747af7d4aaff37ceb,5
bs_92e52e65a35f762f5a3844cc,1
bs_92e6b6c0ccdbc82c3235607a,3
bs_92f9f8434f03075420b8c47f,4
bs_92faf6f865c1838344a84153,2
bs_92fc8f1c1c5ee257e99390ed,3
bs_930c3e1c8904234affdc723e,6
bs_9313e31efe3f10816e8d9667,2
bs_931e8eee73022c2fc90987b0,3
bs_9327d457a869203ff2254329,3
bs_933d427626d40653cb801951,6
bs_934026f6366f0dc7f405df0b,7
bs_934dedb637af2051162e6e63,3
bs_934e3cf583db48af0f120521,2
bs_934fab36f280bc724af54240,2
bs_9351c10c9e2a3f42ab04da5d,3
bs_9356e6d6bf1002062578f6bc,5
bs_935979d8f60a2b26d6d16988,7
bs_935b6a69c756519ea086cc42,4
bs_93618a5e4e1d7b06e73c360f,7
bs_9365529ee6747f306d7bc79a,3
bs_936c5c0e5b0575d214f48982,1
bs_9372286592fa433e019d9969,5
bs_9375d67378dcced8af9b7d17,0
bs_93782096288c15e094c0084a,3
bs_937da7186c8ac8cff730a6d7,2
bs_937f08d69830e858f63522f9,0
bs_93818ea890da34462a5d8c25,4
bs_9381bc2f92676218ece1daed,2
bs_9389ce995014c0335a24dd31,4
bs_939cdcf82fdc32f4f330d2cf,1
bs_939d18b9fe4629f04654e255,1
bs_939fba6d2aafa777fe4c74cf,7
bs_93a671d4b9d1d2f638d0da6c,5
bs_93a7d1ed7583d8431da9954e,0
bs_93aa45206739fcf8cbe30228,4
bs_93b0500f0297b10e1a612b67,4
bs_93bb62b7d3d3d200acbf820c,5
bs_93be3ccbf1f7b33c80a5faba,0
bs_93be4c4a39ce29efc4d118d2,0
bs_93c5414c33dbb5d3b463028e,3
bs_93cf4cedbce43362d7b6a729,2
bs_93d6297bb0f66466e015777a,5
bs_93ea3c8a738c3ab8a763c24a,0
bs_93f139d6204e448cbdac56ee,6
bs_93f1a9580612c81c043c7a12,5
bs_93f4a0675879632e59d9474e,5
bs_93fcdf670fa5b5253c3d3748,7
bs_94027527b54f9ca7d3992c4c,0
bs_940e7d42edf51a6405630421,4
bs_94148f0af768aaf79bd1a1fd,6
bs_941dd58edb9675279ee98a52,7
bs_9427ad30c4dd6c3d1952554b,2
bs_94297ef5b854e7826532a951,2
bs_94311afde8e9b67c1c1d7ff2,5
bs_943583d14bf172677470350e,6
bs_9435e03856298caa3a2587ba,3
bs_943c9240866adb5694f95d01,5
bs_943d5479499c5b6d14261a52,2
bs_9443f54260f330610a4cdae4,4
bs_9449ffb8a3aa28f623a42e69,3
bs_945aac9ed65d38385ab3d3e0,1
bs_945c6dfc522b40397db20cd2,3
bs_9470bf9f8f29fb0d0718b8b2,6
bs_947369810d5fb879a06565b1,0
bs_9478d91def6db14eeae9cc69,0
bs_947b6a993ef4177749bbf0dc,3
bs_947ea3baf0539e663f12a0ac,2
bs_94866be133e33d472ca6408e,1
bs_948cd6fdb428b1086c18c409,2
bs_94984ddb5644e7b6c60d4bf1,3
bs_9499a2f4b97c43a8870939f1,6
bs_949ed2bac836e088325d7b92,4
bs_949fc19441ff5856881de86a,2
bs_94a47693fd251576a9685947,3
bs_94a4bbbf9e67f4ec2491571c,2
bs_94a5303fdc608965d7f3a57d,2
bs_94b10b041a2c988955a07a7d,6
bs_94b53d158bebaf617409067b,4
bs_94c23f337722dd8d83a9b221,2
bs_94c8120da1314376ca9cd4da,4
bs_94c9a91efec167a9ae1feaf5,7
bs_94ca1209615a05f1f3f4e43c,5
bs_94ca247982638158dbe3544a,2
bs_94caa9c07abd1367678740f6,6
bs_94d605a22e99c0284b93ad4d,1
bs_94f082ff6dd8d58d44dd4315,0
bs_94f613646a2682868e987959,5
bs_94f9f51372bfb0a9d4876b4b,1
bs_9502d02fe948de114e1c0ca5,3
bs_9505fcec83694fcf239f061d,6
bs_950711ae4bc4487452a3f99b,6
bs_950b94a075532ccedb707183,5
bs_951c1c1945c6faa937de814e,4
bs_951fb0aaddfd1e1a5eb07424,2
bs_9520663691d42f476c9e39c1,0
bs_95263de026d07d6cf8cf8c61,1
bs_95282240e8681aa6c5fdc109,5
bs_952b762026f9ede9513f328c,1
bs_9534d4765b60176eda7d42a5,3
bs_9542ea384535114dcf24947f,2
bs_95433f5b87894414a6b97678,0
bs_9546dc0ce930ebfb6951c6f6,4
bs_954bd09dd8a5584feed807a2,2
bs_954c10c132c14953adbc0c8e,5
bs_954fb54f9a02949798a472d3,5
bs_95583effa29f1a255d97bddb,3
bs_9558838274e571cd3c3748b9,6
bs_955a77e82d6744c777b87f8d,6
bs_95603a931677b3eca6335d66,2
bs_9567da949ee45bdc624e0511,0
bs_956dabb069c9640e7bff1b5d,4
bs_956fb3d88102016a4cb0d83d,7
bs_9572799ce6bc77c3b009563e,1
bs_95740ec9720d670a48d27782,6
bs_957b72a71d2db90e72dc7710,1
bs_9582588269058caa46f95b6f,3
bs_9586bd3d19961e82fdee1487,3
bs_958744c7bfe68983edd921e9,7
bs_9599cdc5b725c3563b36a785,1
bs_95a1ba5caa72f943fbe0320e,7
bs_95a90c2ddd3d30d173d8e193,6
bs_95adc9132536c6c8958639c7,4
bs_95aeb07e6d5165c7ac39654b,4
bs_95b88d5f683dafe0feabebae,6
bs_95b9badb31956b7bc25fa472,7
bs_95cb45f5a217cbe6c1ea945e,7
bs_95cc500d44ef40e4da2ff366,2
bs_95ce6879dd10d006c16f36bb,6
bs_95d6ac80784aa6a6547e7550,5
bs_95df6cf2797541ea54863914,3
bs_95dfd9a7afe0841a09f31d3e,1
bs_95e297975a8d41e44b3eb9f1,4
bs_95e3356b063877412a35c75b,2
bs_96073843a13d799def02409c,1
bs_960e83d35465ec680196a5ce,0
bs_9612371053d798718f43b98b,6
bs_961303d7a3ed10abecee4766,4
bs_9614345c7fcd1665422e28cd,7
bs_9617c76ca9d04b76f2c09ea6,7
bs_962205fab4e515362ac1389c,2
bs_9622b1cd7ed67efcf18a6463,6
bs_962d65494a879cfcf2f054f6,0
bs_962ee8f94c636d48a67504c0,1
bs_962fa71cc124b5255f8761b6,5
bs_963da56c66ddf7118c66052c,6
bs_964262759db0bc0b176774ed,7
bs_964777de2e81918a9c1e6775,7
bs_9652d26274469af0f59afc30,2
bs_9654a529c1e246d73f3d7ee0,4
bs_96557d531495339a2fe9db9b,0
bs_965c02ce8abf536caf94bcd9,6
bs_965c98551ca61c22563f2107,5
bs_965cf083fa9888f987aa931e,3
bs_96648fab2906c4d1021e93c1,7
bs_9667a53a41932e6249b7ba98,4
bs_966d09e6d6ab96c6ee1ba86d,7
bs_966d5037847a00842b40a801,4
bs_9670c5b84688570db944b755,5
bs_967ea6b7b9b43649ad203b0a,6
bs_967f6eb471945f1b40b39afb,0
bs_96970c2c6acbb30289999a6f,6
bs_969e486ff9aa6bf98b17ff6f,0
bs_96a0998dd56179041fcfb70f,3
bs_96aac1c771918e93f231da19,6
bs_96af9e525ad579ca0f460431,4
bs_96b6e5df48a679b67c65ef05,5
bs_96b764776eef1ebd98b557d5,5
bs_96be6106e18954f4169fdf6a,6
bs_96c7cc5f7c686fad44a82d7d,5
bs_96c9678bc47635e702ab5cbd,4
bs_96c9d39e0131958874eb0249,7
bs_96cfed0c71c3a5ae45315aaf,1
bs_96d0f8a0ba9452ce5441be0b,0
bs_96d1d7ba85c2f0062a2af14e,0
bs_96d47861ebcacf8218393aa6,0
bs_96d9e120b49046d483255b70,5
bs_96e24b57be918f027c0e9b73,4
bs_96ead72cd7da9a697d86305f,1
bs_96f52548fc3ee05cafdac3d7,4
bs_96fb55ad0c644265f56aac96,7
bs_970140bf9d1d0873b28c8e70,3
bs_970624f452971f29f8fa9836,2
bs_9717ead2927a71c5f09badaa,3
bs_971b53197328325022a518fe,7
bs_972f333d6991a58797479479,5
bs_973fabe8889c0d29b05b4097,3
bs_9741e9a61a7b3dffe2c643a4,3
bs_974c6292af4c51b2a8a1913d,5
bs_974cc24a5b19026d52dd208c,7
bs_974fcdd928fcff2340078a5d,0
bs_9750dc75cd6c7f9bc2c80f9a,5
bs_9751d3f97f300d98582a5af8,5
bs_97618d807588bcb395665987,7
bs_9763abeb31f077f86156e685,1
bs_976462b64b077b0f5c50148f,5
bs_9769ec77659697d68f4ebb8c,2
bs_976bcddeae101cbc70596c5e,1
bs_976d5ccfeba42e87deeaec97,5
bs_9770f57932f1b8690ff65be6,5
bs_97710d71be5fb5a4888a2055,3
bs_97711766811051e94a29a9d2,6
bs_9778f0bc6c4a08cfda8c1194,7
bs_97854cd759443b4e6a31623e,0
bs_9786550ee1a079f2e52582bc,3
bs_978d2744dd7c04eac59f1887,3
bs_97a30917e6988ab6a36af1f7,1
bs_97a65717e9666fa03719c96a,2
bs_97a7e7e2605b0db1d5e6b506,3
bs_97b2a098b373ee0c0a162d7e,4
bs_97baf9db0fb3c0b03ac64755,4
bs_97bbe0385e6e766e70496db5,4
bs_97bdadacc8b6477c71e347ae,3
bs_97ccdd84b1bc5fcbef5a96ef,0
bs_97d2508839683069e92dbf08,5
bs_97d551188e3e0b49a53d3a2a,0
bs_97dd59c34634920048f10f46,0
bs_97e139bd9186fcf281a48ad9,7
bs_97e3923861ce8f37cad76323,4
bs_97e53b5eedefa22257318749,3
bs_97ea1ff53786c42a40c5117c,1
bs_97ecaee977ec862157c96182,0
bs_97f3b659b7e949f7cfd97905,5
bs_97fece7e98cd68d989433c64,3
bs_9801cf20e12601daffcd9edd,1
bs_98041094bd14f7f9ba294694,1
bs_981d94c218f64a6ddb8f2f02,4
bs_98203907b630a8027d78fea6,4
bs_98219e8b7d946cf915bd6b64,6
bs_982b49a4bced73cf661b41e8,7
bs_98374d039617f653ee3f4012,3
bs_983aa838fd295801d52b1be3,6
bs_9841021c119f664f1aa6ca08,7
bs_9848ffc2bc82909f2e17b250,5
bs_984dcf07b65a25b237086a74,7
bs_985cd22bb6e3345f5c2a70b7,3
bs_985f993797cf0c0d5414b309,7
bs_9862f7f5177df4669687990e,5
bs_9866dd943ec8b05b122934f9,7
bs_9867caa114f8f510ea06dd66,1
bs_986a68c8057e6dc2884cce3d,3
bs_986b7d73d7393150c42c73c5,5
bs_986d5fd450d3be641f91b143,2
bs_9871d07c756e8a72b7b76600,5
bs_98750de737fd7360ae673350,2
bs_987538bddc5c9ba7d27b6b31,5
bs_98888e0a38da686831c9d53f,3
bs_988d44eed484be91469b939b,0
bs_989473eb6aed935cd71a0ab5,5
bs_989eb80e7259b86188e0c058,4
bs_98a53c688f41750ae34f1f29,2
bs_98a5a50551fb7017753a1c23,1
bs_98a96385493266f2884c68bd,7
bs_98ba9b4e5b6575c2c85efbfe,4
bs_98c9525d8d615a2751db755b,5
bs_98cffa9d32f1b93d45066eb5,2
bs_98d33b6ae3d2546578578749,1
bs_98d38347956558b9e9062732,7
bs_98d8421d28b8e57e0697ca9d,6
bs_98daeb4eca27d68d2aefbf5f,0
bs_98e0c61ffc4db19d30e694ac,2
bs_98e1977ce117d3924568905a,4
bs_98f7747b3e2b9fef7c46c52f,7
bs_98fa96da831c5c9a4ea4a8d3,7
bs_99033d482682403fe7b48b7d,0
bs_991025b0feb3623b5f93251f,4
bs_9915e17e3fde26241a7435e1,6
bs_99199e877a64802034b70ac0,6
bs_991cf4c206d68d9ea9b93680,0
bs_99296cdc550ea95cec92fd17,3
bs_992cbe84e6d4b19263422fee,7
bs_992ce762ad01ccd9ce7142f9,3
bs_992ea41c120b96ecb86b8174,3
bs_993c2d14a6cedc0a0641f5e6,7
bs_9940fc2e66d15bdad6e5a95e,3
bs_994205ee441b93fdef8648ec,5
bs_994704e5196fd9503942075f,4
bs_995badb637179c91f72efee3,5
bs_995c297e0fdcc6014f8d4b5a,1
bs_9968bc8b6300451f1c18f0d6,0
bs_996c164c224fc06ef2e81c63,7
bs_99784cae3bf2d059210ccc79,2
bs_997d3702525def3a01d6b66f,0
bs_997f1f933d1335ed6a391f3c,4
bs_9983d8650447d2ac2b56bd1d,1
bs_9990e611de8ff9fc0a8f4edb,2
bs_9990f18c886d384a011313c4,5
bs_99971bd575fdf3c2b623ed22,3
bs_999d2b876fbf2a09ec15e58a,3
bs_99b76748322063302ac17d8b,5
bs_99c486640adbad9a6f64bc3d,4
bs_99c9763650d95f5c887769a2,2
bs_99ce2bdcdf8dfd92da83c102,1
bs_99d16d198ae20b2105e7d791,2
bs_99d65ee027e2bfc84a1c358f,3
bs_99dcba908a481c671ed72b17,5
bs_99f130b4c8ce2227dca67e0d,1
bs_99fdfe206f463058af4b71e0,4
bs_9a0683c5a64727f0c7c9e831,5
bs_9a0f791627bf8f6cec1aff36,5
bs_9a1365d2918f5cccadf4b019,6
bs_9a1756dc7e58e119e0b8b475,0
bs_9a185d798aed84344cc162ea,0
bs_9a220d0fa176d866cce0e3e7,1
bs_9a253e4c2db1e645b72606fd,2
bs_9a2c95edfa585daff561835d,6
bs_9a3a914ebcb0fb88797dd6e0,0
bs_9a40541d51815701a7ccddca,7
bs_9a4840a93571ac0faa28f05e,0
bs_9a4ee3490e7e2cf8c089e145,5
bs_9a55191e5a347d48e0827b64,3
bs_9a5c2f08d8c5e82fa2511f2d,7
bs_9a5f02beffa6f92ed513fad1,4
bs_9a60bc2a086359c551098b8a,0
bs_9a6a9578ef472c0b906966d7,7
bs_9a7dfba4b30c05a6be28027a,0
bs_9a8102576e010196ad73c32b,2
bs_9a85bc4c07a83a675a516be0,5
bs_9a8dfc4aaf432269baad5b20,5
bs_9aa75b8bcdd9e2fd87a25267,2
bs_9aa88220295f8cc8b8677e7a,5
bs_9aab50f00486eb528e14b9bb,0
bs_9aad0d5585df68c05a61cbc9,0
bs_9aade0835a44f1816b1e2663,3
bs_9ab2a4a5cfb4b4947d067aa5,7
bs_9ab451cda6a8922a51d3590c,6
bs_9ab9d57d1b786408f58fe4d5,4
bs_9aba41c931836364c4b17ec0,1
bs_9abd1f99c3d902995d29fe8c,3
bs_9abeb7613780bf592b446f4c,6
bs_9abf62d70f4343426f942a6b,2
bs_9ad23fd94474b4f874cb6109,1
bs_9ae36e5a4193e92459ce6ab2,7
bs_9ae5758e422a3d73bbaa845c,2
bs_9ae7e5733e2a59c54525b798,3
bs_9aee694d9785e0efccf3131a,6
bs_9afa4191980cf3d9738a99a7,1
bs_9afa8cc886a072c3bf0b3a95,6
bs_9afe27ceb6a70f2d9626eebb,5
bs_9aff3bf8513a90cd6917fb46,2
bs_9b0863ef1deaac2a9032f30f,3
bs_9b107a09bcb49f8c48e5f010,0
bs_9b123807b0e7ded9393de9de,7
bs_9b18913e26990beb2e989f27,3
bs_9b1c4af8d09ed5a3d86622f0,7
bs_9b1f4dc3e39b1a29d6d1d835,5
bs_9b23405ed762cc4deb3fd606,6
bs_9b23b09217ab1f5e786ea582,0
bs_9b326e15146a6381aa7776bd,2
bs_9b345d8ea947488fcaee49db,5
bs_9b3612a5739fcca4c86e268c,3
bs_9b3deddeb6bbe30f048a6ca8,0
bs_9b3f90a18e3bafe709d9fa2c,5
bs_9b46c5c2d17e9f7cf2c82079,5
bs_9b4d18c8ea700e4cb5d3fa00,2
bs_9b5de0c74057cd408911905a,4
bs_9b5f40e96fb71c9100c14570,2
bs_9b6c346893679872639c169e,1
bs_9b6ced6406cc9d02da56bea8,4
bs_9b7a43c84f6765b4903b5518,7
bs_9b7fda168f89808d1cf65c51,2
bs_9b837f339c516005ff84c530,5
bs_9b854ae2e2bb336aa9053a47,6
bs_9b94d3cb31e685615efc4c85,5
bs_9b986a7a9eb7506511e9e026,5
bs_9b9c3d308eff5ff1fcacd355,5
bs_9b9f667e38d7e106c7716c8c,0
bs_9ba14b347aa496614270afd2,3
bs_9ba311ec9fa61c72b4794bf8,0
bs_9ba32d04fea2760a37710e52,3
bs_9bb8336c7ad9a9435e3695b0,0
bs_9bc200a117ba49050081947a,5
bs_9bc469896c8e338c47eb129d,4
bs_9bcee08f5212d6eb760e318d,5
bs_9bd2c461040e7290f6d7308c,3
bs_9bd3ad7832b026e4dbdde95a,6
bs_9bd5016ad797ce0b017d7961,4
bs_9bd9f494270790705c563bd2,4
bs_9bddbede3c5307cf81c67cb1,4
bs_9beb5353eecd30aa4e0953f0,0
bs_9bf03a9cb1e5235404a6832a,3
bs_9bf069c49d1092e40bc239b1,5
bs_9bf0c5ede25abdc7e38b0619,5
bs_9bf8edaca3cdad81043e34d3,5
bs_9c0288a4fc1ac0041ba252a8,3
bs_9c041031c3ac4e831923b269,4
bs_9c125d10fc8b77b0185c3643,0
bs_9c1688bbfeda44103eb9ea11,7
bs_9c16f0209ae4314b2fde2942,6
bs_9c1d90ca9b3a95063199adc3,1
bs_9c2358256d94c0f24ee5af76,3
bs_9c2c7cb5433a203edfc604be,3
bs_9c328c33ae4e4fbcec61d738,4
bs_9c3c01fd234308e8eea5cf88,4
bs_9c40d04f7499f1c87f4a4da5,6
bs_9c4534d75cc554d854f81b4b,5
bs_9c4a83e38cf11b1cf478d287,6
bs_9c4fccd7298a465115351809,5
bs_9c556d6a9a2cdc0f3ad93359,7
bs_9c5bef16f8a91ec27952229a,6
bs_9c62915a72e8161fe4806c0a,4
bs_9c62c0559bd0b878a1425ac8,1
bs_9c64fccf120cb7f7cb171604,6
bs_9c6d37317692a2b979abd78a,2
bs_9c6d3df9025658dcad4efced,2
bs_9c74d2ece005cf35fbc8c94a,0
bs_9c815a4e4e298cba5790c74c,4
bs_9c86efcceb16aa67ecd932e2,6
bs_9c8ec5c7c4e09b78428ea2b3,1
bs_9c989e68b89229b96f5bdbf6,0
bs_9ca3a0b22f97b28e3a55513f,3
bs_9ca51019b2b02b74fb92666f,1
bs_9ca76fa3b8ae5790d33ddd00,7
bs_9caf7ecd934e11f9297baf56,6
bs_9cb0585ef5658cfdd215bd6f,2
bs_9cb224c4eb99c3af8cb96f03,0
bs_9cb5ce958a41b9f7002895dd,4
bs_9cb682a8c508b5949cc87629,5
bs_9cba8f71bcbe2640d77bdabd,2
bs_9cc742efad52365bf5008203,4
bs_9ccd4277982cec1a18d97e1e,7
bs_9ccf54c14caa0a02e9d9e129,4
bs_9cdffc4835036685bf84056b,7
bs_9ce6332a795afb1a52adfd83,5
bs_9d0f0a46daccf3f0daf6ffd3,1
bs_9d1c2029bb3214a8a29d071c,1
bs_9d20f838fb5c593c65a87856,5
bs_9d2ba7582aab8818a958be1d,3
bs_9d2c056701e5581b495b52ec,1
bs_9d3988208fce9768b7951fc1,1
bs_9d3ee9a75da2801b38befd36,6
bs_9d40536c7e070707d60e1aaf,4
bs_9d5a800726b56d6d985a8a97,5
bs_9d5f476c3a8b95e853682b0d,1
bs_9d68ffd949b6ba499f972c69,3
bs_9d69fb5ffdd86250f83e5272,1
bs_9d6af2c79809c30381552171,4
bs_9d6db6062bc3c58a46ee7854,4
bs_9d75302a9d657d8970138a3a,3
bs_9d7dba980d45063f9187f9a8,5
bs_9d7fa59725adf21a27a01bfa,4
bs_9d809c935dd4274213bd3d40,5
bs_9d83f69b7fcf4514cd9f06fc,6
bs_9d83fb0031a92015018a1e0e,3
bs_9d99e268d68caca70ab5d3b1,0
bs_9d9c61b3586e7346ad6c5ba1,7
bs_9da6ca538c2ac6e095945b82,0
bs_9daa083bb04eb620e7f9eda8,4
bs_9daf3f30cd7859891d584029,6
bs_9dcda3f88275786b097e9c84,0
bs_9dceef216c6b3adef5fc8b62,7
bs_9dd26c1b9c8bc9cb27dad6ec,6
bs_9dd4abf76e2e8dd688328c08,6
bs_9dd9a756d550b71ef62d5d26,2
bs_9ddb92278b1f2da63a68d0e4,4
bs_9dde0ede21138efc14f178a0,4
bs_9de19b38ef581776547223bb,6
bs_9de296da7a1982e861590c67,5
bs_9de9e9ca5eb18b9be3b65ee0,2
bs_9dece3c0520c7fae60bbc670,4
bs_9df45ee798b67a3ddec2eaef,7
bs_9df49c0fb09c4e672f40832d,0
bs_9e221fc9ac117aafe4f31c10,6
bs_9e2c004886eba65a31504533,7
bs_9e3f1b29ce74d0edb6e6934b,7
bs_9e43f4993a411ad9f0291bcd,3
bs_9e52145d5321a31c91e90379,6
bs_9e55afbef1e9a88d27e04394,1
bs_9e5ab6089dd8ae06784517f7,5
bs_9e5f3d1d0a2ce99bb63cc077,3
bs_9e66be2f82cfd66edc0fab40,6
bs_9e6ca801dc57505bcd21c1e8,1
bs_9e79078896d069ba55dcc748,3
bs_9e80294825049464e51b75c3,2
bs_9e81848698ffeab9bbe3c246,0
bs_9e997cedfcfe60c912e23fa8,3
bs_9e9dda0aa129ed94aec5b987,2
bs_9ea0c90897a2408d16a27f99,6
bs_9ea277e6a569849bd0931f36,6
bs_9ea2974e5be85c06db440c0a,0
bs_9ea6e3a2b165b6048355ec4b,5
bs_9ea7bf1f10e62737f18e0dc8,4
bs_9eac5e83b5b9f96e216ac848,1
bs_9eb707e3505480bb39b2bcc7,1
bs_9eb76d3b936b4d6d7742f106,1
bs_9ec5395e5529737ba812b429,4
bs_9ec643f51ad54d02372f7911,1
bs_9ec6e4da0f0dc748dcc0f6e8,2
bs_9ec978688a2b40bdae8c4f6c,4
bs_9ed67afe81d8cac446d112e7,2
bs_9edb8cfe4b65080e67b1db80,3
bs_9edcb5a2b7e712072136726f,3
bs_9ee61de6da0030087bf9f4d0,3
bs_9eef3608e51569ef358b4d67,1
bs_9ef200d40d696e4ded961277,5
bs_9ef215caeb60306203beb891,1
bs_9ef240f575fac5e25514a596,5
bs_9ef2f0b197495987bdc60992,3
bs_9ef472a74227607211aeefec,7
bs_9ef5d99a9a016e503fccbc52,0
bs_9efbccd15a9958cb6fb2dd45,0
bs_9f023de3468785c8559c0d2e,2
bs_9f0309e37cc7c744b914de30,1
bs_9f0a4ccff02f8ed2c438314d,2
bs_9f0c29b5009bcdd6622c7abe,2
bs_9f242dfaaa10d05e081f3960,1
bs_9f25138be27acfbfbc646d3d,1
bs_9f3138e4d34bfc5fd5229c83,7
bs_9f3990d669f51b5a68961cfa,7
bs_9f4337833468bfb90f590484,2
bs_9f43c1154808c9432776c5c8,6
bs_9f462525b88a6b70d7561d7b,4
bs_9f4fdfe06a88a378a747edd1,4
bs_9f62183d2204ed543fc662f8,2
bs_9f6752ee878611f8acd4cf8b,4
bs_9f6a4c244168bdf9f56fe228,2
bs_9f701b10bcd63b222bfe22dd,6
bs_9f828b89697b503168b1df56,2
bs_9f8447b69286cc4bb5fb7616,2
bs_9f8fccec252d89eedac1fa2a,2
bs_9f90b6b20421c0a64977224f,3
bs_9f92077f84689e37c9da0606,7
bs_9f96e14798761b703a5b3463,1
bs_9fa100115c85d05b931922a9,5
bs_9fa6d2024c6239e3d62a1eb3,2
bs_9fb37dc0b06e5d4e7e31a057,0
bs_9fb9969eb1373588438a8382,7
bs_9fcb5b1e411a81e25cb44f68,4
bs_9fcb98538798ab6e2f466a31,5
bs_9fd0285ff772d7a2c9942e97,0
bs_9fd0b832cbd78d0b107e7a89,7
bs_9fda30653c4443a12e748ec2,0
bs_9fda4d53db0c8dbbf139bc8f,6
bs_9fdf80d5d28963c587df257d,6
bs_9fe00cf56ec2b80732155a65,4
bs_9fe4e5617bfda4868780ae2e,3
bs_9fe5b79feb5ae20f47d36ccb,0
bs_9fed2cc334bd5a1bde870221,0
bs_9ff79324ca02d1b87708f3f8,7
bs_9ffb1d0fb1de43e5c20470df,1
bs_9ffbe0f1dfeebdb95aa410f4,6
bs_a008794a7ed3b1e15c96b8ef,7
bs_a0125cf693594177b820715c,1
bs_a0135bf502fd7d9882671bc7,1
bs_a0241f0f1476ec2a061b7332,3
bs_a02495d8447918c1d4b3cdb0,4
bs_a027df37704a6223bc23b0e9,3
bs_a03320c88a0841d3dc5b71f4,2
bs_a0358b2620ca04c7324305e9,2
bs_a0360454507825eb55d96683,3
bs_a0368870b76dd16d932d8bad,6
bs_a03ca584d1d71c9e178691dd,7
bs_a03f048d2cf0517bc35de250,0
bs_a0453eed660308c5d04e5370,7
bs_a0492168df85fbeda6f4b9ac,3
bs_a065ae2507878a96dfb262a2,5
bs_a072468dc033afbe43e41dd4,1
bs_a072472032d5c11e7cc300ab,4
bs_a0734eaa7cd6dc0c21030211,0
bs_a074eec74f994c094d98af39,3
bs_a076b718a66f10761762b40d,7
bs_a07aa36b08c84824b5f82c0f,1
bs_a083a6663d2530eb3a7fe7d1,1
bs_a0919a0de33bc3dd2cc5272e,3
bs_a092cd62f61f5fa04a3ae371,6
bs_a0953d7a98f969e5e1c07fd4,5
bs_a0982012cf19f9643a3050fa,4
bs_a09a7d0bd45fdd40be8d05d0,4
bs_a0aa9e23cb87524bcdf534b2,1
bs_a0add2035a7db0a8db770519,7
bs_a0b0c9a66a659ab8f758ed5e,7
bs_a0c09e65301957787720114f,2
bs_a0c4f90565aa84fa48cf72d5,0
bs_a0d961c2c7cca10595f91c52,1
bs_a0db41d330987ede29a37cb5,2
bs_a0e3fa1d02eb1279dbac3786,5
bs_a0ef721d963e6dab8469600e,1
bs_a0f53a5d2d8ad6c3e45e58a2,3
bs_a0fbacaabfa91245dc8821d5,0
bs_a0fe80d9fe8607c8fc805253,6
bs_a107e4a1680c89629f3b08b8,3
bs_a10a9c53648583ce52e5ccaf,2
bs_a10d52b78b32f33ecd9b1178,3
bs_a120af83b0be37941aa67449,4
bs_a1224cc7ca354cf2a19452a6,3
bs_a128a032b39c788693e8f864,7
bs_a137b53064fdf0d48763b3d4,1
bs_a1387686a46eeaf211f8a803,1
bs_a13a4a2cae45bf6cd90c6c4c,5
bs_a141e9e2ee0412b968ec6ee1,5
bs_a14e02af602b73c71709329f,1
bs_a151c8d9593fa9f3f99d7d6f,3
bs_a1551f34fd8ad84027f45d7a,2
bs_a156e9266f26295344c583f2,4
bs_a15722e93a20c2ce9b005fd8,6
bs_a1597e38b60b4ea466af1234,5
bs_a169cfe796edf31a47048965,6
bs_a16b5faf8a5a1dd4d81000a9,6
bs_a17362ce216f7e5050b5e511,5
bs_a18670456e567dc566f70857,6
bs_a199b65c13ce93808bebc002,2
bs_a199b8385eb6d108c42e70f3,5
bs_a1aa02c21db773c48ef8084b,3
bs_a1ac66f748808c8708e49253,6
bs_a1acc9f624d39ab41eb2b979,5
bs_a1ae2fb682652618f858dcd5,5
bs_a1b77b6e55bc766e4b7fa7b9,0
bs_a1c9c5ce7dd2f69b566f9064,5
bs_a1ca03d9db4948bb4e6227cb,4
bs_a1d37528473b646bf783e5b4,7
bs_a1d6dad97593661096f7c7dc,4
bs_a1dc55914f6049464a92c816,2
bs_a1dd27e5f936980c912f4896,7
bs_a1e17e2d416ab3672e2443ad,0
bs_a1e3db89969842f3a5e53173,2
bs_a1e696838337124e592683bf,4
bs_a1e7baa23f960ba778f86379,7
bs_a1e97013ac8813bc92b07287,1
bs_a1f6788a82cc5125b143462f,3
bs_a1f8c0b529f411cb45d98ff7,7
bs_a201d2c0a260425aa26b4b80,7
bs_a202ea1c1d50541e7abce3c7,4
bs_a203bf26c3bac4c757794156,4
bs_a20577b00b9520a78ab5ee81,0
bs_a20fcfac09488bceb9c7e6cc,7
bs_a21164134c3ed72c0d348256,4
bs_a21476bba630b60639c72453,1
bs_a21723aa6a08dc7ea46db0ca,7
bs_a2191428d197352caa0e4c5f,0
bs_a219a85ecca857bc53fccb12,5
bs_a21c4234c3e826bf0d76e3c2,2
bs_a229bdaa16a28690c68a3a01,1
bs_a22d5c2d213f059e553e5704,6
bs_a232e2a070f83db1ca26d323,6
bs_a2330bbc37b5e9311f95fa5a,5
bs_a236aa6d0c24a1dc91559360,0
bs_a238a4da667369c2779db226,7
bs_a2396c86b853e4a70480b093,0
bs_a23dfab3817ae20665287f39,7
bs_a23f7c44cc1ac0192a3bba67,6
bs_a246b44c924aaad56611adae,4
bs_a248edb245a1f04ad040489a,0
bs_a24cf056d5697d48d70b19c2,2
bs_a24ebafb77d223b8170e15c4,6
bs_a24f9a81068997f476000114,5
bs_a25afa070fa19e9f325806d0,7
bs_a25e67b36646c7befdbfb512,4
bs_a26288c93d3b9bdd05b03d62,7
bs_a2646cf7ac6a679b3196ef02,6
bs_a265f7815c4eb1f0d052022b,4
bs_a269c42e8b277796db16b754,1
bs_a26b1491728c866162bbdfcb,3
bs_a27b5ffb79d7e7c9d0f9d9d3,3
bs_a28bc9197bc3112f7eb097a3,2
bs_a28c1c947fad49f749734366,5
bs_a28d1def79c0f67d69e39830,5
bs_a29dd3dce6c47a2de996c8da,4
bs_a29fd3020449807dc03fd055,6
bs_a2a015209a28097f29222be1,2
bs_a2a115d0f85fff6c957f060b,5
bs_a2ab1b823b8d5e1c0c55e2f2,1
bs_a2acd63b4387b1bfbe375ef0,1
bs_a2ae885bc4a1a3340fbed720,0
bs_a2af3c1be8d6bc95b9d0fe19,5
bs_a2b3d4f276d14c7533737896,5
bs_a2bd351099a28c825ae09a87,0
bs_a2bfaa51c3082cb14f895464,2
bs_a2c138895757e7a677468d0b,4
bs_a2cce637fa1918ef2cf92d4f,2
bs_a2d07b02123b46a72b95d857,7
bs_a2d0ff5b46272c525cee7a2a,2
bs_a2d65119fb3583d2d9984b18,0
bs_a2e2849612fe521070f4bbed,2
bs_a2e4b406895776ba56a5f0aa,7
bs_a2fbae1c3c293ea954683149,0
bs_a311ef6f2632337e40d08ac6,0
bs_a319dc111c8197167b00e205,0
bs_a31f80eab420dad465a26b47,4
bs_a320c21dd30350ed674d0619,3
bs_a329f281f36a6ee6b9ffa4c9,7
bs_a32cd422af383aeafa6127e2,5
bs_a32ce8938bba69de72a9f3a5,0
bs_a32e456a99dc7c7ef3861b59,1
bs_a32e9c5fd7ce9437d410fcfa,4
bs_a3319b553a230e34dda5da09,3
bs_a3322f54c6f401f548925400,6
bs_a335ecb0702af66dc9920e2d,7
bs_a3378fe47a7e7dd9438fb895,2
bs_a34da3abe852226b18a451e3,5
bs_a34f16a5d7bd859f12e959ad,4
bs_a34f1b74dff14bd0ab6bb9f2,7
bs_a35d13d121c912c41c088075,7
bs_a35d49adf738512bb97dd925,2
bs_a35ecc16b7e031ded2e61db6,2
bs_a362f5dc3bfe25c83380b3c1,5
bs_a36897fe890dc83f875aa590,0
bs_a369d7ce501ef8410927d11b,0
bs_a3723f4e71cfb78bf2141644,2
bs_a378dc017f421c6c2534b746,0
bs_a37adac2af6907411e88cad2,6
bs_a3883316b812084213b1edf6,4
bs_a38b05f80e8b1d5462a691c4,4
bs_a38c4d8fa7963a6683a45b6f,0
bs_a38cec00f23c9e8af4cc2d23,5
bs_a38e7cbc8e9ab0db9e660208,5
bs_a38fdb9e70eea4c8181b8020,4
bs_a39360d817e9355b2eccb437,0
bs_a398ee784c62648b5f19b7e8,5
bs_a3ac4e9e0639fd1055f8ce93,2
bs_a3b060e220f574c9e8a7f6e2,1
bs_a3b1e7b19bd44ecfbae99f0a,5
bs_a3bac2766ccdd8106cd17746,2
bs_a3d748b8e46dc6253b0b7b56,3
bs_a3db58db1c269dc5146c3853,0
bs_a3dd379e419a11a493cb1b89,2
bs_a3dfb181328498e91a5d7831,1
bs_a3e11cc1d1932b3635bec027,2
bs_a3e4ff38289ada6bcbe490d8,5
bs_a3e7918f3b8060837351701c,3
bs_a3e8dad14dda2ac958c28da9,0
bs_a3e99220dd05fc710413db6b,3
bs_a3ee6194dcbb1c65427e8596,2
bs_a3f90023a6482a1558ba99be,6
bs_a3f9cccbc56d7cd595dad551,6
bs_a3fdb8430a7ba176554fe4c4,5
bs_a3fe1738f81128b00de4fbc4,1
bs_a406340641b7b3334c32bacc,2
bs_a4124e47b75ca986765683f6,6
bs_a41842564c5f4cc4f26d0b50,0
bs_a41f80f65e099103b45fb0b2,2
bs_a4316757e71da8e9bbf40436,7
bs_a4379d71c6855f787c1d0073,3
bs_a442002e83c99bc3468c2e94,4
bs_a446fab5331ec6da8305c1ea,6
bs_a44eb8fe76016097488c1fdb,0
bs_a4580854da28aa9c404a28a3,0
bs_a45b79872351bb82be97cdc8,6
bs_a45f25a2a61f3fbf6ae053d1,5
bs_a46f24880657eeccee2a4c6d,1
bs_a472ef13bbca91f885da0448,5
bs_a4760a44b0526de5db49996e,4
bs_a476b62c5265526e8e303d1a,1
bs_a478771d6051fa4723885b35,3
bs_a4788e982e3f2470acbf2738,2
bs_a47f134bd38c6e946a03adb9,5
bs_a48f90121a1c01325686b6c2,3
bs_a49475202f4608816ac12962,3
bs_a49d866c0cba662e545ddcf5,6
bs_a4a24b4cf04c38016e0d53ac,1
bs_a4ae9d7edfced13a40dd138d,7
bs_a4af4e15519d7cee3ab0a192,1
bs_a4af4e5e3a43656681ed9923,5
bs_a4af532047b6557baac7f620,0
bs_a4bf776728a1757cd8cc0272,6
bs_a4c12c8571ddcb83719103f9,5
bs_a4c73946e9f7143836a129aa,1
bs_a4c939d145386fc53fb5427d,5
bs_a4cc9f3e59c1fd6b9be4c970,6
bs_a4d9bbb865831dbbfcba9659,6
bs_a4dca0b5bcc36936cc474b84,5
bs_a4e1be0f5fa6fb56eb18bdcc,5
bs_a4ef0f955b7d8b392fc60c6d,7
bs_a4f635d7a12e356b644d9f4b,0
bs_a501e68b765d9a81737f4b33,2
bs_a5126e90953cf3980610e297,4
bs_a512ce5f6747c524e467d077,2
bs_a5130fd399c3f8a74e5fe686,7
bs_a514de8bee0e236ceb76804a,7
bs_a51c70bb0e08593c4412fab6,4
bs_a51c78ced506b58ec1194435,3
bs_a53b8992dd81bd8849e578e8,2
bs_a53bf387de1f8797d96accc1,2
bs_a53e06223781571b1816216e,3
bs_a54899171a5021dc4373fb53,5
bs_a549e9a349c33a021997e40e,5
bs_a54a3b674c6bacc5c8a71433,0
bs_a54d859fbeb811632f42ade3,0
bs_a54e1c4b8cb5460bdd2e31cb,7
bs_a5503296b1e5f86da6321104,2
bs_a559c013fd7938829de9c018,6
bs_a559eb39800ef7155b200e8f,5
bs_a55b5e706b4fbd76a572e3af,7
bs_a5783d55b9c2cfae19c3d388,0
bs_a579746fd07a9d523360315d,6
bs_a580391315d31ee56bdb4158,5
bs_a580eba1bc9251de2acb4368,3
bs_a58b29aab8f4e6a11c2ef5d0,3
bs_a591789d979b607ba4d07d58,6
bs_a59556f7a2fe9980ad1f1d79,5
bs_a5a94e37f43f6331d6dbb9ce,0
bs_a5bb5ae448b2d418e080f57f,7
bs_a5c036b8359fe01ed6db425a,1
bs_a5c7e0705ea5b0304150045b,3
bs_a5ca0173754d0f4c40098106,7
bs_a5d0bc83420e8bc17d92935a,2
bs_a5d36a42c3a0f5eb4f4ca92d,6
bs_a5d3fbdeb455effb68d3b5b9,4
bs_a5d637a338ad4a01667a6447,2
bs_a5d88618d2563ae3e9cf7373,2
bs_a5da2113242846684d92ef76,2
bs_a5db4f1dcc25a8a20252b94e,3
bs_a5dfafb9f7b065c4b5fbb26d,5
bs_a5dff71a388c991034e3a878,6
bs_a5eb01c091a9a4b186e88b21,6
bs_a5f3274a5c59a1f8ae208b1a,3
bs_a60b2796c4b769cd6738f12d,2
bs_a63675b7b715eda1f98f9a7e,2
bs_a63692e09cfaf0d4c95fa54b,5
bs_a63b03ec8f6de933cc151fd7,2
bs_a6477c8c157bc6c91c0a966e,1
bs_a64fa793a4cbf83989f887fd,2
bs_a65611a6fb80f51643b0516a,0
bs_a65b5937c6fa8d9c65b65780,2
bs_a660b3d710d8147f6b1eda6b,4
bs_a666853e52130148fcbecac4,3
bs_a666d6604637cd36e6d2d964,5
bs_a673d5983ffad5bfeeb28ba2,2
bs_a674f7d5cd073287a0a695cc,0
bs_a6792019acb479aef2a503af,4
bs_a67e22bd39aba0f4cec2fa80,7
bs_a67e4fb606700f2553a5e2c1,7
bs_a6847439777feaab46bedea6,5
bs_a6857f3a4a6d9091ee6cf602,7
bs_a686311c130a82718ae7f163,2
bs_a686fd5b4ef8acc4af89948f,2
bs_a688789c1a5d6acaa6d7463b,7
bs_a68e6f2c3afcea84a21b7052,1
bs_a69e3e1e0e784e5f0eb2afdd,1
bs_a6af53535ec31954e94b40a8,6
bs_a6b7fe68aced5765a551e8d9,3
bs_a6bfd76799f3b605c772d5eb,1
bs_a6c33ef0af49a831753ba525,5
bs_a6d7454f9f381562ea333dfe,5
bs_a6d876a31fc6286149d51101,3
bs_a6dab57299e952b4cb2c7407,1
bs_a6e3ebfdfcd8931c1820e90b,7
bs_a6f04d7306eeb917a80279aa,3
bs_a6f32594010199562cdafeab,3
bs_a6f3384cc1829da7338c2bdc,4
bs_a6f4a3c3832bbc6198dfcd31,4
bs_a6f932a200c8010e890c7cd1,3
bs_a6fbae39c07ddf35dbd5ffa9,4
bs_a6ff588e2b6d936684009f87,2
bs_a713d59e5b08ef1b15c8d2a0,4
bs_a71449bc8ac3d41eb9448f14,7
bs_a7145f3bd400b178d83d1a00,5
bs_a721310cb3d76da2a3b0b49d,4
bs_a724f1b9b0a74c907b8b2959,1
bs_a730b8816cc918a1cfd86ece,2
bs_a7498f31674175f6f376deca,4
bs_a75a2a9d502d6733b963b307,5
bs_a75ce4c4fddfcfa72d77b059,3
bs_a75dbbef386ed35396f04b5f,0
bs_a765b6442b62486722966bbd,2
bs_a767c22e8d4b9de56070ccde,2
bs_a76c5a3b94dc020be405dbd8,7
bs_a7768522fa3d3d34c88622de,6
bs_a778422ad3d2cc0654fd450b,4
bs_a782bcc36d5a72700cd74ba6,2
bs_a78324fdd4f1126dc83daa68,7
bs_a78c02785c42491eecb23536,2
bs_a79486a8456db5c15c4c44f8,4
bs_a7966c5eec5c60925916957e,4
bs_a7a3528e5b47a54f0d439b12,3
bs_a7ab77b286ec535348c2ab3a,2
bs_a7b001b09fbafe3cdf5ec820,6
bs_a7d1fd5c090c9b0188372662,0
bs_a7d85dd7582b42750f5805c6,1
bs_a7dfe8e3f664c64d2894c16e,1
bs_a7e6c4b139dc71d854e4e826,2
bs_a7ec97596494ae55453e6df1,0
bs_a7f2dfe490f356e7d9af42fd,7
bs_a7ff0a9ec7b1861601dea09c,7
bs_a80092523a814e7ce63608e8,1
bs_a8107f4c8efdd486a79295e9,3
bs_a811ac3132b1c5b0531e4648,5
bs_a826d896a9179276e0b848e0,5
bs_a837c87a3296f8b267e3f419,4
bs_a839e5d0c2dc69d1ef7ca0d3,0
bs_a83b92923af669db3bf1f86e,6
bs_a83c75e225833949280bd7fc,4
bs_a8404022512b1de30bde1806,6
bs_a8419528303cbbb1a0600255,4
bs_a8444f069d6337f783bbd0ac,5
bs_a84e2d820c67b7cf41d1523f,1
bs_a84ff6c74d0fdb941089634d,3
bs_a8533b60c77825bec71a677a,7
bs_a8538676adf6f4e20a8cfb6d,2
bs_a85851a58c19e22efde42642,4
bs_a86298beb6332c8237a8b34c,7
bs_a86d853424a4df2e56bb03d3,0
bs_a86f2f776f98b60ce96abce1,1
bs_a879d29b0bfb373c235529bf,5
bs_a886c0300a7207ac364e5641,3
bs_a888fdfcef6892858cdce1f9,5
bs_a88c17525e29838469742e3d,4
bs_a89625ffeaa772f7f3d66c2b,5
bs_a89847e8e88259c564ee051f,4
bs_a8af8a155598b4b0007f3cbd,2
bs_a8b1a9782b674cc1fdc68f63,5
bs_a8bf410ff37f97ac91bf2cf6,1
bs_a8c29c947dcb8f19724d8a83,0
bs_a8c42ddf0e294965be219161,2
bs_a8c56b2129ed4d27b2d2d081,2
bs_a8e42e160bdce91c6848655d,6
bs_a8e9017472785e441e586830,5
bs_a8f37b7418e049b32a4e7cd8,1
bs_a8faa7e61bb22c05c6b29824,1
bs_a8fbf87d6ab0e82d129c7c81,3
bs_a9026fe84d166e8e324c3124,5
bs_a902863cc73b7a25a94f5bb7,1
bs_a906e6e7de8c25e3eaf4ec69,0
bs_a90b9c2c783261ff8f0d9b3c,1
bs_a90e40250064cf1daeb708aa,5
bs_a90e46ec5ef7754fb22ce17c,7
bs_a9121da6871c20c64152c527,6
bs_a914d2bc03062f30def6b0a5,4
bs_a91fc97a3642c8990bff02df,5
bs_a9288fda106192c79118dea0,1
bs_a92ab73d57c8220c86e8b148,6
bs_a92cf5a76626af697ecec824,0
bs_a92de6175f16a299f1bb3669,1
bs_a93488f67f16226466fbbced,1
bs_a934d4726e9390ff5118626c,3
bs_a93f0fa3ec1e28959d266900,7
bs_a9414ddbaaf4ebc347db449b,4
bs_a94677e8868afd89733ef352,3
bs_a949b5391653db48f8fe84ab,2
bs_a94d48fa29e38e791587b98c,3
bs_a94ed548e2e7a03a565948b6,0
bs_a94f7d7ff25ffcf3e8b0ee91,5
bs_a961fa1824853143f08898b0,3
bs_a971475043c00738baf21a42,5
bs_a9778c6290a0bbf6cb6d6e84,6
bs_a982ffca3bee738ca47acc81,0
bs_a985ced9a24a57943b381814,5
bs_a98a7185184ead54e728a57c,0
bs_a98b88cdbbb2efa925827800,2
bs_a98c3ee402a49b5021ee7ca4,5
bs_a98e25c29adb55cdc41535b0,4
bs_a98f3f6beb69057a2360b1fb,2
bs_a9920325002e5e2f930ab9db,2
bs_a99429618ea298c23bad80ab,1
bs_a995f5b8bf72feabfa7171b4,3
bs_a9a7cbd0c6b9fb18840df175,2
bs_a9a9b52488ca504f280cf61d,1
bs_a9c2d3b056b73e6f3f4f2a52,4
bs_a9c3626ae41a01fd34dd7f18,0
bs_a9c8e2923c29bc78fc2f3d15,4
bs_a9c91f7c8da878223585f3df,3
bs_a9d7d38f287ca49ce31ebf7c,4
bs_a9d83dea94445a132a13bf49,5
bs_a9d8fc38a42499bdc1a715bc,0
bs_a9e2699d8f568329eddd9071,3
bs_a9e30a4a93d5fcd365c69653,7
bs_a9e3a588a6bf3f3e5e96d1d4,2
bs_a9e7d1f921d9ad40422d07a7,2
bs_a9ea69c46dddbc15d709edd7,3
bs_a9ed23159d51fa3f0ca3a76d,7
bs_a9f6702c6f44620a4d223fc8,7
bs_aa013d1fceb8f2b1f92d968b,1
bs_aa05892cdd2bc21fee87d7f9,5
bs_aa11c81d023ca1950ce75325,6
bs_aa131ea20f5a2f91eda46a0e,4
bs_aa2a3c047859ef8ac5cd85ee,4
bs_aa2f300f1c00808dea182889,0
bs_aa3bb5a563a5ce4eaeb88c3d,7
bs_aa442035d3408b0eeb532199,2
bs_aa4934bc37b47349dcdb4da8,6
bs_aa4aa1a3d7518f1c99b0e668,6
bs_aa4b13842cd9d860a3028044,4
bs_aa4b17d0729ee54c76489157,1
bs_aa4fcbe4d42bf21b490a06cd,6
bs_aa5679c9dd0d9f767b3f4e50,0
bs_aa5d3566e6f24b0c2fa3d139,1
bs_aa6c1571d872fb0c7e3abf12,2
bs_aa6df7538a42df55ab457ad4,4
bs_aa74de9127062c1a7011f933,4
bs_aa761f98c7e657f9ffa0efce,1
bs_aa7e59f023fd98a86e23f06e,7
bs_aa7eb75d9c9ad4b241a24d6a,2
bs_aa7ec3062a29950a110595d2,1
bs_aa80a45dbb96f5153c2a68ff,0
bs_aa880227eab004e3a3d38f76,5
bs_aa89ef73bb641f62d7625f8c,2
bs_aa8c2ad2045579bdb9bd7265,3
bs_aa8f94355987cf72f958ad22,5
bs_aa9607736c360f9e3edbb576,2
bs_aa982987b859ccef9a2cc81b,5
bs_aa9e2ac9942ef595f8ebb70c,0
bs_aaa6d17a97b1ded9a100ad35,2
bs_aaab1ff365e71f0606cb3168,7
bs_aaae20bd7f4414017a164866,1
bs_aab2c338382dc4391f12800e,4
bs_aab7bdbccce2735f68f6d565,2
bs_aabaaf7f323c46cae798969b,3
bs_aac2ee1a427aad433fbb9c4e,7
bs_aac8c7b645f2a7680500fd7c,4
bs_aacb0f827a213a3e2219be79,6
bs_aad9bd9cc02a13b3b2ef6f0e,1
bs_aae1d11b92e16b4c992fbcb2,4
bs_aaef7bc394f94093527f5932,5
bs_aaefe187758e06b0be7a3d43,1
bs_aaf4ffe25485855745e35841,4
bs_aaf5e776fe7c8e50c75ee97b,1
bs_aaf9ffc7b2dffac34ac04224,0
bs_ab0c21b69ff6ef075aeca79d,5
bs_ab0fa0b9db623a0b7b612434,5
bs_ab133bb59769523a9b0ae5ea,5
bs_ab20781d6c795143ebbbcc4b,0
bs_ab2dd6980fa525ee02b97274,3
bs_ab2e030e74251171712d37bf,5
bs_ab2f5ac31a9a7c58c93b2abc,5
bs_ab2fdc8e73fde964c91721b4,2
bs_ab36f0f77ccdf5178dc0ab3c,6
bs_ab3a9fd60726285c3806f4cd,6
bs_ab3b0cb8290297d46eb4a9d1,3
bs_ab4126deaa1394e34bc7a2a0,1
bs_ab480ba4ec18a01d08554651,7
bs_ab4cc6e7ae2da93b61d7f791,3
bs_ab56365094a33096854572f9,4
bs_ab57cfd9078eb315dd03cb9b,3
bs_ab5dac283538f64a794fda1a,3
bs_ab67249b535ade3ff14f7fbd,7
bs_ab674942428b595c7d97fe60,1
bs_ab6d375465aee030b4c1f9d9,1
bs_ab78f44a48c426a8b73dac13,4
bs_ab7d68980d9ddb780bb4d616,2
bs_ab819c792fb73e4c5a987118,6
bs_ab82bf3a11bdf10ec5e8d744,0
bs_ab9b1a88e546a026d4787843,2
bs_ab9b46719a63dd5694eba424,2
bs_aba28451ba4d7282da035c12,6
bs_abbe748b398db80289d3ee55,5
bs_abc0b6337909c9bd9b8b6927,0
bs_abc9a4fa3457ea969f81f91c,1
bs_abce0685c4c5b2479396345d,1
bs_abd1aeaafe739f3838f55635,7
bs_abdf4ebf37af848f4977dfd4,0
bs_abe0af19b14abd93ec777fbc,1
bs_abe82f03c529c0ea6e0cd134,4
bs_abe9aa0e42610cb24de66ae6,4
bs_abf2c87eb937b78eb341e3c1,7
bs_abf8f67196df7493b5639579,7
bs_abf98e6f63d5c6bccf7a4f42,2
bs_abf9e5d54298e74a10af5f5e,5
bs_abfd19d15d0f9804c43a6a7d,3
bs_ac0295e35ddd2b22754bdfcd,7
bs_ac06a509f4fb22aac2c0e07e,2
bs_ac0a7647afb2e5afb7774372,5
bs_ac17372177bf8ed85815549a,5
bs_ac23feec02b5e855d19a7d73,1
bs_ac287911456601d29607ae5c,6
bs_ac46fd3a0d4c2043e255bd87,4
bs_ac4796a7ada191db182532e3,0
bs_ac4ffbdf5cb489f05fc6eb84,1
bs_ac5b5b5200ecc29d19569d4f,1
bs_ac5b6392eff8ba7c36b2e7a4,1
bs_ac5c49685fd70d08631180d8,4
bs_ac64ec38fc6c7995dc97da71,0
bs_ac70a86e5c1b5b83feb9f855,3
bs_ac7f6b769b515e6933cab86b,2
bs_ac80128f696a234eeb4f2918,5
bs_ac831bf0077ed3d10915fd9e,2
bs_ac8572ea70106ccaa58f0cdd,0
bs_ac8c72878249c225d4424511,4
bs_ac8ec9192f8c45eb7135a68f,3
bs_ac915f544f4aeb71e70d1d31,7
bs_ac92fe38be7296e3aa4cb902,5
bs_aca6e6de99cc15fde700b750,3
bs_aca7b0c864e07d333f1c121b,2
bs_acab489007ce551a23a97854,0
bs_acab93b2d9ea2f49e7cf8754,5
bs_acac56e2b27992daf0b09a90,1
bs_acbce6bc469ff1d69a2d8967,7
bs_acbf4127d2490e8e6edf1c13,5
bs_acc02fe25b667734494b22a8,6
bs_acc04b1c5d6f3ac0e714f70c,1
bs_acca2236d30109a7feed8b6c,6
bs_acd7d1eba414124243c95eba,6
bs_acdd5ac3eb268bacd2a7dd41,5
bs_acddf094f64d02f9bc45ddd0,7
bs_ace1d8473b912e4b22b52973,3
bs_ace5e48eff6636456922ea4d,0
bs_ace7041c3741e97be5d09606,3
bs_acfd71fbb1fedf2a3304e9f3,7
bs_acff25d78ea2774b7c4e183f,7
bs_ad0b5977eb251a25535eb5a5,5
bs_ad0c847af495c14978a9c078,7
bs_ad2f24bbc8e69380ad6de099,4
bs_ad3f6855e7b341f7c73240f8,6
bs_ad428d392ec16a5839af41f9,0
bs_ad5f90457ae548f69675c785,6
bs_ad61e20a8d17a6eb640d50c7,2
bs_ad6fac89541026a2b2e62c89,3
bs_ad7925fb06e7f560fa8c90be,6
bs_ad7a819d2a5a8525e64ce41c,1
bs_ad7b627c0664ab242ca67972,5
bs_ad7ce92ba188c1326e11c0e6,4
bs_ad7eb9608791981dc61af0dd,3
bs_ad86a45c1dfaa30a5bdb352f,2
bs_ad8b77701c3c6cfb40d2ff70,1
bs_ad8e8aa5fa06237f75927a04,1
bs_ad98931fb918276fc7e52d72,5
bs_ad9c46ffadc44acde7aeb93a,0
bs_ad9ee0e6c53632f006f26393,1
bs_ad9fe29f6f60b2794d0088fb,2
bs_ada0123366a8cdfb3c228aa5,0
bs_ada2d70ddc740c2bf7e4a310,0
bs_ada351ce9d51f84ca4c05c5c,6
bs_ada8d3de9cbad4ce23a3ff94,6
bs_adb6f1bd38656c7616986280,5
bs_adc50ce9823b0c2ee4810530,2
bs_add28ca5575c288f291446ba,7
bs_add482ac0fc1207a959d9b5e,5
bs_ade22b904dac376ad64f3ba8,2
bs_ade258ca025284b9a322e5d3,1
bs_ade8369a8099f49db4ba6aee,1
bs_adec61b27c7f76815826b1af,6
bs_adefee72179c89a532fb2b14,5
bs_adf078a556ca2c19fda2ef42,6
bs_adf6224f2925fba841fc7951,1
bs_adf6eb629cdbb38189c7120f,4
bs_adfcf6b819bbf21bb985dc4d,2
bs_adfeba19a7b7392125118e84,7
bs_ae00bffd3457000300fde527,7
bs_ae08d76e930ccb784e0949e8,0
bs_ae0da69039c89b51c9e1f5d0,4
bs_ae159df577ef6cd4f13b95ef,1
bs_ae1ce8595947c1ad0e6f9b74,2
bs_ae1dca5fb45b0a318ab2a37c,0
bs_ae1faa12ebcb7b50b27cbf26,4
bs_ae238ee163a09d4e8e378934,3
bs_ae25d8e394f333d21d15bdcf,4
bs_ae278017110851cf3ad64c8d,6
bs_ae31fddfee5aba9b1eab71c1,7
bs_ae354a7e70e3da41085d2b75,1
bs_ae3b635cc43efe2d7e3a306e,2
bs_ae3cf63ff339200649a69377,4
bs_ae3e58a63b8619683df2df3d,3
bs_ae3e77e05951f2652acffc8e,4
bs_ae4943f5e1498dd4182c5c73,1
bs_ae515bc8fa9e4003d815767d,7
bs_ae538ad7510adfe35ce7da63,1
bs_ae627d6df43f043ee87e37b6,0
bs_ae675a5d40299c0befbaf8b3,2
bs_ae680338ef7869d6300aaf23,0
bs_ae6c456712bf87787e07fb61,0
bs_ae6e222e8da815e68f8a3131,4
bs_ae736bd78d177d0ea88a7906,3
bs_ae7421898d9924c93c928ad2,5
bs_ae7524bcb26ecdb03ba99889,6
bs_ae7b00a8c4e2b853b3d6c5a1,0
bs_ae7dfb4585a113cb95cda548,4
bs_ae87bd5e232bf09c1412bacc,5
bs_ae8cfd53ec05e72ea50fe621,0
bs_ae8ff2ab5d92241e5af22c2e,2
bs_aea7649cb1226713f4536aba,1
bs_aeab02bb22cf8cad4b3fc37a,7
bs_aeb231d368220306e63520f9,3
bs_aeb314e04e6ab1c51e638566,5
bs_aeba2c3a3589d8c51013773f,5
bs_aec36fac4e09e61339786346,7
bs_aecab9c33577b666490a5593,2
bs_aed7c86198df2f5c80645fcc,6
bs_aeda29b09f945fb8a05c73f8,1
bs_aede0c5e25000bf3bacb696b,2
bs_aee2f946e48e783a3e89ba8d,4
bs_aee8979d77b1c3a9316cf6c2,0
bs_aeeac577264d060eb6df070f,6
bs_aeeed7ef2ac880b4c8819ac9,4
bs_aeef59929e4237db995b4efb,6
bs_aef5a693413037001cdb5fc7,0
bs_aefb8b9ba6eede0aaa030b18,0
bs_af0d3aae781434edfcb7f10c,1
bs_af0e01300ff88d45d88a74bb,5
bs_af1a3029f1181a859b36cf23,4
bs_af1f2ef60209dd178104e21a,0
bs_af20d0e0a0b4a38c6182ca77,6
bs_af24a6cc77d1509e07d5a851,1
bs_af2507b5d47171f232dd76f1,7
bs_af314410a1e14ef83ebcff20,6
bs_af324f98cf142d47272b503f,3
bs_af32564a06ef45a1a6dfe11f,6
bs_af3f91d939047a16c35dbbb0,1
bs_af4291ff834e79c932f5512a,3
bs_af42fae3e5bd947eee832328,3
bs_af4860742f8674c6bfe00a99,0
bs_af56f65a728c8c5600bbbd0e,2
bs_af5ee35a9cf629463822b697,1
bs_af6204d386907c145774f1b5,4
bs_af64a6800b9e8ba4f4390f90,2
bs_af655f497656b866910333ac,7
bs_af689fa492e0b226857f7dfa,6
bs_af6902c8a6681c8137dee891,5
bs_af722cd69e8f9e68991f5529,6
bs_af77f67b3c6c48b1753c7983,2
bs_af7bcf871ddb69640a4fac71,3
bs_af8315d97a141332b99756f3,1
bs_af8367dc8827c0fb8eba06c5,4
bs_afa9ff2e4145fe5fa437faa7,1
bs_afab16efdde7652acf3af360,4
bs_afb195a78141e9165c802129,3
bs_afb4626015e4a091ee7ab828,0
bs_afb53af2ffb4f817bac3177d,7
bs_afbb5cbceb1d2e1d41cb7128,2
bs_afc01c9320e0965162e2a38b,7
bs_afc137d30a3c82ce3b7319cd,2
bs_afc5116ab82644e9383b3bbf,2
bs_afcf1f3b06250c3564e43a7e,7
bs_afdc16c9efd8b42347a6db8a,6
bs_afdf0514232bbd62db8aea6f,0
bs_afdf2ecf9bcaef6857eceeab,0
bs_afe26775ca9363f35e698949,5
bs_afe313f9a0bd41fbd4e77205,7
bs_affb3ea969e53c247594f5e4,0
bs_b01253c3749bfd327f376d48,2
bs_b015bc0245595b74c0d0200b,5
bs_b0234af2c1d98cf26f137dfd,6
bs_b025e2a8be42789df796e49c,2
bs_b03223986d0b0b4dc3a90b4b,2
bs_b03917ee82ca0226e53e1884,3
bs_b045ad870b3bac3a2b354e9b,2
bs_b04b59bd463b328c2f615c12,3
bs_b0526d100b0b1e3fbed67b04,0
bs_b054376323c0db37868beda8,5
bs_b056687737e897f45f67b7d1,3
bs_b0718e22789a7e34cf503547,7
bs_b07550ccfdd047075d834e43,4
bs_b088ba2487717ac3a8a2ddda,4
bs_b08ce8ef0cb1adfb4e43dd40,1
bs_b090be973e2b26db8fbb2c73,3
bs_b095ced36f34d4ae058051a1,3
bs_b09634025c671a36a3e216fb,0
bs_b09e83c113498c4b08465ed8,4
bs_b0a69f1ab6f142c93ae3008f,6
bs_b0abcdc26885cc337e40c2f7,5
bs_b0af581ece3bacabd3907d75,3
bs_b0b0199ec8dff88db8aa928a,7
bs_b0b81d6f2c71bad69003f86d,4
bs_b0bf04f3ca8f5f8a74d373a1,3
bs_b0c7bed8022c2c598f275586,3
bs_b0c9f1d88b9f468f1c550897,4
bs_b0cb79ac5091eb4cfc28aade,7
bs_b0dcb51a7745bc9fdd5228db,3
bs_b0e707bc6440881136a200d5,6
bs_b0e9ac614e75ed1a9e383a51,7
bs_b0eb9788abbbddbc29c88ed5,0
bs_b0eedf1fd03686324e6b982a,4
bs_b0f1a708cc0110048ff40b3a,4
bs_b0f9f40ca1965dae4c0fb083,1
bs_b0fa897449206502272755c0,4
bs_b10156308651a8aeade60f8d,6
bs_b107496676c5bcf3cee63b51,5
bs_b10d9a83c3386f19ec6acf06,4
bs_b113eef0ddf7502c3d1c51a2,1
bs_b114322751381451f5bfe9bb,7
bs_b115929886305a0d05fbf71c,5
bs_b12f0ff52909bec5e3aae832,3
bs_b13380912a9af4d93b7d3a37,4
bs_b13f4687c4787e9f4d76a94e,7
bs_b143411d8885715c707503c5,5
bs_b1438622f9f65eb0f07f1392,7
bs_b14ccdedb1a3c536d3fd410b,3
bs_b15482078cf15695cea02b98,7
bs_b1568a5b20bbcfcf2f96c69c,5
bs_b158d29cefa1e9fd3306d791,3
bs_b16226157e994f867c757e19,7
bs_b16d30098a4842943028fca3,2
bs_b17d038c74dd51f1b76fabf4,3
bs_b17f205fba97afc4d3feefce,7
bs_b187638f5fed363503ff94bf,7
bs_b18ed8b48f75bb106975847c,1
bs_b18ef4f6b2989dfc81bba540,0
bs_b19097cd7f8101c187b16c95,2
bs_b1947174f2ebfb1a1fccc753,2
bs_b194ed3dfc6f8e98f5a82ed9,0
bs_b1961cdee74105f6050d4469,3
bs_b1964e2ca386da4d3af3c933,6
bs_b199042d6b840de43a675f52,1
bs_b1993497ae110623d4754944,4
bs_b1a73452014bbe2799741f70,4
bs_b1ac01c4c70581a09593a781,5
bs_b1af2cbec181fd294d4e3020,4
bs_b1b0ac5cb03811363b46bd4c,4
bs_b1b2f0a31382d1b436147283,6
bs_b1b372094f1ca31157c4f6fd,2
bs_b1b61058966a502c7ced931f,3
bs_b1b7072415c4e078b0bd404f,7
bs_b1baef71f52b0567206ee588,1
bs_b1c85dba9264bfb0716c6fa6,7
bs_b1caba507cd570cbbe688fce,3
bs_b1d1bb34effbbd04f86769b5,4
bs_b1d3a2ad35d13803c70d00cc,3
bs_b1d4775ebd51a5a60606afb8,4
bs_b1d74f4259393be8daa00aac,4
bs_b1d8b14e5694af9e908b67a2,1
bs_b1da9e18ed348bb0bbc5d202,7
bs_b1e07e2d4ae742c397b4c425,6
bs_b1e257ef58e2853ae2f760f2,2
bs_b1ee36c45a425443cbde77bf,3
bs_b1ee7f42c06ad96d275e25b2,2
bs_b1f036e9558746d28f465a70,3
bs_b2047e5960cc8e65548b8f1a,7
bs_b20a3fe31531c40509e2ce64,3
bs_b22bdfc2ae5562e2ef22d046,0
bs_b234d6908f4bfe26c2972c96,3
bs_b2373fb6dffe4457ef68e997,3
bs_b23a04eecb2802e3b0e73010,5
bs_b23c17147f6aca19b5e99099,6
bs_b24091a68718b652ce5826d7,6
bs_b242c697b6b69fd0a37dad7b,3
bs_b246461413c46447757c5869,4
bs_b24d0e904b1890b957b915bb,2
bs_b24fa1730bea7a188b8078cb,2
bs_b2543632c6e2e4d83454bb98,7
bs_b2631a5318b43a0f0eced47a,6
bs_b265f66efa28a34b39a10396,0
bs_b26efe894cefb02fac3ff2d8,6
bs_b283b82ca8fbe61fe355b864,2
bs_b285e2cac20bd9c9bd5e3c7a,6
bs_b2923f233a67793078687ad1,4
bs_b2989819dc589000bb42913f,0
bs_b29f08dc6d73819291687d5e,3
bs_b2a6b2d8aa636ec0dfd49573,1
bs_b2a8f0d4c6dfa8a0fe35f91e,5
bs_b2b7744a6221d70286ac617a,7
bs_b2bc9a340dfc3e02423f2d98,1
bs_b2bd7718df30734982d0d198,2
bs_b2c75bf5d6f7241030b92bef,5
bs_b2cc8057b6abe0d1c8965e77,7
bs_b2d34d57e5663a728d2b76b6,4
bs_b2d39dce2cf3bcf7a51553a2,5
bs_b2e305ba073279a80dfcd65d,7
bs_b2e39559473ba5bd1c650543,3
bs_b2e4b7747cee723c8e99c6a5,3
bs_b2ef706da57bc8ce97fdfb29,6
bs_b2fb611155be4f362a7d7ece,1
bs_b313ec6d0b212cb7f2d9269d,1
bs_b31bb54fac42bcdecef8388c,0
bs_b3249ac6124f24032e6689d3,1
bs_b32536483ed914413d85341a,3
bs_b32866e22f3d593389075ed7,2
bs_b334ebe861de1a11fcea774e,3
bs_b33bdc3d5b8a844cd97a1463,5
bs_b33f6338f82d78df6699ecec,4
bs_b347b698dac5bee4690a1e66,7
bs_b3515953c7f8eef111836793,0
bs_b35ba2f90abd31e2a17189a3,0
bs_b35d65c95845f10b9d5ecb2f,1
bs_b36fae9d61cb5fbd21e4a701,0
bs_b3707d02a0d0fb8d1f5ff066,4
bs_b375cda4cc26db60b2077f0f,2
bs_b377deacebcf2684f644b696,5
bs_b37c37ddd10a7786d7ca9c6a,5
bs_b383c6b2e4506292befac487,5
bs_b384e698b1753ca71d979ac2,4
bs_b395548ca31a44a8b8d2c94f,6
bs_b39d738de5811cb01359c5be,1
bs_b3a44f612c59f3bf01a9a4b6,7
bs_b3a8610bf69854dcbc1cb994,6
bs_b3ab3814828d340e0eeb0277,4
bs_b3af951df5afbf5edfe04530,7
bs_b3bb4ff7fb50a3082111681d,2
bs_b3bf5056f9293413934c9500,1
bs_b3c0bb7563b47b6c83b8fea7,7
bs_b3d41f01e3205987d4b848cd,5
bs_b3dbe1a8023ccefcb72cb440,4
bs_b3ddbf3487ff05997518c937,3
bs_b3e348a233ba7eb2b141572e,7
bs_b3e4c00ec627b53e4eb5f42a,5
bs_b3ecd2202691005b1a8bf35d,6
bs_b3f9c4c3e14831e1e297476d,5
bs_b3fd3b1f988cde070f991b49,6
bs_b3fdadc0455d8d0f3f4d020e,2
bs_b3fdd4195dafafa3741f7b1a,3
bs_b3fe4311b54af13023d01f52,1
bs_b4025f121c5fbd7203ecf479,6
bs_b417128e1f95659c5e4572b9,5
bs_b427590b1af5590bd436d21d,2
bs_b43574671e76869292750ba3,3
bs_b446a4bb5d904d7db7d3154a,2
bs_b44f90eff74d792a84885ca7,5
bs_b4514e2a4a2d87f1c766947f,7
bs_b464219baace5eb5861d50cf,0
bs_b464badc04e520d6bab0b9ec,1
bs_b465a56a66e8ba7b95dcc70b,1
bs_b467de4da2859150b24ae59a,5
bs_b46fa18d73dbaa2510be1741,2
bs_b47705ec465cbc2ddd05cd7b,1
bs_b479bca06ddf3ef065eb508a,1
bs_b47a41d43594b7b306bde121,7
bs_b47f4f133d4a5f55571e98fb,3
bs_b49d347f737a443babb7cb93,1
bs_b49daea3ffa4592d478bccd4,7
bs_b49f66e7ff4f7387c036a6d1,0
bs_b4a857562d9da30edaf55087,0
bs_b4acaae35c7aa3f4673938f9,2
bs_b4ad4acdeb4bec8c65c83ba3,7
bs_b4aed92375651213a227f55f,1
bs_b4b23de766b66c7e941116aa,3
bs_b4b33dd850fb916f9a49471d,1
bs_b4b6dc6ef8c8eaabd3fbfff9,0
bs_b4b77eb4e496e83f287d61cd,6
bs_b4b7887ba0d4362a47f509e1,1
bs_b4b8e136f096c378e3d95ca5,6
bs_b4c8c25f0226da57e3089345,7
bs_b4ca8458d26eb5ee293442cc,0
bs_b4cb6004b03c9db4d7cd568b,0
bs_b4cbf5ef1e8201f7cad42090,7
bs_b4d5121e95dd84c49348ee7c,3
bs_b4d5a14acfea0d14b285a2c4,3
bs_b4d7500ea0197146325583ca,1
bs_b4d8ce453fcfb0fee202c23c,5
bs_b4d8f784b241bd6a79f19659,5
bs_b4df5b9538fbb15d141847b0,3
bs_b4e30b1f679ec484430c2c55,3
bs_b4fec0745d9756ad17b6dca7,1
bs_b50063c478bba0771c35a2cb,2
bs_b503e2fb70d75198027d1838,7
bs_b5042d9ed6b607551cafd668,3
bs_b50732bc0d430a3e49afa291,3
bs_b508c8e5252b0db6b7797912,3
bs_b50f68845bbb401b2e0d606f,3
bs_b5136024d9d77319a398d70f,0
bs_b51561131015ce71fa1498c6,5
bs_b519f05db92e44ef12d1d3d3,1
bs_b51b52aec3fda494bd1ab693,1
bs_b528d71d2dc5dabd74ac9278,4
bs_b52d78f8aac09e1e8cb257a3,3
bs_b52f6bd062ac11f4b255f6af,1
bs_b537c9e181df69c48a81df36,7
bs_b54024e8b50d2f48946c84bb,6
bs_b5432667f2370f1b0a31871e,1
bs_b54c034c792dc3633fdc2b74,7
bs_b5558b5c8fbb89587b0c272c,3
bs_b55a33892dc514049b242e22,3
bs_b5603b10a43347deefe6dae3,3
bs_b56ba8f304810c41e1043a3f,2
bs_b56c38382edc6528bb9a9845,6
bs_b56f40c8f8ed8f8cbc78ef51,2
bs_b5700bf400ab60900cfd8798,7
bs_b571fe185207e39f41d668d6,4
bs_b5773e763977c77fe6d937da,6
bs_b5794abd06041638c52c03a3,1
bs_b5867b898119af9c7160bc42,1
bs_b586ed5156551353f576f9cc,0
bs_b587550fdb4df5f2e89b9c53,6
bs_b58ff872e17e546d874a31fe,4
bs_b5942bcd664d064ee04a26d4,3
bs_b59951be443cee43253007a6,5
bs_b59d3b5eca30dc458f150178,1
bs_b59fd2931270fd8f557be66b,2
bs_b5a4036095cd157d6ae4b2f4,5
bs_b5a6f5521dd6a7d7b9e6f7e2,0
bs_b5a7abd4f9136460fd8a4af1,2
bs_b5ac5ac26fffac64bee684d2,1
bs_b5b080357decc753c25876e4,7
bs_b5bbc56e5dabeadb9cdda9f7,6
bs_b5bdb26503e86d7da3430c93,0
bs_b5cdc85ff54f387a8c1fb86e,5
bs_b5d14e0f335b9ff08af91764,1
bs_b5d4c015c8a654567d7463d4,4
bs_b5d8441434bf9f8f1026581d,4
bs_b5da3e05f51064fe64cdfca2,6
bs_b5e0aba3b204fbdf171f7c89,3
bs_b5ef3e0cf96d37c1ec09eac6,7
bs_b5ff68429498906846c6f467,5
bs_b6025c8c78d5032cdb738d72,2
bs_b605db39352e00cabf69947f,2
bs_b6154889d4d6f7974f00a653,5
bs_b62907216050d1bdb875b193,5
bs_b62b6d059b278138c938553c,6
bs_b62bae3831dfc13466416f55,7
bs_b62c1c7f2e48d0eed73705c4,4
bs_b6338b0a1c30dcf439c47f1a,0
bs_b6378845549abf433f6cad63,6
bs_b63e026c60ac1fb3d7724299,6
bs_b6401a65bce120b23a3647b0,1
bs_b64459b7f1598ad16e77295d,2
bs_b6454b03cbfd45b6a69e24a2,0
bs_b64778aeded669adac2245ef,5
bs_b649e3d8215696a1c1ec86e9,3
bs_b64dad219c04612125281f44,4
bs_b64e425e3446c011fb97235d,2
bs_b66c03e04f5e0d16f04399d9,3
bs_b67781159f7de09698c07255,3
bs_b67bfcf6a91bd10a242b155a,2
bs_b680a815ac27dc73ed9ab14c,6
bs_b681c9cdf99723ed2ae8eeeb,1
bs_b69369f08ecbb87314d81431,7
bs_b693f8f0bab826a1df2c44fa,2
bs_b697bd567c9070b0023f22fe,1
bs_b698b9f168cf570f3d88870e,4
bs_b69a7d0ef4ec21d40bed03cb,1
bs_b69b1142f2fac3f83e8c156a,1
bs_b6a09b1a7b029fa8e25a13d6,7
bs_b6a166445d5d674cecb14370,4
bs_b6a52e950fb7d4b8a4434a15,3
bs_b6aac0e93fba2d788a04e3a2,6
bs_b6b3eff880afeadc5c4e9ca2,1
bs_b6b9a6aecdb604a10e6c8b51,2
bs_b6bf141cf4a2cc99dfa03d51,2
bs_b6bf93982238d03d258ff52c,3
bs_b6c0cede0355f740369c63c6,3
bs_b6c2fc397ce9e5432ea04ae2,4
bs_b6cc00c80bb139a45f6ac5a5,0
bs_b6e03aedb175ac07333a002e,4
bs_b6e1aa0236b74e086127e654,7
bs_b6ec3562237d55e2ea8c2ffd,1
bs_b6f3b3e82309aa9e60ab3432,6
bs_b6f851987611c13f56eb3875,1
bs_b6fdd93999ec4a781b052052,2
bs_b702426b3ba9db609f25d99d,7
bs_b70d21dc1cd0134d96af4f68,6
bs_b70d70a897e4df2b1e1c8f57,0
bs_b70de2c3e30f6a98a5a45990,5
bs_b71314944498410bebc6a843,6
bs_b71699b4197e1430cb9e7c54,1
bs_b719f1092d3f7357c39d771a,5
bs_b71b90bca3822122d6fa86b2,5
bs_b71f7e2ac76b624a417162b4,0
bs_b725d35580b9c1f7d267e9bb,5
bs_b735675f60e7039e9ad18d39,7
bs_b73d26197baff5e141a81fd4,2
bs_b73e4cc4652c8697bd0f6eba,3
bs_b74fabf70cbc30dce01716cf,7
bs_b762c3fef2910cfc813be213,3
bs_b7725002481bee40e5169db6,4
bs_b7739c01487a72ccb85ab43c,0
bs_b77bc8822eea443246d9efcd,3
bs_b780272a0a4d7440dcfe4f30,5
bs_b78041d7d20e3599b31333b1,0
bs_b7896aa66b9a1b16d1e7860c,5
bs_b78c2012ae5694873c21b277,4
bs_b7910d629469a35996a97b6f,2
bs_b7967b92823a691030a3271f,2
bs_b798ccad7a3d542faf676ca8,1
bs_b79ad58f1f85738f1a2885a9,7
bs_b7a204b021f7893fb530b555,7
bs_b7a5958cc559eb1be886f947,3
bs_b7b6347fd606a04a7ffe2e88,7
bs_b7bca3080ec906a3ba9146fb,0
bs_b7c570a58f59a40f4090288d,5
bs_b7cc17ad693f05fced166aff,0
bs_b7cc63842abce39358e9d7d1,6
bs_b7d1fece62bb03d3e066b5ee,2
bs_b7dcdf208fbb25a336e3ba2e,5
bs_b7e4e9cdc25429b4aa56db97,0
bs_b7eff79462e81adb68136155,0
bs_b7f3a8fb74bba955e252380d,1
bs_b8052c03435df8bcc1a76382,1
bs_b8139114b008b74c1409d7c7,6
bs_b8162e7e6772d9d39bce807a,4
bs_b81b775c565fad31c7060413,0
bs_b81d183312ee0204b27d7e71,3
bs_b81dd1e8362f2fe703883f3e,6
bs_b8220e7efbf373dbd9f9a8d1,7
bs_b8285708a2bccdeec1b42ae0,5
bs_b82f84259fa3cf85f70ee4cf,2
bs_b82fc69beb7d5615c0b59c77,5
bs_b83a930ce9b9d2a3c1f7d85a,6
bs_b83df7175b3461f5ed6d454f,4
bs_b840048f0f750220bbbf83c4,2
bs_b84dae6cdb0e73f048b6543e,1
bs_b84f31fd305fb2d6bc3bfe25,1
bs_b85259689dce859194c1946e,0
bs_b8560eedf07d2bf41674a087,0
bs_b85a7398ea39c2355bfec56b,5
bs_b85f444d8298acc5c65f9063,1
bs_b862613ce8dc550639f891e9,2
bs_b87096a3e87ce447457998ff,2
bs_b875635a952e75c898a0bd15,7
bs_b87711050917e4598ff1108a,6
bs_b87de65107c0c58ac23355ef,4
bs_b87df38730596c5be43ed477,5
bs_b8880d345d8e870025db3d6f,1
bs_b88e2ea93c3672f0a471f889,3
bs_b890ac26a852a758861f68b7,7
bs_b890f32d995bbfd57af51236,5
bs_b89598301973a92026bb86c7,7
bs_b8978177504ef9bd58db5aa0,3
bs_b89843d2803db08d6a16c4a4,2
bs_b89f1d5bd07eddd5cc2f372a,6
bs_b8ac50231340f00d806864d2,2
bs_b8aefe7910dcdac675049db2,6
bs_b8cf0bd9c7d590d049e2c86d,0
bs_b8cf4b1c22271d013cf8c2ce,4
bs_b8e176672ce3d005cec5878d,7
bs_b8f12f08758733cf9fea17ca,3
bs_b91328072abc69aeba27a150,0
bs_b91594933a01aa0a9213f64a,6
bs_b9228939e7d3acd3518fedd8,0
bs_b93f82126fb514c1e79e4f07,7
bs_b94328a07d7ab7a9ff318a43,4
bs_b943b72dafd9a900b7d20d25,3
bs_b95c1d338a3959f36ae321a4,0
bs_b95d92ce7e18d59de6432819,0
bs_b95e38df11220462042cfbd8,5
bs_b96aa07c6c39d66532a2d847,2
bs_b96cb4e7f853f06d1cd53586,1
bs_b96df51479b0ada3c0648469,6
bs_b97cba3ef4be1bb3b771f6c6,1
bs_b991783523a964153b3bdc5b,2
bs_b99665e4beae4150153ddde3,3
bs_b9a08bcd660d862a3187cc98,5
bs_b9a18ddf403e18d34c4f0a5b,2
bs_b9ab98c6ccb519d671d47ac5,7
bs_b9ba29e41d51244f97cbb127,6
bs_b9ba3a8729e2f3c2d649afaa,6
bs_b9ba87f19a2d4bdc888737ce,5
bs_b9c77213243cb93e6547cba9,2
bs_b9c786a77c78a886707a8057,4
bs_b9d744ab699eb5a715f0a6d6,7
bs_b9da5e85f8ee5850b1c83c18,7
bs_b9dc4830225693a5c2157faf,0
bs_b9f3012b53cc70923f9e8f59,1
bs_ba122fb849e849e24a6b428c,6
bs_ba20b90e35a1d4a190436706,1
bs_ba26d72fc7ff7491c3b1ed83,3
bs_ba2ee3910b3084d138dd61bb,5
bs_ba2fd424e517858db4a30bc7,5
bs_ba31e11a16df88c2318f3611,5
bs_ba369aec68c181f5b777f47e,7
bs_ba3b3b25aa7130fd01dd87b5,6
bs_ba3e55ca914bbfb540d1916a,5
bs_ba42db2200e1d55ed1073850,4
bs_ba44193a1c5608aec5358194,1
bs_ba461d9137854b5f3b0b617e,4
bs_ba4c780421b71b849281317f,3
bs_ba4f1e7c1c7a966e816fb3ce,1
bs_ba50baec595e5983824de967,1
bs_ba55664c67af15170a271a05,1
bs_ba68d42159deea5e85c282be,1
bs_ba6fa7026054cd99f42b3778,1
bs_ba706d0ff65f00f5c81eb4e5,7
bs_ba70c62e382eab2df09ca88b,6
bs_ba75a6afbc25b94f4aeb19b3,6
bs_ba87743bb420dcb3e7757df0,2
bs_ba93cdb2a1da0500478fb6f8,6
bs_ba9d50e4df5bd59fc6170dc1,7
bs_ba9f000fb27ed6b4c574fa87,1
bs_baad01a85db95066b9a782bc,5
bs_bab128f7166f535da441ad7e,3
bs_bab2ad78894d3ea60191d507,3
bs_bab80f4aaece22dde4bd7e54,3
bs_babb072ad1d0eabcac413a9a,5
bs_bac292728975f05f95ac8fd8,5
bs_bac5ffc31025b40eeddd7727,2
bs_bac81a76ce8db884bd281148,5
bs_bac96e5763291f1566842267,0
bs_bad069053fa1a84cd9ab5381,3
bs_bad7db2a02f6734c3470b71b,4
bs_bae198205c99913d27257cd0,0
bs_baf18f82e35623c25a3eef5f,3
bs_bb125e6a84048e1fe8d1e17c,5
bs_bb12fa7b5d63d16a88533460,4
bs_bb1d21c68153ec4ac0e273b9,1
bs_bb32ff4b3e30901a8cb5aa4a,0
bs_bb3a954a2ea87c27841079ce,2
bs_bb4369d37e3f9a92ceffda99,6
bs_bb44961c22302331246772e6,2
bs_bb471959e1d7ca8f9a58736a,0
bs_bb4b574bc2dd317d3f8a6d5c,7
bs_bb550300ff7c945539033fde,3
bs_bb5c07c877c10f4ee8005103,0
bs_bb60900d72cb338d9959a8dc,1
bs_bb689423241a58624083d2ae,2
bs_bb68c44c06b53f37c162a405,6
bs_bb6a18f1fdfd64ea1e6fbca8,5
bs_bb6aa9367d0085c3401116db,0
bs_bb6fc377a49cce8a1b634753,1
bs_bb736635907b632ea5a01f4e,5
bs_bb7f8a105cddd34d149a23da,5
bs_bb885b85eb9ff36dad8c3ce6,5
bs_bb89d4076ed06118b857a3d8,0
bs_bb958d7f35750ac0206224ab,3
bs_bba5b86bb0911b6b179fe45e,4
bs_bbb190862c914ff89988f5f3,5
bs_bbb42f92d9d1a3791046a305,0
bs_bbc715ee346cbdf796051803,2
bs_bbcaba868ebaa4b130cae494,2
bs_bbcf1da1b16f4e3cfb03a737,7
bs_bbdaa96264423b4f5b8c31c4,6
bs_bbdda96f7bac9d647ad69704,4
bs_bbef82ebd95ebaec34036dce,1
bs_bbf63342ede3b0153435f0d1,1
bs_bbfa384ee7cb8088dd3a60fc,6
bs_bc004cf806384b61a85608f6,0
bs_bc0106136dbcfc43cdd3f866,6
bs_bc06c4502137312490764938,0
bs_bc0ad8f08539a8e2648e4358,6
bs_bc0cec8b44a2c4e811247360,0
bs_bc14e3092ec293752dccf966,5
bs_bc161581a8c2a093a186c0cf,2
bs_bc1991ca2fe0115150d9cd32,0
bs_bc1e21d897ebdaaa49a8c54d,1
bs_bc1e9e68da104e1d2025b745,2
bs_bc1fb2a19a89f57b08b6020b,6
bs_bc2128e52a391e3efbe3e362,1
bs_bc2b7752ddf105682e9d86a7,3
bs_bc2d1f41bfb488e87e71e1d7,4
bs_bc2e1eaaf1cc3c44d9103180,5
bs_bc2e832234105015e575ee06,6
bs_bc32b7746278e2a5ea4693f0,3
bs_bc37b5d7913206addeef5d44,5
bs_bc3c606d968255ef0cf0e317,1
bs_bc40eaab5dd410ea4c208856,2
bs_bc46195349887110e0cb0761,0
bs_bc46fb107ba015256df985bd,3
bs_bc4bbfcbea0b2adccd3809f6,5
bs_bc5b878d28f10f874a43961a,2
bs_bc5c19252f0753ffc7d9ec13,6
bs_bc5cd37baa8e9f1628f0e729,2
bs_bc60d3cbe4b764476a690602,1
bs_bc68a13099e979a78129270b,4
bs_bc69f01c9057f8c463cfdec1,1
bs_bc6f63011c9524dfc43ef116,0
bs_bc6f9e82f329052c16a9b17c,7
bs_bc71058d2a64d775b75762b1,0
bs_bc7c6b7ea168e031b23604a2,6
bs_bc7e36db3845218184f67e40,1
bs_bc8c4bdc55c753042fda4fb7,3
bs_bc9457318bb460113efb6a6d,6
bs_bc983bbb7ebe0c9d70cb87c6,0
bs_bcb2851ebe3ee58984f81aa5,5
bs_bcb2a6d0db6cde37d7e7815b,3
bs_bcb8864dc2aeae490344ca77,5
bs_bcbb0a1c15997e3fb7c6530d,7
bs_bcc81fa91b9f628f105d747a,1
bs_bccc65606b1ff3c40e8a33f5,2
bs_bccc89e0988fbfac123de9e4,1
bs_bcd02a5a12a2a6fe4a03b7fe,7
bs_bcd0ba6373b95b00568897b4,4
bs_bcdbdc9844ff3a7fa3fbc1bb,5
bs_bce38a91fcbee3a674992cc8,1
bs_bceaaaffd520226cf2537a7e,3
bs_bced6863249d378d6b74bfbb,1
bs_bceee6f117e17a67a5b0b403,7
bs_bcf54a515bb2b92705e6de5c,3
bs_bcf577b6c5eb223d1fff6704,2
bs_bcf7a4a13ca25e3022db4b37,2
bs_bcfcb7dc04b032c6fceb87eb,7
bs_bd02a090181fde6dfc3f5b28,0
bs_bd0d878c527129e18a149eb2,2
bs_bd0e9fdcea22f69165fb49d9,7
bs_bd13d501e789acb7226fad84,6
bs_bd153f088e7c195c8740f7e1,1
bs_bd15aeaecfac51fc052e404c,6
bs_bd23a5fcced8b420b5ece024,5
bs_bd2713d30fc84d7ca74e2706,4
bs_bd3185dc247f700e14beeddd,5
bs_bd340377892975bb18226d5f,7
bs_bd3686fcf2e29a2f1905a870,0
bs_bd3a1e4694b75f6f7fb04777,0
bs_bd43725f9ce2d50f127f1881,0
bs_bd456f37d492ad294c35d272,2
bs_bd47deddb0940830be5306a5,4
bs_bd53a2b863e2c4bd0c473066,5
bs_bd59cb9de5990085325443fe,5
bs_bd5a15e35728459f087ab7fa,6
bs_bd610d3c3493b08fba9b563a,5
bs_bd62d961cd5bd5540a39b7f1,7
bs_bd65f7feeb16c93fc0311b51,2
bs_bd69fc4f44256177a75ef008,7
bs_bd74dec73dd48eefac0f6f76,0
bs_bd7a91eec690d10b9293ae18,4
bs_bd835148f7227a4ee868b992,3
bs_bd8ab0ace2c5818a176a456e,3
bs_bd8bc22c36ac18ba04687f6e,1
bs_bd8d3081ef0cc37577a85925,1
bs_bd8d94dde233a5df4ff5c742,3
bs_bd8e2a21c198f3b7c5d71202,1
bs_bd8e922da41edb4acb66b834,4
bs_bd93c48d11bed7db9ff9741c,1
bs_bd94d50a1223364e4a2c33a5,1
bs_bda316d08d061e653ae91272,4
bs_bdab08bfcf08b909f98b3c81,0
bs_bdb524b18f5bc9294b9e8ba1,2
bs_bdb5e5c354c0b8069f63be54,1
bs_bdb75225f6ba93eeac563ce6,1
bs_bdc0ef0fe12c8a1d62b29089,5
bs_bdc79d5a394c057bfad39e2c,6
bs_bdcb88058c0dff363bbb1f89,1
bs_bde2c6a1a233243788a688c4,3
bs_bde306373e813e65af339566,4
bs_bde8c197cd6f85ccb7e9e6ab,5
bs_bded2c8a6fab5e1722a1aae4,3
bs_bdf19554c1686f1e505ed251,0
bs_bdf2fefbba164295be3d7fec,7
bs_bdf340bec5929a6f4ddb096e,5
bs_bdf39d9f9eb77f69660713fa,1
bs_bdf4690b36fef6d230b952d9,4
bs_bdf5a9eeef9b8936734b0bd4,0
bs_be009163f5d9f9486b6d0427,4
bs_be03ee2ce3c99219ba6a370e,5
bs_be07311e4337c8c667870971,3
bs_be0f70e1bd793f407f4b690b,4
bs_be1013c1a06527197a1df055,7
bs_be14b0fa321a859d2b2d73c6,0
bs_be15175a8a0184559a7f13e2,0
bs_be1982b9275796c7f980a9e3,5
bs_be1a4618eaf895b8d9f3eddb,4
bs_be1c2cc53310b673268d0123,2
bs_be2cfccaecff5b0e888d7fae,5
bs_be2e78f24ec7c9b4db67054d,6
bs_be3c8fc92cb6ff1820e29930,3
bs_be4c29c6a5d9b6457632939a,0
bs_be53ac02022d052e5da4d4e8,2
bs_be54c6e80976435cf71cf699,6
bs_be5ad11ec1a3ac3f41723396,4
bs_be5e19e9fdd04f11fcc3aeba,4
bs_be5edebf7009e4250c6707c0,4
bs_be68012ef2dcdeeda77bc7ae,6
bs_be6d21063c8e174060fc8960,2
bs_be71848c5d4ab0d2f2e566c9,1
bs_be741e9b676e91d0591587d1,3
bs_be7be33e6cdcb2a291ebd232,0
bs_be7c19cadccf3a29b322e856,2
bs_be7c3ab785870f707351dbf7,1
bs_be7e24c2893a8986c85a8413,1
bs_be85c697c4cd3afaddb28031,6
bs_be88f2ace25d331073b46b4a,7
bs_be90b94efbfaeb767b5cec2e,3
bs_be98ba98140a780b4abce384,5
bs_be9c09270b50620b1969f5bb,4
bs_be9f9644815ef7d9947dd9b3,2
bs_bea24f233cac67c4061daacd,5
bs_bea7e29f9cace87081ef55bb,5
bs_bea94a760f5100c7519fa0c1,6
bs_beb01996c50f1e2f19668c3f,4
bs_beb23bf183845dd70259dae1,2
bs_beb3e6167948a5ab3777515a,2
bs_beb582895ef28960d9e748c8,1
bs_beba5e84a03f633fc4e21acb,1
bs_bec31798f80378b5252c3719,5
bs_becc8e9a2a82d36f17446f5b,7
bs_bece1163dd2b80c203f93c83,0
bs_bed1a4275a701aafda2b2f69,0
bs_bed25946fbed2269f15c4d88,6
bs_bed84cc7792b00487c0f09cb,2
bs_bed8be579b198a89ae2bc483,5
bs_bed9ba52de2ff52548782322,5
bs_beddae1d61a66a9ea9d66490,0
bs_bedf8be4591c8cfbaa412b9e,5
bs_bee40c039c19c05a7e87435b,0
bs_bee91d0096b9317786f0a240,6
bs_beef293913e8d86843cde00b,3
bs_bef5b521ec38d7f22c59dcdb,7
bs_bf006a1a612de2f20a994902,5
bs_bf0177ba8f58f36d479364a1,5
bs_bf0352f312f3207550fc2a9a,7
bs_bf0e9aad00e5747a402d47b5,2
bs_bf139ff43d62db75b44bafc3,7
bs_bf1e12c5af431bff61d359d4,3
bs_bf1ed9f5cc633ce8c53229fa,1
bs_bf245889f6940ce17af20045,4
bs_bf258892727c320505ee97d2,3
bs_bf262169b42217a47a4782ad,2
bs_bf29830c15ce8e767e6df80a,6
bs_bf35642461f7aceac0920cf2,2
bs_bf3b17c697a8fb402a38cd88,1
bs_bf3b1fb1773ee64fde67a4ec,0
bs_bf3bbc564985b335807597b6,5
bs_bf43b4e896a40c05de3192c2,1
bs_bf46c61e68e68fd2485c99fa,0
bs_bf473dd1fb19ad6097b97e0e,7
bs_bf4a733e366cf38942572bd3,5
bs_bf4d991264769b085bbf4ad6,2
bs_bf559b85e5c879db148ede35,4
bs_bf5ee6cb6e7fd6dc32946add,0
bs_bf7eba218dbc93d691de778b,0
bs_bf818220ae0b5974facea6bc,3
bs_bf839727ea240cc21ff9d29f,6
bs_bf84f82fa5a8cb4710d3cac3,5
bs_bf9dba30aa7be0d2b2d40c43,4
bs_bfa204f1a1e8e77e524502fa,7
bs_bfa2c377df19cab3c2809269,3
bs_bfa4d42326a9e9652ef9ba5b,4
bs_bfade8f374c8bba2130712c5,3
bs_bfb66b8d15108b3750cbe4f0,4
bs_bfb7be841922bfb9c68db3e0,3
bs_bfbeeece0c399f7de259b7f4,2
bs_bfc3b4479126d165beeb2579,6
bs_bfcee0f4ae189d77c641786c,3
bs_bfda237909342074904419d0,1
bs_bfda29e5c3682dffffd75853,2
bs_bfdb6d938231b937ca6b5347,0
bs_bfe43ae4dbce51da4b6b5aa5,2
bs_bfe60246177a91c648676b09,1
bs_bfe627f154e926734938f2cb,2
bs_bfec33eddab6fabdfd7475b1,7
bs_bfedf3b5aa689df5972d63b5,1
bs_bff4f56b934759e3c1dd4af1,5
bs_bff5cf060d5731f02676f1fb,6
bs_bff7c51a45c0370d52c43bfa,4
bs_bffddacaa2c5ede9f777f8d7,7
bs_c009cdb254797bfb00b8a048,5
bs_c00dbb892d59165434f11cd9,6
bs_c00def592f8710107e7263b5,3
bs_c011f7262004bab7c26e0b1a,3
bs_c012583c277728772b3ebff1,6
bs_c016b514047c3519c2cbbbd6,3
bs_c0339ae7eb2ab031c0a1cde6,3
bs_c03b51232ebeac4c37943b03,6
bs_c03c90888f6da931f7254c77,2
bs_c03f17f4b10060459c94c69b,1
bs_c0449d29a1f6d2a4245a4961,1
bs_c05568c9b17dfa301daa8b9c,2
bs_c05751ec19a5c8f249153883,2
bs_c0592205a2855e74569fec4e,2
bs_c05ae69d0e6b705b5a5c7f0c,2
bs_c05cbf9bdaf53cb4aaf51a1d,7
bs_c076acb6c151f4c75df21ce6,2
bs_c07f8f6d400aeb25707869c4,1
bs_c0a78780bf009306d191f427,0
bs_c0a8457a22a2a60a92bde7fe,0
bs_c0b379f2b092197b410fa0bb,2
bs_c0c0d2a03c30c2252ab46a2d,1
bs_c0c79a985719c7b317e68712,3
bs_c0c89e6ffbc1db0b0305d72d,3
bs_c0c9db3b9b312b257473197b,7
bs_c0d47b0138b0aa1bbfd0a719,1
bs_c0d4fb16ab0cec581a8e388e,0
bs_c0dfd24824727e59ca4add55,4
bs_c0e08565b87787eadbc1fc52,5
bs_c0e3fc107c3eadcf50d7e5c5,4
bs_c0e43e3f8a67c559d96496ca,5
bs_c0f740a098aea5fa060dd41e,3
bs_c0fbda32b46cef894de3be70,3
bs_c10ed09cfbeff42cc8516f8c,5
bs_c1100917b383ed899fec5666,3
bs_c125112fe44340dd3f07b270,6
bs_c132b9382e5200177777359f,4
bs_c1448d8047f37c327d536360,2
bs_c147f71fb53d3d4d5777371f,5
bs_c1568831c6792faf82d76200,0
bs_c15763c4bec9aa6df904447e,4
bs_c15fc6703b7c982f3715ab60,1
bs_c160840b6202bf113d61c671,0
bs_c164cf6a6cdb244128717f3e,3
bs_c16c2bd5e5785ab71717d3e8,6
bs_c16db7d3f391611855425f1f,5
bs_c16f5e195806d3cbe0c4d10f,0
bs_c172cd4daedc15c8a28616c7,0
bs_c175bc1b7741ce50e58d4a69,7
bs_c179e074ea363a1f088e0bbe,4
bs_c180f5476adfaac140e5805b,4
bs_c1849d1eb4c99bc33fc26a39,5
bs_c184c2f107d04c26688297a6,3
bs_c185a075ce8066a384d93c51,6
bs_c18965d63fe9a3e9e34c31d1,7
bs_c18b08312985b3615afa7c85,3
bs_c18ca23354f200164dfa0b8c,6
bs_c18ee74ec547999ba3a1cae5,1
bs_c1934179e59b8b8f550c72e7,7
bs_c193a46941a30f8a52fbf0c8,0
bs_c197b6acb41fd8cd0e159800,5
bs_c19cd8cfee70ec9fb2cb92ba,5
bs_c19d8b3bf28f5aeef3078751,3
bs_c1a1db1484625fe09a54c8cf,4
bs_c1b041bb8da333374902429f,2
bs_c1baf35804d02a2c6aa55591,5
bs_c1bd0d75673c1bb2f69a1c02,2
bs_c1c74903dcb494dde5ada622,4
bs_c1cb5f50aaf59186120867ce,5
bs_c1d00704edb03aefaf194b15,5
bs_c1d52f8266119e1bb78cd192,2
bs_c1d985f6241775ecd6bb3dcb,5
bs_c1e38bfd7403d8773dcf2b5d,1
bs_c1ead61d17018e8ae5cdb890,3
bs_c1ec3e9e722f826ddaa7e93a,6
bs_c20441fcc9791bc48148f7b3,3
bs_c20b33b7524d2d1453e08bca,1
bs_c217bf6717fd619d0096acb8,5
bs_c21c60ec667f4b8d3cf22f18,1
bs_c2250c8065660619dbcf59ac,5
bs_c2320c5a0867fa4cbc9e2f72,6
bs_c23590e5cdaa41a96b55c1de,6
bs_c23593717d5f4fd86069e55d,2
bs_c23deae06ed92cb617f924b8,5
bs_c248996b4949f369c2a6d08d,4
bs_c24e1cd3829d1354060b2227,2
bs_c253131f275fb4081b3165dd,6
bs_c256237db3a3cd9cd0c72a95,4
bs_c2651da89f404a3ca1fd28ee,6
bs_c26adc4241fd29cb3e7d46d7,4
bs_c271790cdf8f05ac04833e9f,5
bs_c27314f1e58a972ddcc2070c,3
bs_c2906015bd9c156f8b7d582c,1
bs_c290795cc152b8c10667e57f,4
bs_c290deaef07e14f5fbc7cf85,3
bs_c291260dea9481bf22d414b4,4
bs_c298de5f2ae605b34c0f9788,0
bs_c29a795e574cc091de7c11f4,4
bs_c29c708d506ba4bfc8d24a39,6
bs_c2a8958b1c82d5211b2bbb75,1
bs_c2ace72edd10873f5b6304ae,3
bs_c2b37cc464cf6d03d4ae0df1,4
bs_c2be278c3b63081d43281489,5
bs_c2c1d807bde8985df1997f9b,6
bs_c2cc0cb6e7acb4a4f82e6da0,4
bs_c2cd291200cb87726a94e18a,3
bs_c2ce67dc43ca1c6ee8a48f6b,7
bs_c2dcb7f804ae914d6f653398,6
bs_c2df9478d7e5949eceeba102,2
bs_c2e6e7893afcfa3b159809f0,4
bs_c2e992a6490626683eb1a8cf,1
bs_c2ef0c38dd6f49e9e6bae6d4,3
bs_c2f5d93ba8386ea7b756f610,2
bs_c2f8ed729869708ce6150a73,0
bs_c2fadf2c4b38bca0f7ec0ac5,4
bs_c301c95c6f7a06cf24b50543,6
bs_c30229da0234796c85e9e402,1
bs_c3088534a6db93f53d9ddce7,6
bs_c30dd2a6d233eae64901bd65,7
bs_c313e4e49a604f6d1df50ed3,1
bs_c31481717f15af4ba73596a4,7
bs_c327242d4c9c17523c6403bc,4
bs_c3281f51c9237fa77d6081a8,3
bs_c32a68b932db16a0e7bead30,1
bs_c32bbec63f8f821a992b60e8,0
bs_c34436d8cd1b07a28b9d92cc,5
bs_c346ea132810ec4745afbd9f,2
bs_c34ef99bbe8d2a00956095eb,6
bs_c359bb418c6f31fa785ff66d,5
bs_c36d9fc6f825827e1a6d44ef,3
bs_c36fe44a4b36f2804633aa7c,6
bs_c37136d3cbf1711536af5869,4
bs_c37b8f159e223190ce488040,4
bs_c37cac2fa2f9f2763cfba1d1,2
bs_c384293235aa112f9ade2e98,7
bs_c38da33b143225c3a30ddac2,7
bs_c3920a319198d33a7db0d1cc,5
bs_c392a72049eb0f339fe1f0af,6
bs_c398db04209f1e58f212e3df,4
bs_c3993bb90692a63ab568cce9,4
bs_c399c135b37c860997f2d886,7
bs_c39b80f64cd9ac2b4c9cb037,0
bs_c39cbcf161b10c72a034d713,6
bs_c3a1abf65948bf9b5ca84eaa,2
bs_c3a3829cd7096c7ce52de017,3
bs_c3a3ffd4be5e1ce62eb3e948,7
bs_c3af3285d8ccdb8c693c29b2,7
bs_c3b019ccac22be66ddf2c387,0
bs_c3b962b4aa567629538a3abc,2
bs_c3ba686263929c06ce2cbfc6,6
bs_c3ca4c08b9d8e3a36592550b,4
bs_c3cec05a6eb58c27e4e232bf,1
bs_c3d04e6b11ca6dbd738e4ab3,6
bs_c3d5f9d771eb04e45c4301b6,5
bs_c3d7976130227367402ca7ee,5
bs_c3dd437e11479421fc11f88c,4
bs_c3e9e709896170e36ee19277,1
bs_c3f82d4ccfd5a8439b4f1f9f,5
bs_c3fe1ff17ebf104f04bff161,0
bs_c402ef7da3cce93856c81b5e,6
bs_c403a3f61aa5a534b0d579f6,2
bs_c4064662d0b0afb69327fd4a,5
bs_c412a1c45b119f8e4a93ce16,2
bs_c4185a5f55be8d1dcefe6686,4
bs_c41b45bb23f0792a54e5b5c7,6
bs_c425d0144e0e723301837b78,6
bs_c4396ac8c0c433408c3bc440,4
bs_c43b590aa03ec9b33ab70579,4
bs_c457b12cebefb723ce1c13fe,7
bs_c45874432298365efff13ac6,1
bs_c458ee27a733f1eb801ea097,0
bs_c4598e065c0e88a684a0f2e3,6
bs_c4616644a09b3dc4849e182d,1
bs_c4698f9ec8076b209854c414,2
bs_c46a71a661de3f769455dbb6,7
bs_c47107079f38ee2ef7c69a0a,4
bs_c47210f8603884bd97d7e151,2
bs_c472a77421cf91abbe6c23b1,6
bs_c478b50f44674e3185cab132,0
bs_c4796de465aa5598197ceff4,2
bs_c47a06b90a468a94284ad443,1
bs_c47e8ffa83e57444684b51dd,1
bs_c481523810ed9aafa422939b,0
bs_c486955a4c1a59f6a7e9832e,6
bs_c48dbfc33aae48435e21ddab,5
bs_c4973399460dcd4cdd3f5a9a,3
bs_c49af4a83d1e6492113ce2a2,1
bs_c49f88cb859a8892682cfe07,2
bs_c49f968c1c4f6d74995ea833,1
bs_c4a5531ba120a3a5265f2f5b,7
bs_c4abfe90ffb18c76442fe214,3
bs_c4ac19f12c851fe84a3563a5,0
bs_c4acc738a6deef9a24b4fdcc,6
bs_c4aed4db66714bd2e90fc1a4,2
bs_c4c0238ed994aa960d23ea28,7
bs_c4c59a84841453d232e697f0,0
bs_c4c5f610dc6471112843bbb9,5
bs_c4cc244692ffb4e492f3e940,4
bs_c4d1e2bc81988f34f5837c3e,3
bs_c4d4158751b6f7b714ba75ed,0
bs_c4d4f0a7013237bf565b3e69,2
bs_c4da868b7feba802ec2841b8,5
bs_c4de4ebcaacd4967a1ea0720,0
bs_c4eac76ea4adb4dd0c8c0e4a,2
bs_c4ed1bceb25f53f3ee1d38a6,7
bs_c4f32840ba111ff51ef903e3,2
bs_c4f4d27e633e31e7153ff192,2
bs_c4f60bf57f44832cf379ef23,2
bs_c4f87b6cfb9f978363760f0a,6
bs_c4fc2d4bb87009744a9ef870,5
bs_c518aa95c3d9268fc2b51f22,2
bs_c51e3bfbc7a5eba158d285b2,0
bs_c523f74a873c805e947697a0,1
bs_c5270b013b1e8dc3943a1fa1,1
bs_c53556ab663e209b7ad70ba1,3
bs_c538941c60d1124e92e07724,5
bs_c53e35401fb48248a56bc402,4
bs_c544d98a5aec0dda222e722e,3
bs_c54fc74a6d5190e2b5df72cb,4
bs_c5564f0c929a6bfc446c021a,7
bs_c556826bb9ad5ae054e660a6,0
bs_c5578aeb6edf9291d898265b,2
bs_c557e1e22d52e7c5d3832a63,0
bs_c56016329510833c56f8e3ca,3
bs_c561c4fbd9f45534ff174471,5
bs_c56775a5140f6ca9b5d36c0d,0
bs_c56dc4e041f0237a0fd90ca6,3
bs_c56dea251b3248b8c0b0f22e,2
bs_c5782ae37672e61c0c47e133,7
bs_c57f1c5f99a1821580008b81,6
bs_c581dfc124c85d8febf257ed,7
bs_c582e69798a5da895cc07e24,5
bs_c586b20be3350016370154bc,0
bs_c595aed09874fa0489e91dd9,5
bs_c5969ff248ea103de9a73589,2
bs_c598a6f975e0b48314fdfd49,0
bs_c59a7b0d09a5acface97b9e3,1
bs_c59c2cb208c97a112b418376,6
bs_c5a04c2858c4ce66cd89abb4,0
bs_c5a33fb151ec2044e6583726,2
bs_c5a43d69b1f39096ef1a65ad,6
bs_c5b1e27475c87472f4d0ee83,1
bs_c5b60e685b5e0890a4f4fc97,7
bs_c5c01d63028549b37c5396ad,0
bs_c5ce7f879d3d6b337be89d1a,4
bs_c5d5dce2beaaee2d617e5c43,6
bs_c5d6ca90cfe6f7c03ddc177b,4
bs_c5dfe5222cc50cab667db659,6
bs_c5e0fc7c086f50e8c4ce48a5,6
bs_c5e829a2e15e7284f4a27c61,7
bs_c5fc9348a48f237649b02642,4
bs_c602c9e443158218322b0eef,4
bs_c606a59a39e979e4e09d7bc7,1
bs_c607a2abcf51bafbd7f83031,1
bs_c60d6960c5ba8625ab5217f4,2
bs_c6123bbab2b5b0ce6283041a,3
bs_c61ffe2ab6d08676ee12667e,6
bs_c62185ee37c71735bea37f4c,5
bs_c621f2a1a6b1046a2a4fcbfe,4
bs_c62e0d71b2fd0be48f1f191d,0
bs_c63070409e1b93bbd26f34bc,2
bs_c63857b3e1ccf296ac5bd657,1
bs_c63cc1e76a54546d8fd23a7a,5
bs_c64e49872b7c4cdf3c1ac5b7,5
bs_c6507493258b74bafca47e93,4
bs_c650d1b22ec1b57789a7541a,0
bs_c650e0a2f043dc0413bc7935,5
bs_c658aed075b5c19228ec2f42,1
bs_c65e006f475550db44fb236f,2
bs_c665eef0767b42abf8abcd8b,7
bs_c66f54b70d5dff2a9ae362ae,3
bs_c676560354846ad7c002aa30,7
bs_c67753de97357b827517d85b,4
bs_c67f08dd7a436cd4fc2cc2a7,2
bs_c689621964e377fa51aac244,5
bs_c68da4fb35097d17466abd2a,1
bs_c68f5ec41c0194f99809866e,6
bs_c6957c357dca6f6e26f81fa5,4
bs_c6a4cb10c8adceb458498cfb,2
bs_c6a9a1fcc0fa81ee6eb81d6e,5
bs_c6ad0e5e2314406f1852b2b3,1
bs_c6b6bc43990acc126268d331,2
bs_c6b94804bd5937f15756f3dd,6
bs_c6b98705ba1c31e0b2fedc85,4
bs_c6b9d3fd1a9bc679932c452e,0
bs_c6c5473c7959dcf3434b43c1,7
bs_c6c830c4f561dca82f22de8d,1
bs_c6cd1cd382bd3b77ebe474c3,6
bs_c6da57bdee3c76313ada7047,4
bs_c6e2e5e8ebebd6521416401b,1
bs_c6ed6a8d07e0320f40be05bd,1
bs_c6f13582bda411a02b1eab50,5
bs_c6f2a43c3eca7979bd4466a2,5
bs_c7004c2e651dae815f12333d,6
bs_c701d45ec90e3e07d2a21612,7
bs_c7064d2ad30214e51efb2dfe,1
bs_c70e4dbc8ab2a36adf9ddd6b,2
bs_c712562828e3c898bc834d78,2
bs_c713d1e6bedb191b29a19746,2
bs_c716205bf63af0761c2e19b7,2
bs_c71cb0a3b5275ee94d198fa6,0
bs_c72051cd7d989aa55895f4d5,4
bs_c72503d7465596e04ebc4bcd,5
bs_c725b861ca292d1ee1ec350c,0
bs_c72e6b5c520232132c5eedd1,6
bs_c72f989e0e73543b2e4657fe,0
bs_c730a99e779e01ece7f34ff6,6
bs_c74515b14f4948b96bc4782c,0
bs_c7475a947d216ed71e97f543,7
bs_c754a60d7cabd74e9bc22606,2
bs_c7559a362239a7d99eb9a3a5,0
bs_c76035cbd36e527005f4df9d,4
bs_c7673eb51c813a88ec2df481,4
bs_c768f49713935e2da9fd989d,5
bs_c770b2f9c4671329e6a79a16,2
bs_c773ac7898b5cd463d127265,5
bs_c776bda3d212ebe298d19b2f,7
bs_c77a34f6402f8cbd2acdeb7e,2
bs_c78eb0ae02f1100151b64646,1
bs_c793df550aa6983b371d942b,6
bs_c79eec7af04e590319ac060a,4
bs_c7a544b4b1e2c9c0e87697e8,6
bs_c7b5f70e2c9e21e7c25345b7,0
bs_c7c4122492e9f6529872e92b,0
bs_c7d0b687a6cc9ea56d864172,0
bs_c7d1544a02ad2a4029f469dd,6
bs_c7d5974956bf77535b1c51c3,1
bs_c7d5de6b03aa5a7aad7918ef,1
bs_c7d8fe00831c76bec1940352,6
bs_c7dc4920914000cb6b7b91eb,5
bs_c7dec040447617bcd459f9cb,2
bs_c7df85255edd816003a3c9ee,7
bs_c7dfdf8c9e1ebe9ebd2fe5f7,5
bs_c7e509be61261390b459b41a,6
bs_c7e50e924531b148e9b849fa,0
bs_c7e873778bd7cb542a865f82,1
bs_c7e972252cad6193b8d80147,3
bs_c7e9ffcc9d9fb1ac2d56d2c8,6
bs_c7eb930c7501b9cdab0252a2,1
bs_c7ece8d01451105c227628c9,4
bs_c7f9ae0ca832cb414e6c91b8,5
bs_c7f9c1e190a38057ece1e826,0
bs_c803eefa9a13044f786db7ee,5
bs_c80be37c7a79046f4d5c2ec1,1
bs_c80f86fe0ce91e9d6411603c,4
bs_c815c6b70294e215dcd144f7,6
bs_c81e58fd9790248b41d04778,7
bs_c826b415f003b116a8e10d7f,1
bs_c82a2bc33dc652933a17869e,3
bs_c83310eace53b7a28f344844,3
bs_c836fa8379ca97ad0043eede,0
bs_c84a21524a227a3f5f150375,6
bs_c85aab91c31a6a620514f7b9,4
bs_c85bbd69a510dafb3dbd2587,1
bs_c85e41518406bd2c026bd31b,1
bs_c8635d7862ee3706b926a979,0
bs_c865140538db1c0b85cb5752,6
bs_c86cf22b9b38283d5023b840,4
bs_c872e5a03f169ce37dbfbc52,1
bs_c87ac78300d631882b151448,5
bs_c88807138e91e739b0e2efce,5
bs_c88d93bb429b62bacbbebc9d,2
bs_c88f26bd474483289054ad99,1
bs_c89daa658947470fc1724548,3
bs_c8a15395b22e00cc5ff2f51f,5
bs_c8b85a7986b7e2c293b09dda,3
bs_c8ba44c683be73e3c8928029,1
bs_c8bab53d6282ce7a26bf464b,5
bs_c8bb2fa8697a4c401f4d48fc,2
bs_c8c198c34b9bc92fab59e64c,3
bs_c8c7f801148ce4b89921d150,3
bs_c8deb40cf31247cf33d120cb,4
bs_c8e1a248326291e1ba87c35e,1
bs_c8f7d2cb48b83513d9338043,2
bs_c90a0420db00c7be68c0c444,2
bs_c91317caacf18969d4c6bc0a,7
bs_c916f4e3836bab1c8a52cc6d,5
bs_c923e687c902594569c9bbf0,2
bs_c92bd341939024e055ae0471,0
bs_c92d62ee0b04adaf77f52a55,5
bs_c936a7814aa6738ae48dc7be,5
bs_c94e32b28b1ee1e7b1875240,5
bs_c94e851ae44cfc2ccd76688e,2
bs_c952dc259518189deb8e359f,5
bs_c956048812b450291b405a71,0
bs_c9588d3e8291f1dae74477a2,2
bs_c95f61be85b8f5987fa324c2,0
bs_c9668275a7d4ae69644e2952,5
bs_c96a2de75edb48febd63430a,0
bs_c97c64b25e1883944e85d3cf,0
bs_c989fe287ebd3595056601d7,3
bs_c98fdedbe8a46f3dfc501458,3
bs_c9994f56b12efd3d12e19eb2,5
bs_c9a3359b4124781d02fd4f9f,7
bs_c9aa512584b8fe5affe1f43a,6
bs_c9aaa2f9534d3cac11e6d28c,1
bs_c9af5c886861d42e4280256d,0
bs_c9c00261fa8fb9b6f2ab703e,7
bs_c9c00cf26f13c465f0d48b50,3
bs_c9c1bbcd6694962323559cb4,7
bs_c9c30af5a9b80f5e44d3040a,2
bs_c9c348844c48965db845ebad,0
bs_c9ca0f124c775fcccf97021d,5
bs_c9ce298c9b8604c08c1126bd,1
bs_c9d2839d8375561e9b3f243a,2
bs_c9d3fd7de81d491bb00e5cb9,3
bs_c9e0b17d31636fbc52f61f14,3
bs_c9e2ab95d8ec957933896070,3
bs_c9e81e7b6e63ec761e718407,7
bs_c9f2a2bac535bc099026789f,1
bs_ca011b8259d4de3d87974bfb,2
bs_ca05b951fc68c5747019498d,1
bs_ca06d7fae66deb1d91cb5d35,0
bs_ca2788664bd3d5bddebe3cd6,0
bs_ca3975f55da43c9ee8b7cbd9,3
bs_ca3bee85c466e75a3e8fe992,1
bs_ca3d0a14a35d4a00a942e473,4
bs_ca3ea221c78a49ccf92b1166,7
bs_ca4c837d57f8fb4826f9a1da,5
bs_ca5016b4288c89da9b11c508,5
bs_ca5719d09aa2c79987ec4194,6
bs_ca5b5881707cf851aed7472b,2
bs_ca6a8d7b1bbf393a6de81317,0
bs_ca6d0a0db5cf227f27fd030d,3
bs_ca6d2a45d38e26916ba25b2f,7
bs_ca6ea8f6d43e952d4187c2d1,5
bs_ca7d30fab3f8c209ef2c9e5b,7
bs_ca8cb4383228258d81a3b205,7
bs_ca8cb8f7aac21fe4adaa868e,2
bs_ca8cffcb17f1f7eb71d67ffb,2
bs_ca8db34598cb030f2a1f74a2,1
bs_ca9be6820c5691bfc6d572f6,4
bs_caa9ac507803214f863314b3,1
bs_cab2777cf1731bd1b7bae84b,5
bs_cab6e3f671c2fe5d9580ae99,2
bs_cac5cb8a0024d296e0a04917,7
bs_cac61eab97a60ac35ababe7f,0
bs_cace49bb89b0a4adc6c21bbd,7
bs_cacf2ac380eb45511ca42121,2
bs_cad517b5a9abedd40c0b51fb,4
bs_cad78f9a32c6e0a06c479877,1
bs_cadb596d9763a7a4711177ae,4
bs_cadbc80bf203ead5c85da367,0
bs_cadce53f36da599674034fbe,2
bs_caea0c7772fe2aef4de1257f,3
bs_caec16658d4dfca5217eef35,7
bs_caed4a33f3b64c40b687d0a8,4
bs_caedfab63092aeec859f998a,2
bs_caf8131e03bb107eb496352b,2
bs_cb069eb3ee623088b0b917a3,3
bs_cb106dc9f2f409ea3780d719,2
bs_cb12c8496116b270fef83c3a,3
bs_cb2159184dd07949bc5d91af,7
bs_cb2164983d528130df0c6f27,3
bs_cb23176d00bf808ad9f0d271,6
bs_cb26cabc517616f1f8e1b81d,6
bs_cb2bbce06aeb6222885ea11e,7
bs_cb2f330dad0f5da3db81449f,5
bs_cb3164acd9a7c3fa6e327465,2
bs_cb42b1e7d76ebb5de81b3213,5
bs_cb4500c2a583a2304ead45e3,7
bs_cb45e863a9acaaeb3b6e3311,2
bs_cb579ada035309e11a20cecf,0
bs_cb6397d44bcecdd3f0368cd6,3
bs_cb66fd56d5df1093ce3f0188,0
bs_cb6a1d818101a10b8340dea5,0
bs_cb71608b891e0dce26fd6d07,2
bs_cb87dd2c5d1a1beb8acbf62e,1
bs_cb8a07be1ce71bfcccfd2dd8,7
bs_cb8e186cbe984fdb8888cf59,1
bs_cb92d9b9800153b5560f3509,4
bs_cb93987a1cd804c385713a51,4
bs_cba40cfaf5d92571c6539a2d,6
bs_cbad27a9544b4c1ee96af97e,4
bs_cbaea8c3cf85b8ef7a4e1b1e,1
bs_cbb7c618d77b9bc6a0e95506,6
bs_cbbb3319d744b14fc25a878a,4
bs_cbbe18c014d6f05f33754d7a,0
bs_cbc67cb4584868de7ce8848d,6
bs_cbdbee1a872e4bed5260ab66,7
bs_cbf7dc6b20ff4d814821b77a,2
bs_cbf91edf2440166bae32c1d2,1
bs_cbfbaa89c0e3574db46f1927,7
bs_cc11e9fb0c9621cf7be0e76f,3
bs_cc22bb69f4fef5ffd98c60a4,2
bs_cc2534d1b99ecd13c19266e6,7
bs_cc29c2940f30e0ffe9c571c9,2
bs_cc2be5f6a1bda718f80275de,6
bs_cc387a1f5e5159b1da188a90,6
bs_cc3967c58b65dc833c2db599,2
bs_cc3e6c1c472ff9dd83ad2b32,3
bs_cc47f561ca73fb98f2dbbf89,7
bs_cc4b7c68f00f9ecf7ee54ec1,4
bs_cc54d8bd5bf349a3149284e9,1
bs_cc740ebaf4aeea0558c35518,3
bs_cc7d4285fc8973bd971e1e2e,4
bs_cc87a9f2d525892a0de895e3,0
bs_cc899a3b6e77f3964033f078,2
bs_cc8e7d7c70323167be5032bc,4
bs_cc96ab73c9c244eea5947352,5
bs_cc9dcd3d3770a368d9c9e03f,2
bs_cca1dc580dac0d7af1fdb602,6
bs_cca4993cf2cfba859af98a81,3
bs_cca551c279e2d4f660ffa812,7
bs_ccaa11fa04704c95befd552a,1
bs_ccb4fd5bb93fe1c69e493594,7
bs_ccbb4284d3c8cb5b0566579b,3
bs_ccc0fc7d155225eb958dba4e,5
bs_ccda6b0c5c9c6b84298dce1a,7
bs_ccdfae09ca28b31d8e6a4172,5
bs_cce5662e77ed63f3bd357c79,4
bs_cce9574f139ead0f355b58df,5
bs_ccea096b869e736d52036e29,1
bs_ccf09e90d352c802c03a4dbc,5
bs_ccf574f242450972a0d3ff61,4
bs_ccf64feca8caab8ee2555e65,5
bs_cd0252fadc89c2ea643d32b4,0
bs_cd0576ae77cb75eeab54f4e2,6
bs_cd0b2f0efd217f64f1957ac7,2
bs_cd17730e25b5bdb1803a6b20,2
bs_cd1d4948f9035bc5dc9cf9ce,1
bs_cd2ba0d8dd793d74814a3be6,2
bs_cd2dd2ba1a0b04a889dd529d,2
bs_cd3548812ebb9c75ef199f1d,4
bs_cd365193e6ca9b7370ac01af,4
bs_cd3791cdf76e2eb1cfb2bffd,0
bs_cd3877c051955d1c027a27e7,4
bs_cd3925b140d262505303f8d0,7
bs_cd3c4097d75a40b4e5d14873,3
bs_cd3cca40d7a89db3e48b1373,5
bs_cd4adcddbcb9c42155aa35d2,7
bs_cd4c2509d980cdf89b3e6f06,2
bs_cd62f8a3ebf5aeac2eb4f795,4
bs_cd69d5a3053fadb0a75f4d93,2
bs_cd6c38bfe4df6a41a7967508,7
bs_cd72536420bd4e0f818570d9,7
bs_cd75915818277c771aa43923,5
bs_cd7e6c94d508e96d8625b6aa,2
bs_cd85f675e1eded9dfff0c7e7,5
bs_cd8c1a5ace8a8dbcc28043da,2
bs_cd9434be612c62bf9b5e3c1f,5
bs_cd98227401737e350e5d89bb,3
bs_cda11739aa8ac9392bcc79e6,4
bs_cda753c2c3c4536cca61b69d,5
bs_cdb12dcdff976c231c3d67bc,1
bs_cdb8894f7864ad77983be572,3
bs_cdbcb582d40958ffb61feb76,3
bs_cdc16b3d2afc48a0cbdd42c3,1
bs_cdc441bbb0d05ef3e8e9b034,2
bs_cdc79a58b834241b532f14c2,0
bs_cdcc1f2bc5d4b3e3177c170a,7
bs_cdf3529cbcd953207960914e,2
bs_ce04e5311e251ed97b56faf8,7
bs_ce09a348a890419d78855622,1
bs_ce0e9c78cde4de86af9768fd,2
bs_ce140077cde0d0d716e39287,0
bs_ce1924a9916cd650cb1ad53f,1
bs_ce1fbad9d36979ba49acfaa5,5
bs_ce23996884494d4bfabe4238,0
bs_ce24d6b069f7152d9fe4b667,5
bs_ce2ae9673bc4eaf247fdd608,7
bs_ce3066e4f8f0a1d972baf61f,5
bs_ce3ea28ee26660309aa4e6a6,3
bs_ce3eea5865b9c35cdba07f42,4
bs_ce3fd161d7e2e5caab043d3c,6
bs_ce405a7a6f125e583f94a4b7,2
bs_ce42e330dd2e68675c190d4e,3
bs_ce43e075e38aaa71cade02fd,4
bs_ce440808778edcac0732d486,1
bs_ce49f35bf20e281f17021d51,4
bs_ce59e3f3fb67a9b13004d9f8,2
bs_ce5d0a6f92a47c62d28c2205,5
bs_ce62a528936e21b3bc555da2,2
bs_ce7903c5dfaf04b891094f32,7
bs_ce8c016e7e45c8b6054e6ea4,2
bs_ce918d4479ca18ee529e15e6,4
bs_ce9c7d1490965d9fa184fd1a,1
bs_ce9cb3716cd9d071635339fd,5
bs_ce9fcb1210956c243ee394c4,1
bs_cea2ed22b85e5da0d87f011f,6
bs_cea43707e142d32211a5418b,6
bs_ceab2bef0dcb91b088c916d0,1
bs_ceb0e55b4350bf6c1ed3e86a,4
bs_ceb2d271948503978171fb55,4
bs_ceb815f68ae152cac701f646,4
bs_cebe81d9f60fb638eac4a254,4
bs_cec78ffa701cdab22f9dd56e,2
bs_cecabd6379dfdaaca031276f,5
bs_ced37e6964be39624753d2bf,2
bs_ced8ccb17df8ff94f20dbff6,3
bs_ceda032ba217046b2f67425e,4
bs_cedc751f60e4354436d03f15,2
bs_cef3d401a449610d7492be13,4
bs_cefcb3bbdf88f67c0a67be54,7
bs_cf145d483f0eccc5436e244c,3
bs_cf167ba0ba021d28f87c5841,4
bs_cf18f25f79538ac61ee33d39,4
bs_cf213645de52d4f37e86f446,4
bs_cf22bbe4184e4abeee694b70,3
bs_cf256bcbff2bc0e024b0e6a5,2
bs_cf2965dc93a859a7f5d5906e,0
bs_cf29da80a810b1e85c3dbb11,6
bs_cf2c11e55ee0d8c97e9f1d7b,1
bs_cf301af81aaa9b3d7749ad62,0
bs_cf368006623ccee109297c58,0
bs_cf4477de286496bbcd3f8f21,3
bs_cf44da5f2dcdad127eaa8a7e,4
bs_cf493ca483b2933afe26f436,7
bs_cf4e045191b2f8f8b2ac1f13,5
bs_cf6c17b211bdaa36f5dcacc1,4
bs_cf81a1f00b0d21a46da1b60d,4
bs_cf8be2c8153b25caee57b21f,0
bs_cf951fcb873cd6992bf781cc,3
bs_cf9b715f245af830b0cdcfc1,7
bs_cf9f2a07f6590eaaed4982a5,4
bs_cfae951b12fa60d7714b4708,4
bs_cfb508eb3492e811c8ba7071,2
bs_cfb5a5a931b98dbf5a62e966,2
bs_cfb695626e61321bdb4a28bd,3
bs_cfbb07c9e76c8adacc9a1a32,7
bs_cfc88a82f8f766b3d0e532e5,1
bs_cfcb94b21cb7fe156344e30f,7
bs_cfcdc8b03efbf958db56c99a,5
bs_cfd5ae250dc2526a4639cd97,2
bs_cfdfa360ec0ac9f1ac6e83b3,2
bs_cfe5ebabf30c37cb8e32fdb9,1
bs_cfe758635e51feb7db1affcb,0
bs_cfea86e6a1727f3a791431d6,2
bs_cfeac1544da94e4f3ae4168b,5
bs_cfeacbc6c990a163cc26ba1a,4
bs_cfedeec6eed4cabac54f07f3,3
bs_cff2c9f29ae98b2193a0007c,4
bs_cff824621137418d630c9bbc,6
bs_cffc3f9ee656adfdc9269705,2
bs_d0008119d81b44b431ce4ae2,5
bs_d0011c47a218f14eda73db6a,3
bs_d00516ce64d2b46d1fc4396a,1
bs_d009638884b2e41fbb2a4de2,7
bs_d01208dd12c133891066331d,0
bs_d01ac11aecfab12a87cf3e50,1
bs_d0222f5c61021b43bb80924f,0
bs_d0250682a4369c96bedb2bf7,0
bs_d02dba36302826265fcf5310,4
bs_d031154eb7e880ce7c5880d4,3
bs_d035b60d56bfdb35981f601f,5
bs_d036a188febbe37a7febed29,4
bs_d03a7ce9d6288944ffc52435,5
bs_d03cd7ecac9690db14678997,5
bs_d042e8ea38feab9c37339a0d,1
bs_d049adfb6332eeb988f6c2e6,6
bs_d04a315d3771ffda18e18cca,5
bs_d04a3a9b54bb8f36b4090ba5,4
bs_d04d503ff5caed019c262f8a,0
bs_d04d968fe4e02b39e97569b4,7
bs_d050b82e536d39d2100746e3,4
bs_d056a3bbc092529b21f5d231,4
bs_d05880556ba868419d42757e,5
bs_d05a5e5369b5bd29673a3c79,6
bs_d05d11f57de3a96867832d48,7
bs_d077667320914c509f9a26bb,1
bs_d08010693f09477e10ca3d83,2
bs_d08d4490c74d637421ed353b,5
bs_d09333d93728ed5c44730750,5
bs_d09733f87f3883add9d2c82b,1
bs_d09d54d7ba41bb9644349213,1
bs_d09ddbeea0c6c31738ce2946,6
bs_d0a09596f54aad6ada8c1dd6,1
bs_d0a625fc075d56aa47202930,6
bs_d0a70910863c1ec9577db072,4
bs_d0a7fa229208e04738630b5d,6
bs_d0b499b137b5994ec22fe53d,3
bs_d0b776f212342e88764b54a6,1
bs_d0ccf95be6386a15c105eeb4,7
bs_d0cf256d51b99906651bf486,0
bs_d0d12b1f0aeaa2cdad404c45,2
bs_d0d77d244e6f00b14fe6ace3,1
bs_d0d8ded3eba55f50b2587434,3
bs_d0e9a11fd44aaf6289bafddf,4
bs_d0fa4eebddbf26961a3e40cf,2
bs_d0fd4c88c45d12d7bd02fe04,6
bs_d1022b1f21a80a05ff810b40,0
bs_d10273abf3dc22861937788f,3
bs_d11df003a10367d71d0129bd,5
bs_d11e9adc34746f09fde09951,1
bs_d1207fddffbebd4210ec3b19,5
bs_d12217d44fdf9042d8397dbb,6
bs_d123bfe753276a15252dfe86,3
bs_d1261e5024e99cfc1cdcde08,3
bs_d12da4ef075f5f46518f75d8,0
bs_d1358a9766b9debcdffa3ebe,1
bs_d13591b199b7d10c61a290dc,3
bs_d1374225338c8a0a3993b15f,4
bs_d142e8279438ab2efec4ef98,4
bs_d146f6c9907439719f8536a5,5
bs_d147867ce75f7295f9dab6e7,0
bs_d147e4f724eae8ad67bd51ca,0
bs_d156f97893679a36c8b80b66,3
bs_d15c2e21faabd51f11915435,6
bs_d15fcb4cacbbdcbb7092727c,0
bs_d15fda96ba226e1fcb7387a9,1
bs_d16b05a2a6296a47b26939f0,5
bs_d1733985a06b949d60e25ec4,6
bs_d17d3a6c7f6f5fbb94f4dc01,1
bs_d181d5097b9eba3bb4cd8041,0
bs_d1820a95f8bd3e1362a436f9,5
bs_d19989c0a9a11f80abc13c57,5
bs_d19feaee9865135a5310a97f,2
bs_d1a55714168f3ba272444deb,5
bs_d1a6cfc00b46addb4ff17ebb,6
bs_d1a81123c9aee776ce33afa7,1
bs_d1b32467c887e50bffaec6b6,1
bs_d1b391856c9c0bc7e2ba452f,2
bs_d1b70184fa9101814fcbf323,2
bs_d1b9092caabb70d8481ab914,2
bs_d1bd81f7a090e039cf48c0dd,1
bs_d1becf9f52b55d0589105827,1
bs_d1c166edad7636ef27252567,3
bs_d1c2c1f0dc8ea1000b256fe2,6
bs_d1c503c5cfc9107ff9db90e1,4
bs_d1c7653433094f84d03773d5,0
bs_d1ccd539e7cf87a7ec46134b,5
bs_d1d38197a3e3c418a0b0dabd,6
bs_d1d3c4faaecdd2da7f081a2c,2
bs_d1dff91d4b93d217a2cc197b,4
bs_d1e2793e17aa0df1e9422942,7
bs_d1f182d2e10194d415a0a8b2,2
bs_d1f896290b3032cfa61fd3e3,0
bs_d1f9b7d70e51b3b0ce2dd040,7
bs_d207fb48c27d7c73cad0a82c,6
bs_d20ad74a21acacdafd131416,6
bs_d20ca2088b02af90eaa442a4,2
bs_d21073c986a358f5bdbf8909,5
bs_d212c9573e2f582f3b69d310,4
bs_d21a2793b66a9fa7db3a0b75,6
bs_d21ae8311ba72e5b49530ee4,0
bs_d21c65dfac5573dd8d7130be,4
bs_d21db2d950e176f54ad417d9,1
bs_d21ffe7324514d1ab67f3c9d,2
bs_d2252ff0c3cd70856b31a59f,5
bs_d22ae1a952e8c94e78c31236,0
bs_d2344c54217c199cbc3af2a7,4
bs_d2390e698cb3ae0ba2f69b13,6
bs_d23dbf905a5e39eb0da03300,3
bs_d24aac2f0ee514696f527915,2
bs_d25590718fa770e9151d89cf,3
bs_d256725b0ebf6cf852698d63,1
bs_d25acbdff554381745b11cde,3
bs_d26e1a248feaaf7384a58183,6
bs_d272d5ad59cda24951a92906,4
bs_d27bb9987fa69a2f91c1fe68,2
bs_d27ce69198928138bfcf93fe,3
bs_d27ec1f5dcbf88f41d766743,7
bs_d2802703427b679a38259518,0
bs_d28046ed662552627b83fbbf,2
bs_d280d694be1b3419b6a317a7,3
bs_d28b83a7be2b808335b66097,5
bs_d29137749d638276f9898f91,3
bs_d292b9a6644fe38af2e19111,6
bs_d2a1b069bbe377b3e49dea3d,5
bs_d2a5923820fda4637e2afc28,2
bs_d2a7ca09169aebe615bd55b4,3
bs_d2be4ac7422fc56506ad3a5c,4
bs_d2c05ad1fa528071998ac0c2,3
bs_d2e6ad4941312c5fe94bbbeb,5
bs_d2ec6c3390e5a6de047449f7,4
bs_d2ee492b40bbf5f9d93249b9,0
bs_d30c2f08bc020ba2be3e0292,0
bs_d30d8b9cf0e3c23d13bf7e26,3
bs_d310050edee7069f746189bd,5
bs_d311fabad0d909656faf2f6e,6
bs_d3151e21e4f42b0da4b8b59d,5
bs_d3161e3fc3fa80d49f0ea43c,2
bs_d31a326191f70cc388fed04a,0
bs_d31e36c805af9b38e076bd27,1
bs_d324ce6aeb284ad80b26b8cc,1
bs_d32528db01b7cac60f874791,7
bs_d33bb98178869c4543f1a393,6
bs_d33f48e4f3aaf65448dcba8c,2
bs_d3427acd59578823f3df52cf,3
bs_d343f2d69a07a6028ea7b08e,3
bs_d3445d3da2a4122ee5f1560e,3
bs_d357a2dbb86319bd9635854e,0
bs_d35981150092613c5686fddb,6
bs_d36c8e212e8df21ff27d4584,7
bs_d370b38283f0cfe2e25a656a,2
bs_d37232e4a7b18613f5675747,6
bs_d373b696786d29208811ae0c,2
bs_d37ad1de1624775a56a12d77,3
bs_d37cafcd107128a0642bbd4d,0
bs_d37d9d48e5caf9e0ecb484f5,2
bs_d37f0fdb151319a24bf75bc0,1
bs_d38b282a9ef808bdf95fb638,0
bs_d38b44002e0a7778f2131e72,5
bs_d38d55f32779243f71768c08,4
bs_d38e39cfee199fd8afed6c81,4
bs_d3907838c378a9ddb7ab9a69,1
bs_d3ad9ad6e5290636293fb9bd,6
bs_d3b3bb3962a74316063020aa,1
bs_d3b4cf5dc58ef491656a810f,6
bs_d3b9569a5bbbdc45fc9f3436,6
bs_d3cd9839f0695c4bc7d4a573,5
bs_d3e569f91dc3f369c3f6d586,6
bs_d3ebaf6699ade6500134e95e,1
bs_d3f4de7eaf781050168a6751,0
bs_d3fae26d49f0abdb6cb8e627,1
bs_d41745db8448c57dfc331934,5
bs_d4183101b02bb24920f61059,5
bs_d41a1c03315580ba078c0168,5
bs_d434a050baf60d84bacebee1,0
bs_d4389c5c970b450794c4e57b,2
bs_d43b8c45685e7d3b323a5a72,0
bs_d4435ab8fed276a95c81395c,6
bs_d443fc29fa491b950c5e1cfe,5
bs_d44d4078b1b57d66b11e3cdb,4
bs_d459e22ba11b32007c97fb07,2
bs_d45b5982204d92239e24a00b,7
bs_d45ccc89c700fd049a8b7b42,7
bs_d45deaba66cf9ba937da42aa,1
bs_d4609e700d2bc9989db4c5e1,6
bs_d461288ba585423b8604fe80,2
bs_d4687b77f461c78090c6bacc,7
bs_d46a790af0bba2c1c3d2f792,4
bs_d46f2745df6dc3a913836811,3
bs_d47411d2e6a488baf1785755,7
bs_d4769c848e6966c5ab9563c0,3
bs_d479acec9f5397d793c90674,6
bs_d4821097400b7bd5c252fc87,6
bs_d48320cf61702932dbe74d03,1
bs_d4901074e8f7dc7b94fcd7b9,0
bs_d4918210a65ce784572b4d65,7
bs_d49f698bf535368b3dee2c0b,1
bs_d49f9a016bfd75f83962bd3e,0
bs_d4ad16573cb5e12cd46385ff,1
bs_d4aeb5a67326559282081606,1
bs_d4b39725de2f6052fa7a15b4,4
bs_d4b42f590af562c555b3ad8c,1
bs_d4b4d96136e552c38aa80a1a,3
bs_d4bd64690e6a3672be9e7bb5,6
bs_d4c6a8767a1aa4caf367ce63,7
bs_d4c8b422c44ee307a89f9df2,6
bs_d4cbffa7bf72169f901fa5d3,0
bs_d4ce5ede1dc28f41008cf4f0,1
bs_d4d1a6425e99646e63f4af52,4
bs_d4d45f86882967291bee2d66,2
bs_d4d48a25d4cbd8d55dc1874f,1
bs_d4d7366f1c42ca234f01ed79,1
bs_d4da02b442a0a86be97f10b0,5
bs_d4db637e0cfe8e6f0f069427,5
bs_d4e082e5ab95499758a3d875,3
bs_d4e31bc1c47a9f745110229c,0
bs_d4f472f87cc931c2693e42fc,6
bs_d50bf6a629d88361521b7614,1
bs_d513d705a7ffc8a831a27a13,1
bs_d51550968573d57f0cefad5b,5
bs_d51915418785382c991a01ba,2
bs_d51c81da8c07e201c9a2c8bc,4
bs_d520f6126e7959fea724f451,4
bs_d522d296bd157e8e53db79de,4
bs_d5278ac5be87cf8e5b548094,6
bs_d52812198b439b08c3d37941,3
bs_d529fa70ac8a014d757fcae6,4
bs_d52c13c8e1712ef1ced2530d,2
bs_d53421b442961d59c0259e1a,6
bs_d536c117ece2f118177beca7,3
bs_d5380930cf17490297449794,6
bs_d53aa50275bb4dd65c0f96d3,5
bs_d5410164f6762b6b9de5ef2d,6
bs_d5427cdb0aa2ea8ab71a406a,4
bs_d544949780d9ac88b12ea266,2
bs_d54bd4fd05e10b310730f517,1
bs_d553f272e954e9e1a09808f8,5
bs_d560b95f57919929f40d0c65,0
bs_d563f34ec9a5c1c2d66c2e0a,0
bs_d56b880b539e5ed27ccb05c8,4
bs_d56f0f83ca627c411f00a0e1,6
bs_d578f4f615d0732fbe5652c0,5
bs_d584b36f93c233b34604fae4,3
bs_d586ae4a0a0fa02ff9bf36cf,0
bs_d59c06e1cca5d77fa42272ef,6
bs_d59d1efef3b2f13c83af2b15,6
bs_d5a45603db00d74d47103845,7
bs_d5a61799ebf2814196222436,0
bs_d5b03f8b1086659d3ba30d33,1
bs_d5c0c66c0e1bcef0a123f74d,3
bs_d5c19cb8dd4af9ec40de3bc1,2
bs_d5c294393463cb9d6798fd30,6
bs_d5cd5bd823f070921c422a82,7
bs_d5cfd085c5a93b0904296ae9,6
bs_d5d18569bb6ae09f496cbaee,3
bs_d5de254bddf320ec02b5ca17,4
bs_d5de6d8641f873aa829cdd27,3
bs_d5de84cc00485a7caacb19bf,6
bs_d5e2ac59e13c07cb0cc1c083,0
bs_d5e3c52f544ec1edb7f90186,0
bs_d5e71514998498d4fab4cae9,0
bs_d5edef0bcdac00bb50d4ed4d,2
bs_d5f1118811e03a6419550ae9,1
bs_d5f8a69afff36f13a6f6ade1,6
bs_d5fb1b8c765db33c7f788ffa,3
bs_d600c36da1a1c29cbbb9d7ca,4
bs_d6017d19da6b08429dd179fa,3
bs_d602c75590c1648168a45d5f,5
bs_d60498b9a3ce85e9c7ec38d5,4
bs_d60832baaefc6e23c2c60bdb,1
bs_d610dfe33b3b66bf9238854e,7
bs_d613eda82f4acf84f70c1468,5
bs_d6181fd9cc3b8f948a2acca4,1
bs_d618606d45a242ca53c2590e,1
bs_d61ad951d002e6b7b1c51d3d,6
bs_d61b8aeaf124d8e821ed5205,0
bs_d61d3bbff8cad5810f5c2a24,1
bs_d620f8674b7bce4786c204e3,2
bs_d6228d77a43391747c0e01ea,2
bs_d625f6ea2d5b016fc478b349,4
bs_d62c4825358a0f2a724ef2cb,4
bs_d6324fdae79fea43d5268a9d,5
bs_d63f108fcf87b493749908d5,4
bs_d652805ea28b5623cf15bbc9,3
bs_d653e6bba10f54c29055e847,6
bs_d654733e2d59d453b329ced0,0
bs_d6580821248ba3e678fbe0a1,5
bs_d65ac93cb7019057818f013a,4
bs_d65fac1894d2fe4ac018edaf,7
bs_d661e1cc91f2f5d15f7bbceb,5
bs_d6623afc9d193db993149e01,4
bs_d665ca48bdaa8ec74405b8b9,1
bs_d6697e8dca03af02c4ee30c0,1
bs_d66b7909df0c0501a12db9a9,6
bs_d66dff8e21f68c20429df08f,0
bs_d670cc506bce2b77143093cb,1
bs_d67750f214a94e171cfb4988,3
bs_d686f4e76c680b89998b8ee7,6
bs_d688eacabe2079fde0414d79,5
bs_d689b65fc6081fba15adc3cf,2
bs_d68a9811a535d21dc4d48bdd,3
bs_d68f0c9559695000b711f601,6
bs_d69ba71492bbc5f40650460d,6
bs_d69e2547bcd8491dc95179c6,5
bs_d6a414a689d9dc8b29c2fb46,5
bs_d6b6053f168dda40d5a45648,5
bs_d6bd97432fd325a45849df40,4
bs_d6c6e9d09d1e1438aae2f9f8,4
bs_d6c925871874547d0fe4b5e8,2
bs_d6cdeb3d7726dd8954f62724,6
bs_d6d281e1304e58e100b9e937,5
bs_d6d380b48df84426362643b7,7
bs_d6d62457579c9ec3be9d3f2b,0
bs_d6e478254cc8aa6eb3b07f85,7
bs_d6e6171eb81edb33f762e35b,3
bs_d6e8246ff088a33ff7c95ad8,2
bs_d6f68780e197c08adbfaa651,7
bs_d6f9fb527e4c35e20f2d6b49,2
bs_d70190c92195ab0061e6cebe,5
bs_d7080552efcb3b963fc2b473,0
bs_d714334deda2d782f329a087,3
bs_d717ea762cab9ca1336f42b5,6
bs_d71e23fa123e4a8a7beb7b9a,5
bs_d7210061a868fabd7e81f040,2
bs_d721b6d25dea7a76af441db8,4
bs_d73032b4fc476faadea6df5e,3
bs_d736f1798abf3e842481f7b0,4
bs_d745e5c82936f768f94dd054,1
bs_d751b951d45633d0bdb78034,3
bs_d754ca9d13b43f71508b8406,6
bs_d75fc0360c8c1d44bd71f304,3
bs_d77b45cf3d6e7faec9545490,6
bs_d783bc8cdca8f76c000081e5,6
bs_d78cccb9902e50a2fb245c3e,1
bs_d79227bbcb309970d47a761d,7
bs_d79f4842dc7ffd860dd753c2,1
bs_d7a558ee58761c726e3f03b5,0
bs_d7a88501e6e1bb4155aed08b,0
bs_d7aaf445eed1d08b513b7b48,3
bs_d7b509107b9a553fdd8ea76b,5
bs_d7b90e98e472b74f869ada0a,4
bs_d7bc9e5ac6c56146d876735d,7
bs_d7be469c21f0986c4230778c,5
bs_d7bf085cbe78582a7e763cc8,6
bs_d7cc1bd8c316a397dc1eafb6,1
bs_d7cfc9536e243de4a756c3e3,4
bs_d7d30852c7d54688b32060f4,2
bs_d7d95eb49a941f38ef13c147,2
bs_d7dec3f531666ffd9504a8f8,5
bs_d7e5b3432f63f49ae396a458,1
bs_d7e625d645ee2118c6c43f3a,4
bs_d7e71ae879837ba4620e23f2,7
bs_d7e72a31d8aad1f0d5bdb78f,0
bs_d7e980d1484bd9bc0f318eef,3
bs_d7ecd3ebd66ac67267b38860,3
bs_d7f2bafc9593a0c01014d6ae,6
bs_d7f5274476f94bf911f256a6,0
bs_d7f8f4a038471034e485471f,6
bs_d7fa5f7a1208d6f6d24423b3,5
bs_d7fa7cfbd8b6ecf970169c9d,0
bs_d7fb0df476301d95ea81e6fd,0
bs_d7fb6d88cbbeda10f02bba28,0
bs_d7fc62ae24d7e742fe45cafd,7
bs_d7fea3d95a0d02fd8d3cf14a,3
bs_d800301eea8d3eb1800cd523,6
bs_d800f230847bd2e93831864c,0
bs_d8074c499501eac8d234eb65,2
bs_d80a7a3adc892a116454d7a4,2
bs_d80a9bb2208778d701274555,0
bs_d80fc9d98043e5f98d590809,0
bs_d815ad99bd0783ee35520a8d,5
bs_d81899d91cf977470f5e7163,3
bs_d81b2dbd9e8b8678845634c1,2
bs_d8236b3de209a9dbce0be569,5
bs_d82aa619790193fc9641703d,0
bs_d8304e88bbcb3fa899c16da3,4
bs_d84c2f0a33386ad4ce5aed19,3
bs_d84e32d5b2447127d8817c58,1
bs_d86064f5f25b83d373c862d9,3
bs_d8618e8a3a08b29428171fc5,1
bs_d86dc4485e71c87316afdc07,4
bs_d8779076801b1e88801249f1,3
bs_d87c7bbd2f21036866fa0ee7,2
bs_d87f16c8202d72a844954b66,2
bs_d8852cf38d50054b9eaeba88,4
bs_d8885bb83a25f371ee9564c9,0
bs_d88d95c804b8c52bdcdebf54,6
bs_d894dca17b8a0115c38c82b5,6
bs_d89e56da3f4a0f07f4d70a01,2
bs_d8a2369b092b375a421e28a2,6
bs_d8ad23faf6544ba08e4e8fd3,6
bs_d8aefee1537f2044b23932e6,2
bs_d8becd2b03894fd751df77c9,0
bs_d8c06773c77b226045db462e,2
bs_d8d5d32de4b9d4fa9df089ee,5
bs_d8d6383e7faa91c10860064b,1
bs_d8d6ddf61f8d8f82d0335d38,2
bs_d8d862b4ca940dc806a231e5,7
bs_d8db93df1467c09795c1a428,2
bs_d8ef1b8db2d6bc259f2c911a,1
bs_d8f3d53b3b2a36aaff05fad4,6
bs_d9039286c6abf8011f3f1e87,4
bs_d9065199a8368410aeccccc4,1
bs_d9076fec1d5b018c58f46ce9,6
bs_d90ce7d645f6bf5f1c379656,6
bs_d910eb3a449f9022da99da40,5
bs_d912707411aaa94832c5be72,7
bs_d914a3c0422dcf9f3bccee2f,6
bs_d918fc433a446c7956b39a3f,1
bs_d91d119499fe93264cae4aca,5
bs_d92a415590f31b8939068eb2,1
bs_d92f64d380173ed42b7a13b7,0
bs_d9323d0dc511e1d8018428c1,3
bs_d935fa1d329ee2badd7e301a,2
bs_d9390a9201a7a546f14fc1d3,7
bs_d94ae351b064d34e6f24a52d,1
bs_d95515ee95ad35195e911b73,3
bs_d95570268408bf6d02c03ac9,3
bs_d958171530a646b94bfdeb9c,4
bs_d95842cf8d52fefc4ebf33bf,3
bs_d95d4b02256c09c3602ad87c,7
bs_d96996c643e5ad8d5f0895df,1
bs_d96acbd19b1104de1dc0eb21,5
bs_d96cc63aadba0b695625e362,0
bs_d9802eb979eb7c9a18c81d86,2
bs_d98a24efce6cd8df398f3426,5
bs_d98ba3f5746cf566a691aa43,1
bs_d98bc1edcc59c8c4ac9ed054,3
bs_d992ddceafde90c400371b64,0
bs_d9a2a8b82a7e66d57b6e01fd,7
bs_d9a8d02596acbeb21767c53e,3
bs_d9bbec16ebe4fd7690375b72,7
bs_d9c725db681838063415a6fd,7
bs_d9cb622cb4010cb55621961a,0
bs_d9d57baa441e339a067bbc33,3
bs_d9d79c99987318bdd152fd54,7
bs_d9ebed0f827add0c7b9a2567,7
bs_d9ee2dba9fe6768185eafa9d,7
bs_d9f988c4f6c52ec0323a59a8,6
bs_d9fabf4366589129f5358834,6
bs_d9feebfdbb43dd7e7cb55129,0
bs_da05668b812d195ad8667d87,0
bs_da0eff3e960267f8e5721683,1
bs_da12d0407e6bbb9cb58f3842,3
bs_da14f4bc664fd1c6b48357d8,7
bs_da169e2cfa6cbeed93d9c0e6,2
bs_da24ce8e2b23c18927abfd23,7
bs_da300d3c5a71485cae0c8c75,6
bs_da3a75d124ec20c47a85452e,7
bs_da401a5d13725d987a96f7b4,3
bs_da4af482fde8ebaf6996e4d5,2
bs_da4bcd9f5f1a8b4a5bfbc060,6
bs_da5fee6010cd77c46efdb54f,6
bs_da626495a74b102de5212dfc,0
bs_da62d5ee92a65f75a951e453,1
bs_da67b6dffac14c686f565254,4
bs_da682aac425a81fd4b426b31,4
bs_da6f5956d82635ca9d874d2d,7
bs_da773202c4ad366ed1482f6b,2
bs_da7820109df5147a281b7320,4
bs_da86f437b42ca2e899806256,1
bs_da86faf92dc9083f874c7daf,7
bs_da927842fb26e406064067c2,2
bs_daa22c8c03a5d00abb7e03eb,3
bs_daa881dd19f4975d8884b3c3,7
bs_dab2eba7d5e860c8746c3bd5,6
bs_dac14e2e1118d29328134d3e,4
bs_dac27de30d8532640b61022f,6
bs_dac58839ca7c1a3a630c69c4,1
bs_dacaff716747fc03914cc17e,6
bs_dacc09942cda4c33942efaa7,4
bs_daccada39627759a0ffccf8d,4
bs_dacfa84986fcdccfc797ef95,2
bs_dad039e96ac838a223e78f14,0
bs_dad7a25b6cfd2b1763a3726f,5
bs_dadb729fdf01fd8b347c8f77,7
bs_dae194b0572213b0dadb60fc,0
bs_dae940d3a7e74931f30b2641,7
bs_daee477d61581534b3d4513f,2
bs_daef7c124974d82482c746c3,4
bs_db047701aff310127b2d50ba,6
bs_db06878e45aabf76b18aec99,5
bs_db128146bb6ecba593cff277,4
bs_db14e2bac150671fc86813b0,3
bs_db17291ffc01d6513434d4d4,3
bs_db175cc3dd000689d9ab73d6,4
bs_db1c4fdc2fd8fbbedaa43cd3,4
bs_db1d5eb5d852e5aef53103c0,3
bs_db1daea1faca20eb35920681,3
bs_db23f4e99e52d7bfcc5e3f61,2
bs_db3079225b084faacd6af9dd,5
bs_db316b54847f532e79b12259,6
bs_db3a453c6cd9c88b969fc6e7,5
bs_db3ab2f317a70a8bb46fe868,2
bs_db42a3591875640000555fe6,5
bs_db45320d7e57c77a747e40c5,4
bs_db4a0f86a6fe2a845f40e3fd,3
bs_db51e58d31c51949dbf737a3,3
bs_db52ceed588f98ea0b44e03c,0
bs_db5a29771c3fb3a8b144b95a,1
bs_db65a023f89c89f7d88aaae9,3
bs_db6924d5a854717559187a82,1
bs_db7174c9134c35673674012a,4
bs_db7942874fa810add9f12d73,2
bs_db8ad04cb31d0e4f60bd6b06,5
bs_db8e2f3550e20ca59821f8ef,3
bs_db91b05d70ee21f341c00c34,7
bs_db96ba5d30f58799aec34771,2
bs_dba8761169b32fda1c575738,2
bs_dbaa357c1c4d89fa8f86ca1a,4
bs_dbaac0d581ccaa484b23ac71,3
bs_dbaaf26279003cce9032db34,2
bs_dbb209fcf2c73d35c33ac8c8,6
bs_dbb69dd4db8f53d72c3d49de,0
bs_dbb80b39107c6e71f3b2d6ad,1
bs_dbbc9529d6c4e851c93f582b,5
bs_dbbd7c61a4c045e05c281ea2,5
bs_dbc3902065854efad8ad3444,5
bs_dbc82c7ca4f1d5f3eb6a1593,0
bs_dbd04190b4e8e4974ba437ff,7
bs_dbd8d2d6d93e6fc96bbcf641,6
bs_dbe9a091880cb9b1f63ea30b,3
bs_dbec9005cf6021a35d06a875,7
bs_dbf0510ddc1b9f9a4057fe72,5
bs_dbf2f92bfd7ad8d9326858f6,7
bs_dbf3d2330408640f4c206d83,3
bs_dbfc96b72546f1fdb0ee915f,6
bs_dc066eb655c38f5c42abe881,5
bs_dc080b9df4932b8b7132e0dc,0
bs_dc14eed64cc6699385511f5e,7
bs_dc17a68cad5aa90979a3b692,4
bs_dc1f8c692efb755560f38e9d,0
bs_dc20660e834e9b05cdcbe509,7
bs_dc21d4e3f55c961ddb0ea373,6
bs_dc28bc152ed2f1ff4ba4ab1d,7
bs_dc3faf9a905cd1269a179948,3
bs_dc4014187a38ee201ea4e60c,4
bs_dc424f6284fedc9c581e1263,2
bs_dc4957fc8853f5a0efba95b5,4
bs_dc4d508a8be6c01c79055c55,1
bs_dc56047461319bfdbda6b56a,7
bs_dc5fffb48fd154cffe29de7e,7
bs_dc60e043669e0728f136928b,2
bs_dc6374e1059c9344bf62b994,4
bs_dc676ffa515d7449226fc181,4
bs_dc6d108d6c7b91a571fd617a,0
bs_dc6f7aa95885fa732de35366,5
bs_dc7579261b1266a357f163aa,1
bs_dc872909bf1860b03d2c6b77,2
bs_dc8910804b8d040fbd4a5d5c,4
bs_dc964853204a0eb62ac46185,1
bs_dc990704f6e77a17efd5fe3d,5
bs_dca39fb0dbaa778ae2d80389,4
bs_dcb0bfb60f1ef35d83d2a092,1
bs_dcb4d45ec60c8c3ed46ece56,5
bs_dcbc66701a84a08572d01b89,6
bs_dcbd37dc53a0eef00904a7d7,2
bs_dcbde17f62332cc5adf84fa7,5
bs_dcbf666a5af51af7be4485dc,1
bs_dcc8126fdc2ab58c9851920d,6
bs_dccc7825bf22bc8c88227a1b,0
bs_dcd2817935baf3f89ab9f247,4
bs_dcd77f966f9b28ca500a1491,1
bs_dcd8beee8af49ea5328ecfbe,3
bs_dcd9b43483b16f2e62e6c6c9,5
bs_dcdb82011e8b2b412a2f8694,1
bs_dcdcb8a1df365a606b91627d,3
bs_dcedce9d140e9a1d5d6cbc79,4
bs_dcfeff59211b346083f4959b,5
bs_dd0a29eb43066ce9405d86d1,1
bs_dd0bda76348e54a37a36f1cf,2
bs_dd0f9311ec21a5a4a45131b9,3
bs_dd10329df24d7978eff7397c,4
bs_dd15a3ec1659002c695ea815,1
bs_dd194a7c3fc396a7fc28c6c7,4
bs_dd2b61e9a7d4271d5fe92a14,4
bs_dd2df0bfb593e494e59ed363,0
bs_dd3275f549fa8e9e5ef98c55,4
bs_dd373c8a56041bf4fa4ce727,0
bs_dd3d9cbb7116bbffd9d5468a,2
bs_dd40a8ec5cfe108e2c211067,3
bs_dd455068a072b93bbe6413a6,1
bs_dd4c04d26cff0bce21fe2f78,2
bs_dd4f6748c521965f7ae8ac86,4
bs_dd503255639dcfbccb0ef918,1
bs_dd51b932ee23f36cc06e5de0,0
bs_dd560256818d6763d5a7b456,6
bs_dd64f508cd8b8703962c5848,4
bs_dd66b6cca2faa5f1d455a5b0,4
bs_dd7a7805302cfec332c56376,7
bs_dd7cbca25b6ada0328b8cd42,5
bs_dd8187a3f8bfc0a98b0bbaf8,3
bs_dd873981cb58ad7e6c090010,2
bs_dda31c12862c1719eadcb1c4,7
bs_dda4faa19a9f6a73aaaaa1c7,5
bs_dda8a9457f4d63f212cef1e6,3
bs_ddad77c0979b8e2f7ecedfae,5
bs_ddae8dcc27144cf150aa1ec8,4
bs_ddbe4149a31cca8a98a1df02,3
bs_ddc71bd65c40da2a719f12fc,3
bs_ddccbb33254684154b738c16,7
bs_dddc747801e43f712e983d38,3
bs_dde2e41a95bee13781d2d857,4
bs_dde799e8083f9d72511a5756,1
bs_dde96d88ee7614bd98a206bf,3
bs_dde9ce0604329ed605e150e7,5
bs_dded47f3ea962d742d5ece31,1
bs_ddf88341d7d75c7d1536aae5,4
bs_ddfd4a82603f257b479ff78a,3
bs_ddfeda8fed9cb30d1d651dff,6
bs_ddff4887cacf811c8dbd04f4,0
bs_de01b94e79949eae3f5c4d78,4
bs_de01efb25a8350446d9b5c04,2
bs_de0fac0bfea8ebd02af5b042,7
bs_de1caa56e222e4758aee7f17,4
bs_de1fd5eb3e3d30398429c09b,7
bs_de25b04cfba4af55fe7218a8,1
bs_de291ab843a011a0e0fe8c4a,7
bs_de2a20619bad6953f06c3093,0
bs_de3c816f07a2a6c1e22325c6,2
bs_de496a04aa37e2a5b1f37e29,1
bs_de4bf7a7ab9a7f0990c4914a,7
bs_de4daa7708607fc69d1e9425,7
bs_de63d2edf3bd74ee95b0839a,1
bs_de662dcfe144552ce393f8da,4
bs_de673f7ce8ae5fb00890c238,0
bs_de67930f9e034cf2c2a1499b,2
bs_de6865c0dd91724d50fe1996,0
bs_de69198b42b95d8715206c06,1
bs_de7136167c387750719794d8,5
bs_de822e2145bd208f4d2be3ca,4
bs_de874c70eda2718b7b48cae9,6
bs_de8fc314d060602299401118,4
bs_de910f3118b1f9e04a931205,6
bs_de9288a2532e46a4921dec87,1
bs_de977b9fa040a986268838ff,2
bs_dea197ea79b31226c90b6896,3
bs_dea27f00109ba1b56729f90a,7
bs_dea7916e7cea2743fcf21a62,1
bs_dea9e2bcb954ce6ed3831dc7,7
bs_deb360318ee7b10080802a57,3
bs_debd83249e45ac7865497119,3
bs_dec86c4c8fac96d7533a9d13,5
bs_decda46cf4d7cecd46344575,7
bs_dece116f486e4c4562dd20b0,1
bs_decf0c1cb0da699830de79c8,6
bs_ded2def8552cf422da593dd4,1
bs_deea85ea668374b46bb3f9cf,0
bs_deeea700a430a290305a1e3f,0
bs_defd1eb2b9f43bce017b1c57,3
bs_df041fd43574456b576017ec,4
bs_df046a63a63192414c55ade1,4
bs_df0af5cf419186255ab97ae0,2
bs_df0b32bbd4886a8e33abd4b3,2
bs_df1569cf71643ff5276ecbc8,5
bs_df19e15e7d8f6bab7f105925,5
bs_df1ffaa779d1680804fa6df6,4
bs_df253fbbb69e469d082c02a4,7
bs_df25a68f75d2851d7946ea3c,5
bs_df2a1d988867552d48758ba6,0
bs_df2a647a48ddc4a3f637e87e,6
bs_df2c8ce915ceae3d17c261b5,0
bs_df35fe8dab20d6e6ad495308,2
bs_df488bb78c4bfb3d249fb2b8,5
bs_df59b94569210639369f16f2,1
bs_df5a064802a820b5aab7955b,3
bs_df676948a4e3b667ac4eead0,5
bs_df7bec8ea6d0735a658f804d,2
bs_df7dad8ddd1cc2f6a27b5bda,4
bs_df99629f2f98e25aa1d46780,4
bs_df9f37a5acd7c7e72f8c855d,7
bs_df9fca5baf77439dc53c6c86,5
bs_dfa6b867befd30b9a27886a2,4
bs_dfa7cca9b84a61d64b1705df,6
bs_dfb0bca599622d1207bf62fd,1
bs_dfb9ce03d0dea37d470de264,1
bs_dfbb7a8891c9a055d08336c8,2
bs_dfbd668817ce1d28ac1138fe,7
bs_dfc2460cace1f7954454e41c,1
bs_dfcb499b97c2c565b3beae7f,0
bs_dfd79d6da67838194c90e137,3
bs_dfe06c5868e21e48dd7763a2,3
bs_dfe531def675c1f0825abf8f,3
bs_dfed43c665a0b33d66163ea4,7
bs_dff064e6b141d7e6bf5166a2,2
bs_dffde90d1f780db4b5e8f85d,1
bs_e00a8930f326c72e2750fc6b,5
bs_e00d7166a1b6608c5a869b47,7
bs_e00dcfcb98576ec15e1dbe6f,1
bs_e0147464f4365bb5def444f9,6
bs_e0263a626a87c9877d873aa8,1
bs_e026f55462d505f0967bb1f8,3
bs_e02a82eec61ce5508e2f925a,6
bs_e033e90d5f407e03ab561dc7,0
bs_e0355fbc1e6e476db4ceff67,3
bs_e041d5d1b8b4d3509430db67,6
bs_e045537ee6f71db8012eea90,6
bs_e04c84f40a9dd04e01e3aae1,2
bs_e06a76086ef0c06f8c6eeb79,5
bs_e06c24a93ee9515d4477a1c0,5
bs_e075a318fbeed2847b4327d6,4
bs_e076916c2adc678c8207240a,4
bs_e08a2282d554b4a79eaae4cd,2
bs_e0971cd503ea1131264b97b1,3
bs_e098ea4d1d31d27db9db78fa,6
bs_e0a953b13e4fa3ea8300720f,7
bs_e0a96c32453d44cba17bafb4,5
bs_e0ac8704d84bb563b3f2f722,2
bs_e0c81c3c9997c3f2664bbd69,0
bs_e0d2ed1a76d832121f75af34,2
bs_e0dbb9ad1f797741a8018202,5
bs_e0de53376967e01c8bd3912a,5
bs_e0dfeb7839875b6bace4430d,6
bs_e0e33f2d99bdcbb1e3f00966,2
bs_e0f26654c8f9a04953367c46,6
bs_e0f474b704f9e07081d70319,7
bs_e0f59f3265334d888ae707ab,3
bs_e0f78310a3d619da650974f2,4
bs_e0fbb6d1113beefe9345e6d1,4
bs_e0fea92df762c971e5898d16,2
bs_e0feb28fc7233a2e0ff214ab,6
bs_e10281b16f704cbfe41baa7b,3
bs_e102dbf4bed1e7f27d757c3b,0
bs_e10b2adc4a49b5783191eb93,2
bs_e10be8533e781ca13373f315,6
bs_e111073bac8690c6e410b220,0
bs_e11170ff9bec63b413dbf87c,4
bs_e1164776cc3752fbee194a56,6
bs_e1206a5ec28df5738358e14f,1
bs_e125cebfc7ec975afd091264,1
bs_e12bc500be78a68c7c48b260,1
bs_e13bc8ee22ddb60ecf84e005,2
bs_e13bed7fd6e0b65c93c4a8c3,5
bs_e140504aa52c12ae730fb6eb,2
bs_e1467a55261c4d35366f1cf2,7
bs_e14fc0171ee35ca7c0db0606,5
bs_e1526bebdcc4e421d57c9b2c,4
bs_e157f4144bf93b7329246e8b,0
bs_e1662db46f4b3486d9d93330,0
bs_e16d2a5e9bb6895fe5448a96,4
bs_e17beb153fbd49fd94e768aa,4
bs_e17cc51473bc1ce52291dbd7,7
bs_e180b0a065d7423f15da0734,2
bs_e183b39ca255b05f9e93a7bf,6
bs_e1893e4bf01d8b74a3967511,3
bs_e1931a73d93b076dbc194bbe,6
bs_e1a4cf3c145def5e5386e2af,6
bs_e1afe6c88bd8625de72a9b03,3
bs_e1b27293af7aa908a3726f74,7
bs_e1baeda3b74bb7f56c6fabf9,4
bs_e1c7c7af485749fc7f2af9c6,4
bs_e1cba6191915d3ec7b63ce46,0
bs_e1cd5ae9c0d60dfd23783f0c,1
bs_e1ce2b210d4312434480ba7f,5
bs_e1dcae486a559d431222de7a,7
bs_e1de73ea1589a5b0e6ea5ee4,6
bs_e1e0bdadaddd11334faddb2a,6
bs_e1e84236a2693c64fdcf7a23,5
bs_e1fa462f6e5d37db230b217b,2
bs_e20f98b1ec5d458ec4543258,0
bs_e22f33f35b88758c640a00ae,4
bs_e234208c74d611df69ac16e1,7
bs_e234c6f6d1ab57855aa9ed54,6
bs_e2392482b91ef9817492fdf5,5
bs_e23f168eb675e2aaa4a0c205,2
bs_e24a9d11d4c64740dd3c63db,5
bs_e24b0a8db808d12fbb07b94b,2
bs_e25c7b4bb88573b0c7f3f80e,0
bs_e2649acb844bc52cb1b30142,3
bs_e264b45bd84e6a37bc3189b7,1
bs_e26520aa082e9299b5c3fa06,6
bs_e2683cb507bb4c949b8266a0,5
bs_e26ddcbe394a001693dffc8d,0
bs_e27108d30f3a7951db45bb89,7
bs_e27a46146f84fb9e9a2f5a62,0
bs_e28102b3ba8f9ef312212bad,3
bs_e287782d70c0a26ee58741dc,2
bs_e28ff1452e2d5ef46029a555,6
bs_e2900749a0d9ea724cac3a91,6
bs_e291eeaeff3b21a11b9dc6ae,0
bs_e2a03dec70dee2c1b2b4675a,4
bs_e2aa5999c358e4a101d622c7,6
bs_e2ab24a75869756159ea785f,2
bs_e2b3965048a95edcbf5244b0,5
bs_e2b8181e0a764033f755e541,6
bs_e2b8fcbac6462457180f01cd,3
bs_e2c2b5dceadd1d0cb3420527,2
bs_e2c4c79fdc96baadd2757e51,5
bs_e2cb19a7d63be03842520a62,4
bs_e2d361eb877ab0320c2ebf47,4
bs_e2d39ceb797a3f016ded5ee1,3
bs_e2d47e441ce4fc8787dbff9b,3
bs_e2d64913672a35abc7b07108,6
bs_e2d734ffc209e85952474279,0
bs_e2dc9f2df48fc11dc9fd5fe6,3
bs_e2deaa93685585793b113789,0
bs_e2e4142efe01ad528aa92665,3
bs_e2e582a8615c2e9affd5a59f,0
bs_e2e58cf2ba8eca92340694e0,0
bs_e2e7c0150b3f6ef2b057e7e0,4
bs_e2eab0d5219d543d1adb68fa,6
bs_e2f119057654cddaf1ea78d4,6
bs_e2f6c7c2eca17b36b882aa52,5
bs_e2f7d1bad22059aa022a909f,2
bs_e2fa6047321ac8531a8c91c8,6
bs_e301191b4aee882946515f2b,2
bs_e302ae93b75ee1e7da42c601,6
bs_e302bacc589fdacf1a9c644d,7
bs_e30657557f8c381d0ed3936d,1
bs_e30ee940daef3cd426ccec70,1
bs_e3120e39174e4ffab104f07e,5
bs_e312fdf169647677cab762ad,7
bs_e3141d6a66e66d2a830e0c50,3
bs_e3163677f445da03ea696145,4
bs_e324158b21f187caabbca916,0
bs_e32c4ef2d15a9e4c6341812b,0
bs_e32e0dbf2db6f8db24b92604,1
bs_e33f2d3826aac54099b9f835,2
bs_e3403f9d3cffc1c12ac2061c,3
bs_e3433f27c39bf8a6e7429d29,4
bs_e3465c27847f064b25e39f47,5
bs_e358e8fef559e7d01f8480d4,3
bs_e35f079c1c1593737e108e2f,7
bs_e35f1769d1936bc46be7c047,7
bs_e36938285ae02395e3d02fb8,6
bs_e369c5a1ef1e0bfbade2494b,2
bs_e36ebffb7d4561b0d8624617,4
bs_e3833243d5ffa3966265bb50,1
bs_e389f4d22fc9230ffdd23e47,5
bs_e38cd929eee27b545631f0ad,1
bs_e38ff9cbcefd353f90dccd3e,4
bs_e3965fc3ebceb1c9c3d8843c,1
bs_e39d86315c6da26b7986120d,1
bs_e3a93cf3ed08311fb4975cda,1
bs_e3aa16cad813ec2ddfacc3ef,2
bs_e3ac51e8bf3fda89ccbe0aeb,7
bs_e3bf45ce40ffb758a5f642a7,1
bs_e3c0d4b74affd60aa4beb95d,2
bs_e3c44ec31ddd0b6eabad19bf,4
bs_e3d6dbaf94ffd994cbfcbe95,6
bs_e3d74d44b0267a63bdda2dfd,7
bs_e3dafd0904b6e5cc1750d78a,3
bs_e3e3485faf5be22f5265a491,4
bs_e3e8cb76a7aab2ea3895fbd9,1
bs_e4008a2f6c1d3f07656ab89a,3
bs_e402f38a71af8ab8fe65021e,2
bs_e405325cfb24f95e9127f485,4
bs_e40804fca784f07ee8e446e5,7
bs_e408b99c231dfb65b9a0fab5,3
bs_e415913349fcba7e51cf4695,3
bs_e415e2c5314db2a91ac4b95b,5
bs_e41beb3db54b983b36754578,3
bs_e426a04e7db2bf1da9c7d250,1
bs_e42b128c6d7a7d27d26875be,4
bs_e436f5be597e1dff9d65cba8,0
bs_e437194d45a249d29a72b834,3
bs_e43785d1e1ab4ee4505f15fb,6
bs_e4388ba8b59f07b34bce31fc,4
bs_e442603dba6a471a6c28ae3d,4
bs_e442cc1496480df69ad3ba3b,2
bs_e44a430e5c7f9b3c6260a260,2
bs_e451b823f0f656451d843aea,5
bs_e451ebfe6f85f881034741ab,0
bs_e4525b3722bb215b2777a803,2
bs_e4582cc4fa0f3919f433b9ce,1
bs_e4620638dcf3b9029d012853,1
bs_e463a954d452cd2457dd4f31,5
bs_e4666c56e311e3b2d581ec73,2
bs_e46bfd63ca41b11ea5492768,5
bs_e472c9dab2f386b9472249a6,6
bs_e473a35d1237536840f26c32,4
bs_e475dd2b1a299078a0c8532c,1
bs_e476fabd87c2b9f8aeaab611,7
bs_e47e866d2b5243e5fd342cf6,4
bs_e485f9046944009532ea5369,3
bs_e48bb9ed560068de5df0576b,1
bs_e48cb7671daa1a413b133374,0
bs_e49a72275454f8400af5a078,3
bs_e49b0507a90fc145605423be,7
bs_e49c7f94523114de0114c304,4
bs_e49f792dbcb49a7957949065,7
bs_e4a05b84b287daeb771dbc9a,4
bs_e4b21d865209fa69e6c4fd9a,4
bs_e4b726ad7235468aa87c0507,5
bs_e4b896e4a12ad541d868e37b,2
bs_e4c876917c3a4c234c3f8e9e,6
bs_e4cf04b698e93cf976a0752b,5
bs_e4d01686b0ead5113c02cb5d,3
bs_e4d8e8a7ef484146c02dc7f5,3
bs_e4df86290d20fbc990962c79,0
bs_e4e973df22143f0877823bff,2
bs_e4ea8cd7ce3e9ada8d8972e7,2
bs_e4ec15dd3b1055ea6c6fdbf7,4
bs_e4ec2d4071db69c2d25a4d20,5
bs_e4ed5619bd4f316239bc6c2a,1
bs_e4f4e08d5aa57ae253325fe8,5
bs_e4f9147cb6a8c18e0ab255fd,1
bs_e4f97b60522d3d4af6de04c8,1
bs_e4f9f703582d4880742fbbf5,4
bs_e4fb4357dc801e204d0d1741,5
bs_e4fe55be67e141394ed6a5e0,6
bs_e503b5e2991f25b7e395d33b,2
bs_e50f54e32ccc9c0994003ccc,6
bs_e512ee27dbab208955d34d05,0
bs_e51e49e791e84d1115e54ee8,6
bs_e520c09f48c4d6ec2f67e9d0,5
bs_e52383ad929d1b97ea5b1376,4
bs_e526742d266bf75801f8508f,5
bs_e5280d869a6b9e7b983fd9f6,2
bs_e52d4506b6ab8e9b9795aa9c,3
bs_e53aad404d04e0a9b06bf925,0
bs_e53c3e6d66cc1b3b7f617e73,6
bs_e54507e7531c905411d7f9f6,2
bs_e54837b109b634b0b53d67df,4
bs_e555a75a24ee3a08c4bddd01,7
bs_e5667d45d8e0c6926f9571a8,0
bs_e566fd9a15b0f572fe26631e,5
bs_e5712d651a482cd87f4a20d4,5
bs_e57621897c42a92344983c39,7
bs_e57ac8de43144710eae3d3b9,2
bs_e57bb3375e33c4bef80699e5,3
bs_e57e541428e87af03babd586,2
bs_e57fe3c2ebc7a7c1072a31b2,0
bs_e580b25c66d429c481d2a411,7
bs_e59a13a93c7033eeaa061d91,4
bs_e5a30ca6dff191679f15d30d,0
bs_e5b318d762339884e071f388,0
bs_e5c3d9457b7e88f2e716a1e6,0
bs_e5ce2903840eefc811b817a4,2
bs_e5cfcfe2c4c02a309ccfa15d,1
bs_e5d66e8ae2bd487d89238b80,0
bs_e5de972cb8ac5f6dc859fc3e,7
bs_e5e67faa04c94da91a49ae41,2
bs_e5e775adad55b4ccc9cc5952,2
bs_e5eb1d78619b69459cf4bd3c,6
bs_e5eb220550a7e105eab8d8ae,5
bs_e5eb63c8c7ec14fc699100b8,7
bs_e5ebd7a841139f433d197c29,1
bs_e5f3394c08efb214547ad055,2
bs_e5f68df977dc1c8fbe823f64,1
bs_e5f9fa97e2c83f075c8fd369,7
bs_e5fd03f4436af1c3ee817177,7
bs_e60ccd001f5579fbdf8f6d54,3
bs_e611c89c55a720f92edae332,4
bs_e61abaa2978d2c6e1d5bf7c2,6
bs_e623466a2b29ce20cd0c5ba4,3
bs_e626e50dbc08c79e4586b4e0,1
bs_e62e57975354445d6f11058e,1
bs_e631836d17bc11f0c61a8a46,6
bs_e635bf6c6c1eff3791622f46,0
bs_e63a0de414c88471cd201143,6
bs_e63ec11f39adfa01ad184a8c,7
bs_e648d0ff250a17036ab94001,1
bs_e65393af693226ae113be5df,4
bs_e65d77fe47db0f2642bde024,4
bs_e666c0f5cf2a74db0e99daa0,2
bs_e66d9d405731f5adbd5c0d1b,4
bs_e6755db01fd13467b58f1067,5
bs_e6762524530efa558ec6a387,1
bs_e679c87ecb9f58294f8b3ecb,6
bs_e67afc3dc4143b031590ca64,4
bs_e67fb0e42739c6eb654058bc,1
bs_e6814ecb93fd38f3a5ad7908,3
bs_e695786af066424e2fb93c72,3
bs_e69c2e3e77b7fcb88de054a5,5
bs_e6a05d7d26de0f38e465c13a,2
bs_e6ad4c8fc414bfcbb10c2e0a,3
bs_e6b1fd8d49f7787d57bae80b,3
bs_e6b803b242bb0c444ade0810,1
bs_e6b8fc1d7f86b9fabfebd723,7
bs_e6c2a4b069e401e23fb1ec07,4
bs_e6d6adcf0be4e581a97b6068,5
bs_e6da6764e8179a84da87698e,0
bs_e6e67bc32a7eab47ce0336a7,3
bs_e6f034eae0b6de8d2ccf8bba,2
bs_e6f0696e2adee598cd745577,0
bs_e6f34e4d468ca47d0e29311b,4
bs_e6ff04cf3813c695b5a31e2a,7
bs_e7081a0a20bf17a4c2c76d10,5
bs_e70c5909dfe6cfb018fea4c6,3
bs_e71c0951bdbd55815673a38e,6
bs_e71e2deaa07c9d425f8655ee,3
bs_e71e590d961b7c080c63c4dd,6
bs_e73b3c6b17b7a00296b7a2bd,6
bs_e746e17bfc70516a032ac17e,6
bs_e74d75015e845fe204cb2536,5
bs_e74edc6984eb2495cb0f9f4a,4
bs_e75207c29ebf0c0a9861adca,5
bs_e7543e7e3f3908f3f54f5d90,1
bs_e758e60ea7489740e4080dfb,3
bs_e769155f8a52f56b01e3205f,6
bs_e78e730b576e66092a681fd1,3
bs_e7973a79818d0c61c8d36a42,3
bs_e79f9aa1378725fc710bfe44,4
bs_e7a37407e3cfb0e5f3e71585,5
bs_e7a95869b470be15dd461671,1
bs_e7ab9aa5754a04320bb97002,7
bs_e7ad77e748b456a704b68643,7
bs_e7ae5ee2e700414c6135f40c,5
bs_e7b039a49da0d0ec5277da3e,2
bs_e7b36a35da4441ca16489a06,6
bs_e7b835ed5e85d084c287e3a4,4
bs_e7c2158f3ffbedab63fced55,0
bs_e7c41e77e133f4cd43c61175,7
bs_e7d0570fdb399f2a7591f0f1,4
bs_e7d1b935298b292fda06f7b4,7
bs_e7d24a6b826829e7752385ff,5
bs_e7d2b04842330a5b68f5132a,4
bs_e7d38a2851b49905e67c9ca2,7
bs_e7d835252b9592cfdb82ce86,5
bs_e7e10796d8bf88ab838203d8,1
bs_e7e6eed5648002d34f2e3f9a,0
bs_e7ecf43f9b80e0502389b2f5,1
bs_e7f85bec844b5ba6b000a255,1
bs_e7ffe06ec064baacb9f274f0,3
bs_e800472cec64cbf1122d50f0,1
bs_e80297dec408e417354029cb,2
bs_e80318271a92380d0eff9cd3,7
bs_e80d0a8183a422e53055b0ff,4
bs_e812ed1db7300f3b8cfcf27c,7
bs_e8136c1069fbc317fd4f30fe,2
bs_e81868c7c3498adb3860427c,7
bs_e82258e52d643083c8f7d855,0
bs_e82e2f422507ca2b043430ab,0
bs_e8383fc8083287c715d61ad2,6
bs_e83876285671c531bd868796,2
bs_e83ee686af41512291006576,4
bs_e84195a6fe23a7a050e4b40a,2
bs_e842f47a8d384755c4e11aa3,4
bs_e8437666630e76f45f458708,4
bs_e846184fce2e03e2c1d1118b,6
bs_e8485a3513d0050336a3a0bd,7
bs_e84e0be54d2ee2ee553c04f3,7
bs_e85155358baa73cf6b0aa983,5
bs_e865534b64ff05099058d2a0,2
bs_e869fd182fbe57b010461ee7,5
bs_e871d4561c28a8673b2ba613,6
bs_e87a8ccb40dc825ed091d768,5
bs_e87b973185863dafbd8d28a8,6
bs_e87d598868f7e520f6661d15,3
bs_e8832b98a8a078c01258056a,0
bs_e88adec59c89a87bcc1749a1,1
bs_e8919e48c297381c6d020d15,0
bs_e896317bac00b57064f320d8,0
bs_e8a387c4dfa744c6124eb373,5
bs_e8a67da6724b1995d62fc91c,6
bs_e8ae3ddf01f50986bf439bd0,5
bs_e8ae70ade3eeb754754dd982,3
bs_e8b24a723593ad2815265955,3
bs_e8b2676430fb9c1e5b96bc01,1
bs_e8b6add01831aa811c2977e2,3
bs_e8be82c33885c99cf2e2ac07,3
bs_e8c272d6dc745386892603bf,1
bs_e8c573ef04b9da6a5922da51,4
bs_e8cf324d1e72632467bab364,1
bs_e8d7bc0227d2e89f4142112c,7
bs_e8deee69bd76d62168879b2b,7
bs_e8e2e9e79ad689c65c577833,6
bs_e8f0183e7c9fe6ea3533ab1a,0
bs_e8f16e97df6c99c02db2a713,1
bs_e8f9bd6222215b60ba49d38b,6
bs_e904380b05a2175d9387eeb5,3
bs_e90c47477126a68ac992edbd,7
bs_e91081cefe260f9551ee9303,2
bs_e9118e21fc1d526140f16bdc,2
bs_e91738bd59a63e40688946ea,3
bs_e91a4d24c23b7be4d5207573,0
bs_e91c50ab061a35a6e25a44d3,5
bs_e926e73fb217fb4dc549cde3,4
bs_e92c01ce20026187ff012189,0
bs_e92c2806aa385cfa499fc249,7
bs_e92cfcb7d7c270d71002f3f9,7
bs_e94754bfea290edf774ba0ba,1
bs_e948507f618a8b4b651395d8,4
bs_e95e094f6fcfdc71f8aa7ab6,4
bs_e96089133168bbbb527cfc7a,4
bs_e96375faacf15aab409cdda3,7
bs_e97128a9e30622a0982e8d89,0
bs_e9715d72d9322b3cbf5ff12b,1
bs_e97368583762ba6377233e24,7
bs_e97ada5bae64955792d2add0,1
bs_e97b9b4098968b2a20a5d4cf,4
bs_e982e7c4f15962edef95bdc6,3
bs_e98465f30caad864f6e27b4e,6
bs_e991acfc86116ebbcdfd0707,4
bs_e994ec4fcf29196826aced0b,2
bs_e994ff8810dec1f3a62c3a4e,3
bs_e998e87a09e49cf0b517bfd4,2
bs_e99f22c34bc1a9ae4ee83bc1,7
bs_e9aedd2eb88da65d323f5618,4
bs_e9c5c02c067b1d18b956c2e3,2
bs_e9c9e71ac3bd0250a494be7c,6
bs_e9d0c63feca3661ae2af840e,1
bs_e9d3d9814d5115d1592efdb1,6
bs_e9dd8462e8afd36dccbde2c9,7
bs_e9eade9fc82c95e0080016b9,0
bs_e9edf19e00d8010f8274d73f,0
bs_e9f1b7d79fffc43fd5367a49,6
bs_e9f58cded77ca6afb73c9ea7,0
bs_e9f673b12257f65448801e3a,3
bs_e9fd287b771e2e649e2cfcc7,0
bs_e9fdc6ae16c347149dad30d5,5
bs_ea00bbf3d720bcf3459f321f,5
bs_ea1206992fe365c57e26229d,2
bs_ea16f0b8d8c26963c76a00ea,5
bs_ea1b04d732150a5a4c6dd1ad,2
bs_ea1cadf943eadb9869d52a5e,5
bs_ea24feb363230ebbe5d16743,2
bs_ea2e1ee56a7b4f941ad12834,0
bs_ea3f0f22b753ca640c54957f,0
bs_ea44a20cd1d33f599fe03962,3
bs_ea451f0067d7592928933e22,3
bs_ea452e9a74724745173f334e,2
bs_ea4955d3523534bc8ff3b167,7
bs_ea4a934147aa8e0fc58ec4cd,4
bs_ea4f52e6872fe753c24d9c93,5
bs_ea507635d9626d735096bf5b,1
bs_ea51bc9d2968763d0e731277,4
bs_ea5449a54642b0dd111fd8a4,4
bs_ea5fd2db555b4720abef0ed2,5
bs_ea62fa460ab00e67d8fb30fe,1
bs_ea64f59d69f3ff4337367e5c,3
bs_ea84bdd2015a28e67f5e7ee5,4
bs_ea8c2988191711e509a2b1b6,1
bs_ea8eb85a254f757c0609a9f5,1
bs_eaa02946223851e5c0edf871,7
bs_eaa4efcada5d51a7d740ef88,7
bs_eab76d7920192140bdab9608,3
bs_eabc8488595ed129696cf41f,3
bs_eabd5ff81bdb33612b3444b1,2
bs_eac02c596cbf882f16bce83a,0
bs_eac4cb72375d1a31079df51e,3
bs_eac7ca85069ce0b48688780e,3
bs_eace8a18f35ea582b3924c41,5
bs_ead16c0daed057cbeeb9443f,6
bs_ead3d0b39252448029886561,2
bs_eadc1a8b011eaaa21076e107,4
bs_eadc244512af5bc64d0ac9cd,2
bs_eae1ac6adec40ecfc5e983ae,7
bs_eae1b5ccf1741264da1a4c05,7
bs_eae1d9eccf930073aedce502,0
bs_eaeae081537e17220d98043a,0
bs_eb034053ae207f3c1e1ecd54,4
bs_eb0d1cca26a43e33f0a8f701,0
bs_eb0def4f033f95e275f8758c,6
bs_eb0ee85828b1f5c819b73b0a,3
bs_eb13c420458fcc2cd2d1cb0e,0
bs_eb16ae47d3aa868c712e7811,2
bs_eb1ac82e08be15959aa27364,1
bs_eb1ce325c31483a340e78daf,6
bs_eb1ff04bd38b2b7b90a4da45,5
bs_eb2fc43e3833eeda40329898,2
bs_eb36b69576f4a7c21ebadf15,3
bs_eb47808ea7959fd9f1434830,6
bs_eb4b46ee678e6a6ecdd551f4,4
bs_eb4b75447e343e8ebc1ecb3d,3
bs_eb54965fa5021ec420650536,3
bs_eb58865be7571acb803ad3c8,4
bs_eb5c19d1ec76e33701c193b4,0
bs_eb64859190d5dadaf4eb615f,1
bs_eb6528de221d656fad0227af,7
bs_eb6eddd1a60e3209b31ca110,4
bs_eb6f73aac9f1c400fd3f44e1,0
bs_eb73c99fb5510f5322a37788,2
bs_eb7e987f1f48bc14d962c0cb,6
bs_eb8bd5e8ae949455b0ffd967,3
bs_eb9e0ecce67392df5aed386f,3
bs_eba04c874f28a61721e14564,2
bs_eba87327f02dc38ac9c54be0,2
bs_ebb60927f04b848cb248f52a,3
bs_ebbd570f79ac2615e91a812a,6
bs_ebceafc5bd1a898c2b8a1dc1,0
bs_ebd24ff83d503ad8f9921415,3
bs_ebd58e8deff03206dc8c2318,7
bs_ebeac47959b870cd1f844c11,2
bs_ebec5e86af29a2c859aa4577,2
bs_ebf80aeeead02d6a4008b009,4
bs_ebfabd7284b796e9e8ee85b9,5
bs_ec0454f1d8317fbc4fde39fe,2
bs_ec05e79ba04d079ae61de407,4
bs_ec0ab96bd792621a8dadbaa3,0
bs_ec103ff9482eed1a3bd77b2c,5
bs_ec1532aa0c8a5546372c11be,2
bs_ec159670756d247b25b182ef,3
bs_ec251d9d608620841d24d1f7,4
bs_ec270e826e74a3e13398ef97,5
bs_ec2a4e0d17254f05219a704a,3
bs_ec2b79d3c8623fc5d932d175,5
bs_ec351b6c6c896cba9d1219dc,1
bs_ec43de162aebaedcd8a2fa02,4
bs_ec46c3c2b574406737a5210a,7
bs_ec4ff8a22c962c6b344a5f14,4
bs_ec546527985721a4b202a091,2
bs_ec5575bca17f71a70830f598,6
bs_ec55bd3db4311e5da3905613,0
bs_ec5b83206753885fb71d3330,3
bs_ec5c84ab3d0dcf4155525e0c,3
bs_ec61fb1026ddc2e2f409e3ac,1
bs_ec62af297cff0f1774dc07f2,6
bs_ec652ea8f262e991e222bbc7,7
bs_ec6b0f97add6134fd1004824,3
bs_ec72905fbfd0297532b8260f,6
bs_ec7ac2014c0c7ed190c71d9a,1
bs_ec7eca18bf76faeea6befe11,1
bs_ec8ac8dde43967eefd0d2928,7
bs_ec8af7d892268d0bc23ced18,2
bs_ec91f089205c93ddd3166aaa,2
bs_ec92f6cc400795f495cdcb51,2
bs_ec9e17f6d87bac36c49654b1,5
bs_eca518cb260174c88423598f,6
bs_ecabb08d8d18956c46cddfce,3
bs_ecac950908d07dda3bfaa4e1,1
bs_ecb60c6615aa0fe35cc9e430,3
bs_ecb9e3113e4fa285bcfff793,7
bs_ecbab3a4012b6dd083dd9c20,7
bs_ecbd7dbe4f6e777ff0d351bf,1
bs_ecc28539f1d522b51e027a9d,3
bs_ecc51e27d759b5162da1ef5e,3
bs_ecc9ba3799a6acd798bdf593,7
bs_ecce0fb433ed9ec04699db64,0
bs_ecd642e2ff81bf75729445ff,5
bs_ecdfddbb3952a0443a269b91,4
bs_ece4ec9569ae4d2d69395c7f,5
bs_ece7ae5579b3e52277e0255a,3
bs_ecef96ec7e8ee2f6df5e720e,4
bs_ecff6e1b646fb5da0e7334f7,6
bs_ed05a3d4d5593f1b53d93923,7
bs_ed07637b8c66bb6ca3ca49ad,1
bs_ed124350aa110a24c78e4d05,6
bs_ed152e8d812e55abf35f0e4c,3
bs_ed16a291a21170dca6294c40,3
bs_ed1e7ac9f4ff9afa6ad26e50,2
bs_ed240887f9ce387cf834183e,6
bs_ed259d37300928bd133af1e8,3
bs_ed29a9378f01b69e8837aec8,6
bs_ed40374e76cb488fee0c6865,1
bs_ed49a8b3e805b6798fad4629,1
bs_ed4b05ea65e580f1cf21b2f1,4
bs_ed68d363910126fb47e861f8,6
bs_ed69246dc0205ec65dc38c63,2
bs_ed7961c23893952ba753bd1c,7
bs_ed7c3d5a4d35809172489152,1
bs_ed81f604bbd24bab184b35d8,7
bs_ed86c4f23a56fe9929cfbcdb,7
bs_ed98212deca4225850e8be47,5
bs_ed9828b64b496a25a1e24dfd,1
bs_ed991ccda8a7efcb5f533f9b,7
bs_edac2428026a346637bb2638,2
bs_edb022e040792f2b5983105a,1
bs_edb656098cda6041b7291134,4
bs_edc3a6db2312309900550f0d,0
bs_edd08f8143b6e6b01143f4d7,0
bs_edddf8bfebcfd2f1dccfb14f,4
bs_eddf9b32872de847835c5c4c,3
bs_ede29af9c930f2bc96f32860,5
bs_ede3e03dbc0ccc04f6e7b460,7
bs_ede467cecb1c8b8bd09d4e12,6
bs_edf2ba8ffc3b5d07ba4ebd27,0
bs_edf8ffb5f6272b5ed67d0927,6
bs_edfb872f32cae888615dd0b7,0
bs_ee0ad82d16b71a352d1a8b64,1
bs_ee0ba9d4046ada289bba9e1b,0
bs_ee0de36c8b55e67cb0d1a8ae,3
bs_ee1182a2f4d4d2228a1d6fb1,2
bs_ee1c9653854e81e6f11eee96,5
bs_ee2527ca35c2ae930d6c3af3,4
bs_ee2712cba70a5c91c31f2e0e,3
bs_ee2cb58c856ed1024e58f590,3
bs_ee2d3fb84988a89eebe0e712,1
bs_ee2ef11f0731d9aefc71e5a8,5
bs_ee2ff81b35719f5253a59f98,1
bs_ee356b9c0a62abd8b0c9b79b,1
bs_ee3ce6ab8ab670aaaf12d70c,4
bs_ee462d6226136a05b7e6ff83,1
bs_ee52bf91552fe89096fb1c6e,3
bs_ee58677763000ff4f4f6fa98,5
bs_ee593cc34479f847a0532006,6
bs_ee5b146b5d6429043fc5752b,0
bs_ee5e2678841dec6664e89bf9,7
bs_ee60000cc16b5a8086b8cb43,1
bs_ee6521a60b3c56e2d856b464,4
bs_ee6a765375c2d3ab470c75d9,3
bs_ee6ac0f32b9de274517a5ed5,1
bs_ee824197390437a95d9cc78c,7
bs_ee8f697c2544fc2b7fac3911,4
bs_eeaa7810f72695ce4b2fd25a,5
bs_eeb24129ff44824eba75e234,2
bs_eeba4f3315cd78ad87d431ab,1
bs_eebace14ef746c106dbeab2d,7
bs_eec630ad0b8356863bbf1acf,0
bs_eecc10633dc582a416c198ee,2
bs_eedc6d51a03f0e11cb8fe43a,0
bs_eee5d6dbfa6ae6d7240e2deb,2
bs_eeec68d57e4e718279963e9d,4
bs_eeed55f863dad2224469d4a3,0
bs_ef053772e34347c44054d086,4
bs_ef07836202c310a4d5cc379c,2
bs_ef0a76dae81b1fcd9d8a7ca7,4
bs_ef0ed3cbc399d8172ad28ccc,2
bs_ef0f3f249fb79540699e190c,2
bs_ef0fc2bcf88d41719424b2ea,6
bs_ef103e34e3118e4887193c82,3
bs_ef11104500952bdfc9317d4d,4
bs_ef18747f2187a5a6a2bae40b,6
bs_ef18e864714245c917fc6dfa,5
bs_ef25664d503850e4c23907bf,3
bs_ef2d430ee4dfa1748562258e,5
bs_ef34058f453c32979b951bd6,1
bs_ef35f3b2864ee3a2af4e4887,2
bs_ef376d217c0920dd2d497a68,4
bs_ef3785c14932fc90be6b2b3a,0
bs_ef4362bbfb49d5b213ae7e85,7
bs_ef4b7d50bb098d11722795ea,6
bs_ef4b8adcd6cfb6c2ca063475,3
bs_ef4db1ad5c504b13eb9eaf88,0
bs_ef5871ed02fd3a8fb4a89f4d,5
bs_ef5cb8714760dfb082f3949d,0
bs_ef5e596923990a474acb224a,5
bs_ef5ff33568a2581f5023e991,3
bs_ef687ca396330625c7c5cee8,5
bs_ef6914babf657c5fad72412c,1
bs_ef6b57c556ebfe8f7c012935,3
bs_ef6e3f91cbf38d6d97653075,1
bs_ef71d08b7ec4caa8c134c0ab,6
bs_ef7a8658436f78f73f0e6f75,0
bs_ef84520446c1086f43a3a968,3
bs_ef8572a8a8dea4730c8c9bdb,1
bs_ef8914c2a1d15804dbb3ef88,1
bs_ef8b97d2584708cdd87e0ed5,4
bs_ef8fa04e54856d86b9506377,3
bs_efa05ab896c38f6abfdf0425,6
bs_efa2a7e19230d4c929e6214f,6
bs_efac79b410481e23d2098f5b,7
bs_efb0824901092ea9910f0a00,5
bs_efbc270e28f37084038caa5e,4
bs_efc4f84b43a7050352d0ba24,6
bs_efc653a282122f752f054182,6
bs_efd6dbb2ad4d6ba5eaa04ee3,0
bs_efdcac67085caa5252028694,6
bs_efde617a5687e9216f047c62,5
bs_efe06038320e536ab5fc496d,2
bs_efe14131b582cc48f3e93711,1
bs_efe577f5e3a2ea64bfbfe1d0,0
bs_efef02a4d0b832adf0843787,3
bs_eff69c8ef94107b97fe21a01,6
bs_eff71225299bb2ae5420e87d,1
bs_eff76067c270ec8f575adfa9,6
bs_effc8189ecebf46b0e269f7b,1
bs_effdd45e0a337101c1ac3219,1
bs_f006d7eb4bb7f1f51c7afbe7,3
bs_f00d8bbd415e20db0bf63120,2
bs_f00fd255d288d790d07a5bfe,0
bs_f013396d22da21981a216b83,1
bs_f016cf7c3d85bdf904b88807,1
bs_f01ae2e3232e3c27ffefd7fe,7
bs_f028addbeecacc3c7a9c6472,4
bs_f032c7ee6e427e0b021c6bc3,7
bs_f03354c7f0f8949f064605aa,5
bs_f0358036f9515b9f8c5523e3,2
bs_f038bd0c6b44347eef6ffd67,3
bs_f038c53f21971be781b47fc2,2
bs_f0578a4b14d13f345e7d1ca0,0
bs_f05a960a3b000aff794dc02c,2
bs_f05adc9a40b51c7bb236913f,6
bs_f05c417c34f243e77b6283db,3
bs_f066e2f55202d70782b1436e,3
bs_f06c6270422847a3f7bf6334,5
bs_f07e3a91840229b53d7521ee,6
bs_f0826a9f978455d93f49f3b5,0
bs_f08c560bd45de355873abcfe,1
bs_f08e02ac2dceb69ba71006f3,1
bs_f097800313ffd24d13b25d78,5
bs_f09e22e29aefbd5a6fd13858,0
bs_f0a0a905d547360dd5c28629,3
bs_f0a0ab03df080264afc3e8a4,1
bs_f0a2bd643fb69994c3b628d6,7
bs_f0a4c85507cc9bc76e74477f,1
bs_f0b297630ef2ff5d4952d2ac,2
bs_f0b6fcfdfe6e2d0cd6877c90,4
bs_f0bc9b225b563b082dbe68a7,4
bs_f0cabac3116a1f4026c9f825,0
bs_f0cb41cdd6384cabdc6c340e,3
bs_f0ce5f93a325601d48e9ccbf,2
bs_f0d16665196face75d396625,6
bs_f0d4a9982d1a247a9507292a,4
bs_f0d9f19197f369998491f1ed,5
bs_f0da4c2814bf01f9d960188b,3
bs_f0e50fce6fd4e589437eb6fc,2
bs_f0e57451b15db365b3012908,7
bs_f0e6f8f5596126e1c2df3ef1,5
bs_f1095080197d2ede83e1cc6a,2
bs_f10cd81c6414f99f1ea6e919,1
bs_f10f61ac5e72a93be0ed7ed3,4
bs_f113bc6f3508b8cd53867034,7
bs_f127ac627069040df558dc95,2
bs_f12846d938921a52ef37f48b,2
bs_f12c5aa1b6b4f16c2600ff33,0
bs_f12e1e4cbfa8dab1f5f5ee08,3
bs_f1394e82d93654fa7a99d1cf,7
bs_f154f27d708d28bc5feaee82,1
bs_f15cf59fc338d0755282b97b,3
bs_f1678f3ddc0cf380f3ff7589,3
bs_f1730a03ce634d3c4f2db6b1,1
bs_f1750e029b8fa63e2181130f,0
bs_f17b6fc8aeefbaf7ca43cc59,1
bs_f17d3051adb577d4d1f418aa,6
bs_f18279b84abed9e7e8b557cb,6
bs_f18fdda114bffb91d200abeb,2
bs_f1928bbb47ad57784465330a,0
bs_f1937239f6263b0d37408f1b,3
bs_f1938210e7066647007fc81b,1
bs_f1966795320d2ffcbd442c3d,2
bs_f1a0a1e3183fd1837d5a1b37,1
bs_f1a70bd1a73ece28fb14f450,3
bs_f1b2c1f9676148299381c7fc,1
bs_f1bcfc0d2b426b030d261914,6
bs_f1bd98f54801f9c99364a490,2
bs_f1c20a44ac774baff1de5782,5
bs_f1c2ed199d0f72313376ddb1,6
bs_f1c61059d42b42addd60dee8,6
bs_f1cb3cf42240cf4357d5847b,7
bs_f1d1bea54a52e08c9cac2d8b,7
bs_f1d32004069bfdbea012c0ea,2
bs_f1d806f6cf64508cdaec1ff6,3
bs_f1dc05ad0c269f0393364b1e,6
bs_f1e22e4ca46f5b09dadaf2f6,7
bs_f1e799f4a12f48fc5028e0a9,1
bs_f1eb03c513850725f4f151bb,1
bs_f1ec04d5f27c34dbeb3f0f7b,2
bs_f1f0a374f9454bf0a25bc061,0
bs_f1f55a4f136fb4e854708585,6
bs_f1f6d3a2241daa8b8999fd9c,5
bs_f1f7c471ae716c2ef399e11d,1
bs_f204f19a9b23d006523ca7c5,2
bs_f20b57e7778d143cd9c48cbc,5
bs_f2153ea204544180de0ea981,4
bs_f2194f509bd2713b82a16491,1
bs_f220384150cbace4dcdd58d5,6
bs_f2258ddffac5988df1988ed6,1
bs_f227a2fd8c6207324e2dcc46,3
bs_f2309a8caa35a831931892e9,6
bs_f235272f4250777bdc39be7f,4
bs_f23fd1473ed53c63331b2e0c,5
bs_f24462bf204ae0d170ff93db,0
bs_f245be716cb48ce43966c730,3
bs_f24a7b39ad550f38c6699279,0
bs_f24e8588b382f31ce6f18159,6
bs_f2501f142ba3e4c525903ff4,0
bs_f25a8427045ef47f11abd437,2
bs_f264d5a71922f02ead4aff5c,1
bs_f26ee9467de8a70975d7fb50,7
bs_f27bc5200758af10dec73057,2
bs_f27efeb628633d44585ce6d2,2
bs_f285834ef989e000ba1dd34e,2
bs_f28e06e3567c8c027500d037,2
bs_f2904d17479b6c145092e23a,1
bs_f290f949554eaf763b7af886,5
bs_f299183490a8b68eb8a440a5,4
bs_f29d98e65d40a0025b3efee3,4
bs_f2a16c45f3e1c904cbe3dda4,4
bs_f2a1b9b1bcf2cea2d2688098,1
bs_f2a3e8366b942f7e0d96e58f,4
bs_f2ae942e69f30de1f52ca6a5,7
bs_f2b8efe42bb811aa564f9865,6
bs_f2b995bb8aeaadb30c803d34,6
bs_f2bd1e80cef5456b1099908f,6
bs_f2bd45d7874a3db49779511c,5
bs_f2cd945ea23b222764478464,2
bs_f2e77e3b2e441fe2e57571d0,3
bs_f2f3ac6275083c2644982a36,6
bs_f2f8e6a40d64e4eeac82625d,4
bs_f300d7037b32f783b5e9106a,6
bs_f3099d4013dfbd5abc2607d1,3
bs_f3100363d10f48e89f39266e,1
bs_f31c8ca679d9428218725d72,4
bs_f322ce14160d5ab3981ed881,1
bs_f32ec5f550f40ce6decdb15d,5
bs_f32f129756f6a743b2ad37ec,4
bs_f33662ccfa83b527a273c42f,7
bs_f3395e48026fcdac137e722f,3
bs_f33e221023f2efb78c2e737c,3
bs_f346417dcef11a9ddcbcc7dc,5
bs_f347b23116d0b1ba5cc4606c,0
bs_f35035f29cd130eeef4fd4c9,6
bs_f368eadeaffad146a8e1dee6,3
bs_f36992702cf15ba52974f510,7
bs_f36a5a68d1a230c5168a368d,0
bs_f36d0f662a706eb6cfb918c5,5
bs_f370f0adcc0b27435eebfb26,5
bs_f3779372223ace98e921a08d,6
bs_f37fbdfc11bf6b92fc95a415,7
bs_f38539cd74c6c8a21ecd4fb3,4
bs_f389caf3726fa8172c3f5f27,2
bs_f38efdd7575d9e93f3a5c97f,3
bs_f39180a8e2fed219d8ddcd69,2
bs_f3923ffbb04e1c5f64535d50,1
bs_f39335b4411061d56a8a269b,2
bs_f39766198a776ae17358676c,0
bs_f39af03d06ad1463fa54d2e4,4
bs_f3a30e28be33e796fcc2aa58,6
bs_f3a416db384faf75e2fafed0,6
bs_f3c17272c1a669166e3bdc9f,5
bs_f3d63492d1b74a49696719e8,2
bs_f3d9159922b43f3c843035e6,5
bs_f3dbd6966b065f4fe3d8037e,0
bs_f3dcfd3c4967a37865a78c84,7
bs_f3e6b8ceb981ef89eee34260,6
bs_f3e8c831bf1d6d05794b1f37,2
bs_f3ff054047524faa9c5d7280,2
bs_f4134a74e5566e09c9e6e61a,2
bs_f416869e66c73e7da055f069,6
bs_f4172c40329c5436c951a060,0
bs_f42e8fca239dcb79df85010d,4
bs_f42fabb6cc4dc1ad29694eb3,1
bs_f433d809a125489447309dcc,6
bs_f4368d2013df0524532e9624,7
bs_f43ac5153ea72b16cc2f4b89,1
bs_f4456b245e1a529b39dc89c4,1
bs_f45c74d4ef453b0930dcd477,2
bs_f4646b1146b79f8bb308bd33,1
bs_f470ff9bb2a83bd395249938,4
bs_f4753956211bbc00a84e9cda,0
bs_f47ce247663638c472b5b452,0
bs_f47f2af4a85056f66cbae397,5
bs_f485953fd0089297bad64f93,0
bs_f49065769eebbeda48719094,6
bs_f49b8e144301b664bcc9b98b,6
bs_f4a3b8a1f5746d5524b270ac,5
bs_f4a4b671ea6907099d47f643,4
bs_f4afc0594e427d9d42cbab40,6
bs_f4bd238a75ad038d7687eb70,5
bs_f4c2447725d815e785eb5ef2,5
bs_f4c5e0b891ea21d293bf1c0a,2
bs_f4db233f76ae4e16e5d27110,1
bs_f4e088397f726d56d4831c59,7
bs_f4e09967bdac225f3ac23402,6
bs_f4e2e5e48a78d2466f568b8e,6
bs_f4e915d8d1e3f0ead9f242b8,4
bs_f5043b8e285677fbeea12d9f,2
bs_f507040ef390db0b1551730b,4
bs_f50aee9b246fc2941a8646b3,1
bs_f5238c4070607506edfddfdc,2
bs_f523e60fc2b70862c5437b7a,1
bs_f52501385304f3cd98e1da60,4
bs_f52729535d102c98a9805dd8,1
bs_f5321191ca01ebdb42d06bbe,3
bs_f53371e1c954a577a2345858,2
bs_f54dec06c36f8e1b40b71c55,5
bs_f5550d337468f2bb8d2ecfa1,0
bs_f558fe3dd8778784db3f9323,5
bs_f559e05220dfb8a37949d23a,1
bs_f574f44d79057b3e6dcc133f,4
bs_f57bcee363e9d25d04e9523f,5
bs_f57e9ccdf56a02999dfaaad5,0
bs_f58928be868316e36d5bae03,2
bs_f591ab31594014860fedcef9,0
bs_f5959018cf006749b2da3dfd,2
bs_f5a09743a980c1f9d7c7e78d,0
bs_f5a774c911202d10ce7d9ae1,6
bs_f5aa7577794a1fd068c73ffa,3
bs_f5b15b2653ba9d89a74b581d,6
bs_f5bf53ad968c8a2f000d1fb1,2
bs_f5c814bdfe809d0bf1f7081c,1
bs_f5d1554ae6e07dce434a3d09,4
bs_f5e4dd124e596ff59e53b52d,7
bs_f5e6526e074a79ca2c79aab2,2
bs_f5e7a626ad26d190c255bceb,3
bs_f5e9f26ac2fbf61dd3f79370,5
bs_f5ee3db2c03524fe54dd917e,7
bs_f5eed5c63df02bb49d4b870f,3
bs_f5f3be79ff1c6b7cda6cefde,1
bs_f60291eb8954607b2c2f208d,5
bs_f608585222c52a58ed7a57aa,2
bs_f612a0a7019e98609d75c962,4
bs_f613a44fbd950327868f38fc,2
bs_f61e7994b7b0f8ac26079d36,6
bs_f61ffd9a7c811ffe7dd02aad,7
bs_f6243e53fcdfcb2e682d8a22,2
bs_f624af435225c750e2e8cb24,0
bs_f63217641402bde2995f10b8,1
bs_f63468b5e1536733fc404b58,2
bs_f6436aea8617cc73e0165adf,1
bs_f650434eecb0d43e2a689e9a,0
bs_f6515e79f51bab3384b23979,3
bs_f656ff090c19fd05f7dfe654,5
bs_f65bb3e96d51eabdbc8541e4,5
bs_f65d22a826bbd3d3e74983c7,4
bs_f6667bd77919bbb7c49379fd,5
bs_f670a79b647745c86ff7844d,6
bs_f678cf4125d84ac33ebfde63,6
bs_f678e05916a9ef8ad5ac7988,6
bs_f67d2713e75d97ac746a085b,5
bs_f67f4b52bf2ae7f4a8c5d67f,7
bs_f688326fcf8d9e884df25b67,7
bs_f68b38f113f00f165dec779f,2
bs_f68d41162c317a19fed41722,3
bs_f69218fc909b8bc1a73be0bb,4
bs_f69624a97a5f905f4ae45eb5,4
bs_f69f52d390787489ba0253fb,3
bs_f6a02f06487cdb531421af0d,3
bs_f6ac15ce3d598fcb684de809,2
bs_f6c04ba8d72fdb5f47020b2b,7
bs_f6c0bfd989747c6a4bf520e8,4
bs_f6cdf9ac8d6768a883d7a69c,3
bs_f6d283024cc26b3381c62c7a,7
bs_f6d80b4a55535b7a5c7b712c,7
bs_f6df72ee2c7b47c67960e38a,2
bs_f6e241eb3d0090f33b49f432,7
bs_f6e99512ca0859b1e1a9b8af,5
bs_f6f00c7b703c8b063d0d332c,3
bs_f6f43cde26555a8c6d028fab,4
bs_f6f5a0446e53cce9a3b5a27b,6
bs_f6faa0c62c244e09f2871065,7
bs_f6ffdf27d28bd4944c6ddb70,1
bs_f70448f4509de37f393f4eee,4
bs_f70ef8a77b5668ab1626ed93,7
bs_f7135d964f3eda83ff7f1dd7,2
bs_f715b2a18d86d00e01c96938,1
bs_f71622dd481f5da4d9a11336,4
bs_f71c4fa33de3a13146d724d9,4
bs_f7207335aae5523bb26ce5da,5
bs_f724c9c09e7dc67ac89e1e60,6
bs_f73175f5d69fcc3e1c28dd18,7
bs_f73291aa34e9c62b16b10b9d,1
bs_f734c3c065f5c37954662e64,5
bs_f735f70ed343c600b57ba563,6
bs_f73d22b7d99e2068cadb851d,4
bs_f73fd29bda8fff63463e659d,7
bs_f74504b275baedf5fc65ef0f,4
bs_f748ef6abff7b0ca99bea693,4
bs_f74b058043834acd9da5c00b,7
bs_f74bd3e68a8dadee0fbd7bfc,1
bs_f75f00da31f4d8c8096a59d2,6
bs_f763323d7f49758c52ee3a8b,2
bs_f763ca70cc2d151b72b2e712,3
bs_f768b7b430f8c7dcbbf4453d,5
bs_f772a7ff1b529377bc9aba2f,5
bs_f77d3ca1834746b477f64b54,1
bs_f780967a9dd087f90a647b9e,2
bs_f782c0647fde08f7ca9cf73a,3
bs_f784aabebc00ac050b9e569e,7
bs_f787cdb492463cb8a243df5e,6
bs_f788f99c357ad4f59186e09f,0
bs_f790e791c664dbaccc7b7180,6
bs_f79371dbc64b83528a7c0323,2
bs_f7955989ec2607afb49370f3,1
bs_f7962b7b60e289bd3194dfa9,2
bs_f7a62c9dc537745bc77caa9b,4
bs_f7aeb4b2d549f9de0fe16bb0,6
bs_f7af4ce0d9762f470c048826,7
bs_f7b2ccd8decdde6087f44e42,4
bs_f7b60fb50fd0e7b85ba9b992,4
bs_f7b79b27ff0b595321608b42,4
bs_f7c09dc831ce3175bfacb221,1
bs_f7c55eecd9d42ff14dd1cde5,4
bs_f7cbbaa83375897bc7e938cb,7
bs_f7ce9375a7aa47cd6d03a0a0,7
bs_f7d023997e4c3d9268262e53,3
bs_f7d703de125153d20842c379,5
bs_f7e0684130bbfb92c2febc75,7
bs_f7e2e3fb1b9d7ffb7a4a131e,5
bs_f7e511c809652c86218662e1,5
bs_f80860dbd6283ed7525e2ce1,5
bs_f808b589e39909b650d7ac1f,2
bs_f8164f8976ef0e3740a2646f,7
bs_f818ded75c438a15665d9e8e,3
bs_f8231c628c6aac8bd0343ae4,7
bs_f82861b36bd2d621983e83fc,6
bs_f82d16d61e22ebbc05b278db,2
bs_f82e1ab089276b5ae528485d,5
bs_f82ff51762b3469413496dfa,7
bs_f831bcdffeece01b92b920a9,1
bs_f83d7590be0aac94477c683f,5
bs_f8469e79ec60a371c8e26840,0
bs_f8501161993131a1cc0c04b9,0
bs_f850ed2033e0ce37e7e9bc95,2
bs_f85a14af07cd0bbb306eef52,3
bs_f85c475ecafe80dc5e646bb2,3
bs_f86599729acdab441e418dbe,6
bs_f869e5064191f7df7e1bb831,0
bs_f86a41bdfa948468f0ae9c6e,2
bs_f86aa6870e473488cafede81,2
bs_f86f8ff498568c2d1be6058d,6
bs_f874a31ec63558c3cea8df37,4
bs_f88310cc16bcfe00da133b63,0
bs_f8836cbc5c7e199b28d76862,4
bs_f88dc596c7d8564f1554c83e,3
bs_f89035528c9807ec372f925a,3
bs_f89082d14a215d7aa98ed0ba,7
bs_f892a0380b6593db8d67075d,6
bs_f89d80cc5e461def522ad201,5
bs_f89dd0756b6e79ba8e13e8ad,0
bs_f8ba3c917d5b99434c691f40,1
bs_f8c2c5c011e0ef3b1507c0a4,0
bs_f8c2c65a56d96dc2bce371f6,2
bs_f8c373fe84d1a1defec4bd3a,4
bs_f8cba89fd139368c96e3bd41,4
bs_f8cc2b52efcc4bbdb06bf087,5
bs_f8cc7636c99d9f40fa2404bf,2
bs_f8d2a7abc02ee43cd6e09583,1
bs_f8d573f3484bbcb52b01f961,2
bs_f8d805d37fba082ee5632b33,0
bs_f8de3954c8ec31c6dbc9b381,7
bs_f8e114616e64a2e36b9d621c,3
bs_f8e41cdb20dcdaed7ce1b5e6,2
bs_f8e6701f6f2b9bf0e7c34cf8,1
bs_f8f666d56162a5cc70e6bd97,4
bs_f8f67b9a948e98d14e93d6b4,0
bs_f8fa377022bab23d5c1e157a,0
bs_f8feb148325c413c853a4fc2,0
bs_f913f8cacdcbbdc3be1db6ec,6
bs_f9155948cb6e08a6cb4f765d,6
bs_f91b4629405446c0ec1f2ea6,4
bs_f924f78ed9b2b2cceec2d9ba,3
bs_f92841b56f5622511adca59b,3
bs_f929ee4944739a2cf455bd2b,7
bs_f92da8c9c2b2dea70b6ef115,3
bs_f9306960ca199ce58759f34e,3
bs_f93188af261ed873283f1ade,5
bs_f93be37f37480331a052a61b,6
bs_f93e15bcfc34f5abec974cbb,2
bs_f93fc97996246ead2834b55b,0
bs_f9508212908275958fb67922,4
bs_f950a7a62f031356324cee86,4
bs_f954693cb8ac28f05f06f373,7
bs_f95e7d2afff52022cc4f4474,6
bs_f964def57cb377aee3664854,5
bs_f9676a18e7133262f0d4b3cd,2
bs_f96c464242c679bc7b4923c5,3
bs_f9751e253fa8a8bc0923e168,7
bs_f975c72a46da735e246e798f,3
bs_f983a402023d6793a80cc55f,3
bs_f98b0587a3457b7b6c4d4497,2
bs_f98d7432aaa0b71106a2861b,1
bs_f98dbfd459ecc6570b8ac641,5
bs_f98dcccb6232d7f051bbda59,0
bs_f995567074e0da6442f85867,4
bs_f9962fe7f6b35cb663fdc164,5
bs_f99877a331329e1818dc4aa4,6
bs_f9a0fb044a989979bcef72b8,3
bs_f9a84fce2062c282ce9a7e7a,6
bs_f9ac68d907d5037e15d53c9f,6
bs_f9ae7be600b3d80508abe666,7
bs_f9b33b5395a766d0c651bc36,5
bs_f9b71a443d4839ae913ed4f3,1
bs_f9c22b712f3e93f2563ecc8d,5
bs_f9c6f01d382cbff70ecd3a47,2
bs_f9cf6c5d3060a68235d3ffba,2
bs_f9d5c79c3322fbd5dedb36e6,1
bs_f9d821978cff33f08349998e,6
bs_f9dfb926b2a9ba81bcd09bd2,6
bs_f9e2a0e51711a0beb3a8ba40,6
bs_f9e5c68dde6245af40d5b659,2
bs_f9e6290e6bbd31730bcf52bc,0
bs_f9e952ad8079024e4950f7c1,0
bs_f9ea46215fcf89c12802a280,7
bs_f9eea786f41099b28c3bb043,0
bs_f9f4fca02ba657155780634b,7
bs_f9fcf7ddf1ba05e188d39d5e,6
bs_fa072c98ee8ad2f791794837,7
bs_fa1946b79373e04c94ffbb09,1
bs_fa1af993dc4920234983f3ae,3
bs_fa1bf0b4522f1ffb5ee49310,2
bs_fa25760bb8c6dc7c66fac704,1
bs_fa2c8b3749c8fdc74e1f40b0,1
bs_fa2f9db2903d665871f95c8d,7
bs_fa3c8c7b69f5fb0e33197563,3
bs_fa3f5f594bab242daf763f61,4
bs_fa415b3691b121e5addc4693,2
bs_fa4cb5c207b0536548a25dbb,5
bs_fa53de74ecbacc1feec17805,3
bs_fa540acd3a3151c970c20718,1
bs_fa55770fb5fe357f7da6e53e,2
bs_fa5809de165a3bc28cb49548,4
bs_fa584388a0ff0dbd1991a113,1
bs_fa5cc3acabe76ab2c127b4f7,3
bs_fa6557f389aebb504755a033,6
bs_fa7265a603b62ebced73a214,3
bs_fa7b05cd1ee4c79574a84e7f,2
bs_fa7c4188fc5de8d54c7ad760,7
bs_fa7d7e9ea3f0eb6b09fdc243,7
bs_fa85720e6691268b59ca9236,4
bs_fa8891ce5d4efa70f474c4bb,3
bs_fa8f9b47fdd3473b137fea42,1
bs_fa91214170a9ae250f80848c,1
bs_fa9240feac48f42322d920e8,6
bs_fa972d12efaab253cbfa498b,5
bs_fa9d0ba714f4f9a1d333ed79,1
bs_faa1dff8df80604439eed7b1,1
bs_faa3ddde4c5fd72afde5d249,4
bs_faac155dc58944ac5db603bc,5
bs_fab04b28f3da4efb390c3838,0
bs_fab0a995280d69d48e1d1f83,2
bs_fab1e12858b0fe134d964bf5,3
bs_fab3f363e5b5cb5512cf8310,7
bs_fab6d85d0c2b8fe87146645b,0
bs_fab6e12be5cc4c7f838b02ae,3
bs_faba9ce174bd95331602619e,1
bs_fabede56d08ddfc1216f66d7,3
bs_fac0c240ec62dd579349a91f,2
bs_fac3383fd2857edf24f8debe,6
bs_fac7c54434413fb448a691ed,6
bs_fac7e45cb73af553b1b7ab0e,7
bs_fad04949b4c3443bfb3fbb1d,2
bs_fad25ce18ab52547e8976fa4,3
bs_fae1c702be1d228f37ef05e5,0
bs_faef8fc1d95935f5fdb3e36f,6
bs_faf395a7100b4402e28418d3,0
bs_fafbdf5aec6ac5907dc44582,2
bs_fb055b1d4b166564da0cb97d,7
bs_fb06e35f427195738b6fb65d,1
bs_fb14bfa34387668f0ac86945,5
bs_fb188a6b93e9a535ba3db9b3,0
bs_fb1c574ebceaaa64ff503df2,0
bs_fb1d4f4047d9b369066f730d,1
bs_fb205f05f8cc6c664e9cb2ab,5
bs_fb29fd2792ce312055d971c1,4
bs_fb2e963f6c17f3bc8274254d,0
bs_fb2ff922f08b32a968b56082,0
bs_fb32967abddebaef37ec3196,2
bs_fb3729ca2d4d0ae85eb0482b,3
bs_fb3a4422971e64aeb7c3f2eb,1
bs_fb41ed4f82136d664c150173,1
bs_fb45067751e8a8e4ed4c2313,0
bs_fb4770e6ca4f8b8e3afbc121,4
bs_fb496b58a72d7fd536b95429,6
bs_fb4fbd43b595af5e5f58f5e7,1
bs_fb5596ea214390506e556321,6
bs_fb5d6cc900e38b92a20be642,0
bs_fb60e9f499ece7e27aec0597,3
bs_fb6c86e60ff49d6c2626c7b2,3
bs_fb7210eb7d68714fbfa7db9f,3
bs_fb72aa2deffd99824f0215c1,7
bs_fb73d19dd5ccf76287fe9084,2
bs_fb768846d89a41b0efd439d3,2
bs_fb854f76811e07d85feaebaa,5
bs_fb94515dce3aaa74b9d88429,5
bs_fb946272adfbe03d636f2772,6
bs_fb99a5230d354f70244ee828,4
bs_fba39c0033570e2a6d1043ca,2
bs_fbaa9cc962a5594bd79b96a7,7
bs_fbad98cdcdad47d73b55cf87,3
bs_fbae9da0e040a81352de2668,2
bs_fbaf191b878a523888be7730,3
bs_fbb2fc5ccc9673f9b7e63305,2
bs_fbc29f9b983b3dc4c8c957ce,7
bs_fbc3c95450ace3b6cd0cdcc1,5
bs_fbc46e6e23beb8ce5afc424b,0
bs_fbd17d0544e58f878b0c9a70,1
bs_fbd5a4692e18d42572c3f89a,4
bs_fbd8460c7593c7608ecd751e,3
bs_fbe2e18010bd8ae639f92b3d,1
bs_fbe8954d9afe4383f3ccfe25,3
bs_fbeee1d22b6c07eefb6bf394,1
bs_fbf324d67d686f595a23baf4,1
bs_fbf3d48c0608e0bfaa73a5aa,6
bs_fc014bea0690dc22e9fee0fd,4
bs_fc067f35baedcd43a25016ce,3
bs_fc1658b205d8ec2cfd3c4f12,4
bs_fc168b7880a4acbb1058f802,5
bs_fc1d4bf484900158adfeae80,5
bs_fc1fba720717eb254449deae,5
bs_fc21aea5b3918cf115da4173,2
bs_fc22dc4454cfdee22bbda44f,1
bs_fc249e2f81deb5d3f465583f,5
bs_fc2c4dab66247fd9613c8bd3,4
bs_fc36417925d3d698e8f0068e,7
bs_fc3fe5b81b38491844e51800,1
bs_fc4fca103a712b572a9db8b5,7
bs_fc5d8d017ae486237a14ed21,5
bs_fc668d651778df3085d3570d,4
bs_fc67051658fc4f76b0780305,6
bs_fc672c7ac3bbd6b709e41177,4
bs_fc67b73b79855d062805b354,1
bs_fc68ba572de7f237b5607aba,6
bs_fc6abedc4e26ab15008225be,6
bs_fc6eede32a098e9c272e07ce,1
bs_fc789af7d803b3741f8667c0,4
bs_fc8835b6423ba6816ab8c38c,6
bs_fc89923a7f0c2000ff74b8a0,1
bs_fc8c4deaac741fa1e2a06297,4
bs_fc8d9622c1a158d97896678a,5
bs_fc903771964666d5959493aa,2
bs_fc92ac49df920870d5dd89b2,1
bs_fc93820e1cdec525e19182d2,3
bs_fc957d0878f9c7f574eea703,3
bs_fc9ec5d644d40502dec91488,3
bs_fca04409ff7c8c25cb6dfefc,4
bs_fca55c5139d1377a4636779c,5
bs_fca594951772738a7f646bb1,3
bs_fcb2d35e7e1c211d0951ec2f,7
bs_fcb395a9ca66b938678a2173,2
bs_fcb429da4ee1589f53ee1cb3,2
bs_fcb897a3fe76e93633026878,6
bs_fcca85a945c2a86921e0a98a,7
bs_fccb86ef3f500fba4e7c5706,1
bs_fcdaa50c6eb9b444a26b4e3e,6
bs_fcdc3679d2cab4128ec6da1e,3
bs_fce3c670d361e774e9b44f09,2
bs_fcefe4e1c6a00f0121bfbd79,5
bs_fcf01a4c33266fdf791bfb27,5
bs_fcf17fdae1d8454a242cad95,5
bs_fcf89a9fe0e2ee41caaab2e7,4
bs_fcfc3ebae365721b695c2e0e,0
bs_fd08d8a3e596bcca6664b697,4
bs_fd0daa9c831e2c63107828c7,1
bs_fd139fb21537e30c56f2c127,5
bs_fd146a9bad90de9d09b6a9a9,5
bs_fd15b4b35b09f608846657f9,6
bs_fd1d75da6c37af6502894c21,3
bs_fd21c2d7376931a392823cd5,3
bs_fd25b4349f4a6b7566213297,2
bs_fd2bdf1aa3e8016303af9e71,3
bs_fd2e1775532d335983356559,3
bs_fd3245afcbbb9916647d35cf,2
bs_fd3464032b5b7111a7cdcb04,7
bs_fd3fc1a535e54e02f128f382,6
bs_fd40ed72d5503cfdedf3bd73,5
bs_fd477f0cfdf73abbba90f503,2
bs_fd4a4409c3f2e8ee86f02463,5
bs_fd530dddc3d7f4acbbd8a7f6,5
bs_fd5469b894b3d8129c483e32,3
bs_fd5e9bcf2ce44df07062a3ca,4
bs_fd603cdb7fb6eb7ca765be3f,4
bs_fd61a8804ea4b6eea58bde6d,3
bs_fd6789308ac4a3c8ab9e02a8,2
bs_fd68a00e398dc92f2932fb94,7
bs_fd6b6a20b98056d2ed07b828,1
bs_fd7362cd05acc2988c1daf0b,7
bs_fd89d989f59e92a452f09f47,4
bs_fd8b227967e23e8dada03c0d,7
bs_fd8ef549441794adcbfc780a,5
bs_fd8ff55d0c557bc6f7d9919a,2
bs_fd923231c9738be671537a59,4
bs_fd9d1c480569a78c5f66f54d,3
bs_fd9ffc6a0e05c1c1d37b0fe2,6
bs_fda2f9b271c1b1f6ac487856,7
bs_fda5078fb15756465c42dd5a,7
bs_fda6f9877c5264676d3b74bf,3
bs_fdb7c6941d025a015deacb91,7
bs_fdbe248021ab12e0f91baec5,2
bs_fdc18ce3ca63e8ecb8cceb99,3
bs_fdcac5f5ace9c997e6acf693,2
bs_fdcb9bc5ad364a094c648393,3
bs_fdcf444f94a4d07a0cd2c142,7
bs_fdd6db0a42fc9293919c93cf,7
bs_fddc1f3385b26f5a7271c34f,0
bs_fddd6dfe22ac180504dac823,3
bs_fde10c2818b7ad511c01bb30,5
bs_fdeeaf03e873f7932102b17a,7
bs_fdf0566ae7b8f461202d9e77,5
bs_fdf46ca440c72c7ea66f5dd3,0
bs_fdfeaf0170952417160ad3ca,1
bs_fe09ec66cb231fe3eac2dada,3
bs_fe0b43d92d99a67837c9a6b5,7
bs_fe14f8e317315aa0b21612f3,3
bs_fe15b91f9925e172e27bc796,7
bs_fe19e29e8b41ddc467e99fd1,5
bs_fe1b2c74189436b2c253e3c2,4
bs_fe1b4642c082a838c430424b,1
bs_fe1cf412cb2acde8fb1b9ce6,3
bs_fe296623cee26a727867eb7a,5
bs_fe366603019de0e47e82c924,6
bs_fe3885fcfa8b7e6da15e1374,0
bs_fe450b9a9f26de18ccd94bfa,7
bs_fe45d04df3ef093e23b33e56,5
bs_fe461f2887873cd7b73ccb5e,3
bs_fe55a15d0eba2377a00c6976,6
bs_fe56fa48a4fad40c456bed0b,4
bs_fe594e7b6bd1a2dc554fe0d2,7
bs_fe5c87acc56169af815d5511,5
bs_fe60c311b2fc9006eebc436d,2
bs_fe66b1b7b2869071b15bd413,2
bs_fe6ff2b7020f9f784ada05f2,0
bs_fe70312c6fa5bc7f8e301f08,4
bs_fe712f5263c24d191bdd9e72,0
bs_fe765b7cc0d7cde3e2fa2b19,4
bs_fe7773ca780919eac061ba9c,1
bs_fe7942f15ae36917b4657ecd,4
bs_fe7a2791093db0ceba8720b8,2
bs_fe89fc6666c543724610ab4e,7
bs_fe97de5fef337e297a120039,1
bs_fe9b9c5614db41f55fa605c2,6
bs_fea27fbaaf0d4a7c031d4c08,4
bs_fea94954a1d6fefe1d6ce371,0
bs_feb36d67b411e872d8c3ae5c,5
bs_febc2807f10967fec819b842,0
bs_fec16025653704a9decc8b3b,2
bs_fec45b9b3d9492c415a483e7,0
bs_fec498f097aab64b5687f540,0
bs_fece838274380c6473d68b93,3
bs_fed1183b852b85462979a022,4
bs_fedfb959179f06aee5b1f637,5
bs_fee6dd3e9818e82d621d18fd,6
bs_feea6097f680cb3b3e2f7099,5
bs_feecbf8e1dec4c832dc66fd2,0
bs_fef172bbfdb2d2894a30ea1a,7
bs_fef400cbcdb358642ffbce3a,7
bs_fef734009f623b43785cf216,0
bs_fefacc675305b8386032ff1f,3
bs_ff0b9c00af8eccfd560c291c,2
bs_ff12f8421aa1809a17cc80df,1
bs_ff1a1f55aa97df5b003de5cf,3
bs_ff1c449b371342bde454e1a6,6
bs_ff1cc3e90e3a2186cff43095,6
bs_ff1d4f315e938626d7c3d700,7
bs_ff310d2f069917668e69a7b9,1
bs_ff38bf5e74176671775dac5a,6
bs_ff3b03351ef01d4a035f76a8,1
bs_ff3e9f2cb6dc57148bba285b,6
bs_ff406401ca5e8046acc3ea41,5
bs_ff4b5d3c817f7d64a7a00145,4
bs_ff4c53311b4db844df169c6f,3
bs_ff4d30e515dd33512ce7de3a,5
bs_ff57bfdcee5c2e262467ab3f,3
bs_ff5dc28bad82ea8a9d6ea64f,7
bs_ff5dfd953d4fa9366253d10e,5
bs_ff692e31f669ac472855d180,5
bs_ff756b72e792d266a9eda2ae,5
bs_ff7edeb5cf2e7deadeec57e0,2
bs_ff80f76539899a5d4eb8e3dd,6
bs_ff8c199d23563b61d8783857,5
bs_ff8c9adbb9be388df968e489,4
bs_ff8de4867eb029045bac23f1,3
bs_ff8eefaeab20d539d942b497,2
bs_ff97cd1b2152931ccb5aeba7,1
bs_ffa2e5e931260417cdf2f3fd,4
bs_ffa8a1db137f106a6d58f9e8,7
bs_ffaf8f586056601336defd7b,4
bs_ffb0d1a736541fa51db29024,5
bs_ffb7b00b180ba5c8d5803223,7
bs_ffbf9bab065fea834fc22eb1,6
bs_ffc8f3f571b9678845d2b69e,4
bs_ffcc4e10d8e9436070308fdb,1
bs_ffd7ca59ce2b0ae3f9707731,1
bs_ffeb0f4ba042e3d93f9f2ae4,3
bs_fffbbc777dc40ff2544308f6,7
